Date,0605800,simulated_1015,0601000,simulated_1024
2016-01-01T00:00:00,,,,
2016-01-02T00:00:00,,,,
2016-01-03T00:00:00,,,,
2016-01-04T00:00:00,,,,
2016-01-05T00:00:00,,,,
2016-01-06T00:00:00,,,,
2016-01-07T00:00:00,,,,
2016-01-08T00:00:00,,,,
2016-01-09T00:00:00,,,,
2016-01-10T00:00:00,,,,
2016-01-11T00:00:00,,,,
2016-01-12T00:00:00,,,,
2016-01-13T00:00:00,,,,
2016-01-14T00:00:00,,,,
2016-01-15T00:00:00,,,,
2016-01-16T00:00:00,,,,
2016-01-17T00:00:00,,,,
2016-01-18T00:00:00,,,,
2016-01-19T00:00:00,,,,
2016-01-20T00:00:00,,,,
2016-01-21T00:00:00,,,,
2016-01-22T00:00:00,,,,
2016-01-23T00:00:00,,,,
2016-01-24T00:00:00,,,,
2016-01-25T00:00:00,,,,
2016-01-26T00:00:00,,,,
2016-01-27T00:00:00,,,,
2016-01-28T00:00:00,,,,
2016-01-29T00:00:00,,,,
2016-01-30T00:00:00,,,,
2016-01-31T00:00:00,,,,
2016-02-01T00:00:00,,,,
2016-02-02T00:00:00,,,,
2016-02-03T00:00:00,,,,
2016-02-04T00:00:00,,,,
2016-02-05T00:00:00,,,,
2016-02-06T00:00:00,,,,
2016-02-07T00:00:00,,,,
2016-02-08T00:00:00,,,,
2016-02-09T00:00:00,,,,
2016-02-10T00:00:00,,,,
2016-02-11T00:00:00,,,,
2016-02-12T00:00:00,,,,
2016-02-13T00:00:00,,,,
2016-02-14T00:00:00,,,,
2016-02-15T00:00:00,,,,
2016-02-16T00:00:00,,,,
2016-02-17T00:00:00,,,,
2016-02-18T00:00:00,,,,
2016-02-19T00:00:00,,,,
2016-02-20T00:00:00,,,,
2016-02-21T00:00:00,,,,
2016-02-22T00:00:00,,,,
2016-02-23T00:00:00,,,,
2016-02-24T00:00:00,,,,
2016-02-25T00:00:00,,,,
2016-02-26T00:00:00,,,,
2016-02-27T00:00:00,,,,
2016-02-28T00:00:00,,,,
2016-02-29T00:00:00,,,,
2016-03-01T00:00:00,,,,
2016-03-02T00:00:00,,,,
2016-03-03T00:00:00,,,,
2016-03-04T00:00:00,,,,
2016-03-05T00:00:00,,,,
2016-03-06T00:00:00,,,,
2016-03-07T00:00:00,,,,
2016-03-08T00:00:00,,,,
2016-03-09T00:00:00,,,,
2016-03-10T00:00:00,,,,
2016-03-11T00:00:00,,,,
2016-03-12T00:00:00,,,,
2016-03-13T00:00:00,,,,
2016-03-14T00:00:00,,,,
2016-03-15T00:00:00,,,,
2016-03-16T00:00:00,,,,
2016-03-17T00:00:00,,,,
2016-03-18T00:00:00,,,,
2016-03-19T00:00:00,,,,
2016-03-20T00:00:00,,,,
2016-03-21T00:00:00,,,,
2016-03-22T00:00:00,,,,
2016-03-23T00:00:00,,,,
2016-03-24T00:00:00,,,,
2016-03-25T00:00:00,,,,
2016-03-26T00:00:00,,,,
2016-03-27T00:00:00,,,,
2016-03-28T00:00:00,,,,
2016-03-29T00:00:00,,,,
2016-03-30T00:00:00,,,,
2016-03-31T00:00:00,,,,
2016-04-01T00:00:00,,,,
2016-04-02T00:00:00,,,,
2016-04-03T00:00:00,,,,
2016-04-04T00:00:00,,,,
2016-04-05T00:00:00,,,,
2016-04-06T00:00:00,,,,
2016-04-07T00:00:00,,,,
2016-04-08T00:00:00,,,,
2016-04-09T00:00:00,,,,
2016-04-10T00:00:00,,,,
2016-04-11T00:00:00,,,,
2016-04-12T00:00:00,,,,
2016-04-13T00:00:00,,,,
2016-04-14T00:00:00,,,,
2016-04-15T00:00:00,,,,
2016-04-16T00:00:00,,,,
2016-04-17T00:00:00,,,,
2016-04-18T00:00:00,,,,
2016-04-19T00:00:00,,,,
2016-04-20T00:00:00,,,,
2016-04-21T00:00:00,,,,
2016-04-22T00:00:00,,,,
2016-04-23T00:00:00,,,,
2016-04-24T00:00:00,,,,
2016-04-25T00:00:00,,,,
2016-04-26T00:00:00,,,,
2016-04-27T00:00:00,,,,
2016-04-28T00:00:00,,,,
2016-04-29T00:00:00,,,,
2016-04-30T00:00:00,,,,
2016-05-01T00:00:00,,,,
2016-05-02T00:00:00,,,,
2016-05-03T00:00:00,,,,
2016-05-04T00:00:00,,,,
2016-05-05T00:00:00,,,,
2016-05-06T00:00:00,,,,
2016-05-07T00:00:00,,,,
2016-05-08T00:00:00,,,,
2016-05-09T00:00:00,,,,
2016-05-10T00:00:00,,,,
2016-05-11T00:00:00,,,,
2016-05-12T00:00:00,,,,
2016-05-13T00:00:00,,,,
2016-05-14T00:00:00,,,,
2016-05-15T00:00:00,,,,
2016-05-16T00:00:00,,,,
2016-05-17T00:00:00,,,,
2016-05-18T00:00:00,,,,
2016-05-19T00:00:00,,,,
2016-05-20T00:00:00,,,,
2016-05-21T00:00:00,,,,
2016-05-22T00:00:00,,,,
2016-05-23T00:00:00,,,,
2016-05-24T00:00:00,,,,
2016-05-25T00:00:00,,,,
2016-05-26T00:00:00,,,,
2016-05-27T00:00:00,,,,
2016-05-28T00:00:00,,,,
2016-05-29T00:00:00,,,,
2016-05-30T00:00:00,,,,
2016-05-31T00:00:00,,,,
2016-06-01T00:00:00,,,,
2016-06-02T00:00:00,,,,
2016-06-03T00:00:00,,,,
2016-06-04T00:00:00,,,,
2016-06-05T00:00:00,,,,
2016-06-06T00:00:00,,,,
2016-06-07T00:00:00,,,,
2016-06-08T00:00:00,,,,
2016-06-09T00:00:00,,,,
2016-06-10T00:00:00,,,,
2016-06-11T00:00:00,,,,
2016-06-12T00:00:00,,,,
2016-06-13T00:00:00,,,,
2016-06-14T00:00:00,,,,
2016-06-15T00:00:00,,,,
2016-06-16T00:00:00,,,,
2016-06-17T00:00:00,,,,
2016-06-18T00:00:00,,,,
2016-06-19T00:00:00,,,,
2016-06-20T00:00:00,,,,
2016-06-21T00:00:00,,,,
2016-06-22T00:00:00,,,,
2016-06-23T00:00:00,,,,
2016-06-24T00:00:00,,,,
2016-06-25T00:00:00,,,,
2016-06-26T00:00:00,,,,
2016-06-27T00:00:00,,,,
2016-06-28T00:00:00,,,,
2016-06-29T00:00:00,,,,
2016-06-30T00:00:00,,,,
2016-07-01T00:00:00,,,,
2016-07-02T00:00:00,,,,
2016-07-03T00:00:00,,,,
2016-07-04T00:00:00,,,,
2016-07-05T00:00:00,,,,
2016-07-06T00:00:00,,,,
2016-07-07T00:00:00,,,,
2016-07-08T00:00:00,,,,
2016-07-09T00:00:00,,,,
2016-07-10T00:00:00,,,,
2016-07-11T00:00:00,,,,
2016-07-12T00:00:00,,,,
2016-07-13T00:00:00,,,,
2016-07-14T00:00:00,,,,
2016-07-15T00:00:00,,,,
2016-07-16T00:00:00,,,,
2016-07-17T00:00:00,,,,
2016-07-18T00:00:00,,,,
2016-07-19T00:00:00,,,,
2016-07-20T00:00:00,,,,
2016-07-21T00:00:00,,,,
2016-07-22T00:00:00,,,,
2016-07-23T00:00:00,,,,
2016-07-24T00:00:00,,,,
2016-07-25T00:00:00,,,,
2016-07-26T00:00:00,,,,
2016-07-27T00:00:00,,,,
2016-07-28T00:00:00,,,,
2016-07-29T00:00:00,,,,
2016-07-30T00:00:00,,,,
2016-07-31T00:00:00,,,,
2016-08-01T00:00:00,,,,
2016-08-02T00:00:00,,,,
2016-08-03T00:00:00,,,,
2016-08-04T00:00:00,,,,
2016-08-05T00:00:00,,,,
2016-08-06T00:00:00,,,,
2016-08-07T00:00:00,,,,
2016-08-08T00:00:00,,,,
2016-08-09T00:00:00,,,,
2016-08-10T00:00:00,,,,
2016-08-11T00:00:00,,,,
2016-08-12T00:00:00,,,,
2016-08-13T00:00:00,,,,
2016-08-14T00:00:00,,,,
2016-08-15T00:00:00,,,,
2016-08-16T00:00:00,,,,
2016-08-17T00:00:00,,,,
2016-08-18T00:00:00,,,,
2016-08-19T00:00:00,,,,
2016-08-20T00:00:00,,,,
2016-08-21T00:00:00,,,,
2016-08-22T00:00:00,,,,
2016-08-23T00:00:00,,,,
2016-08-24T00:00:00,,,,
2016-08-25T00:00:00,,,,
2016-08-26T00:00:00,,,,
2016-08-27T00:00:00,,,,
2016-08-28T00:00:00,,,,
2016-08-29T00:00:00,,,,
2016-08-30T00:00:00,,,,
2016-08-31T00:00:00,,,,
2016-09-01T00:00:00,,,,
2016-09-02T00:00:00,,,,
2016-09-03T00:00:00,,,,
2016-09-04T00:00:00,,,,
2016-09-05T00:00:00,,,,
2016-09-06T00:00:00,,,,
2016-09-07T00:00:00,,,,
2016-09-08T00:00:00,,,,
2016-09-09T00:00:00,,,,
2016-09-10T00:00:00,,,,
2016-09-11T00:00:00,,,,
2016-09-12T00:00:00,,,,
2016-09-13T00:00:00,,,,
2016-09-14T00:00:00,,,,
2016-09-15T00:00:00,,,,
2016-09-16T00:00:00,,,,
2016-09-17T00:00:00,,,,
2016-09-18T00:00:00,,,,
2016-09-19T00:00:00,,,,
2016-09-20T00:00:00,,,,
2016-09-21T00:00:00,,,,
2016-09-22T00:00:00,,,,
2016-09-23T00:00:00,,,,
2016-09-24T00:00:00,,,,
2016-09-25T00:00:00,,,,
2016-09-26T00:00:00,,,,
2016-09-27T00:00:00,,,,
2016-09-28T00:00:00,,,,
2016-09-29T00:00:00,,,,
2016-09-30T00:00:00,,,,
2016-10-01T00:00:00,,,,
2016-10-02T00:00:00,,,,
2016-10-03T00:00:00,,,,
2016-10-04T00:00:00,,,,
2016-10-05T00:00:00,,,,
2016-10-06T00:00:00,,,,
2016-10-07T00:00:00,,,,
2016-10-08T00:00:00,,,,
2016-10-09T00:00:00,,,,
2016-10-10T00:00:00,,,,
2016-10-11T00:00:00,,,,
2016-10-12T00:00:00,,,,
2016-10-13T00:00:00,,,,
2016-10-14T00:00:00,,,,
2016-10-15T00:00:00,,,,
2016-10-16T00:00:00,,,,
2016-10-17T00:00:00,,,,
2016-10-18T00:00:00,,,,
2016-10-19T00:00:00,,,,
2016-10-20T00:00:00,,,,
2016-10-21T00:00:00,,,,
2016-10-22T00:00:00,,,,
2016-10-23T00:00:00,,,,
2016-10-24T00:00:00,,,,
2016-10-25T00:00:00,,,,
2016-10-26T00:00:00,,,,
2016-10-27T00:00:00,,,,
2016-10-28T00:00:00,,,,
2016-10-29T00:00:00,,,,
2016-10-30T00:00:00,,,,
2016-10-31T00:00:00,,,,
2016-11-01T00:00:00,,,,
2016-11-02T00:00:00,,,,
2016-11-03T00:00:00,,,,
2016-11-04T00:00:00,,,,
2016-11-05T00:00:00,,,,
2016-11-06T00:00:00,,,,
2016-11-07T00:00:00,,,,
2016-11-08T00:00:00,,,,
2016-11-09T00:00:00,,,,
2016-11-10T00:00:00,,,,
2016-11-11T00:00:00,,,,
2016-11-12T00:00:00,,,,
2016-11-13T00:00:00,,,,
2016-11-14T00:00:00,,,,
2016-11-15T00:00:00,,,,
2016-11-16T00:00:00,,,,
2016-11-17T00:00:00,,,,
2016-11-18T00:00:00,,,,
2016-11-19T00:00:00,,,,
2016-11-20T00:00:00,,,,
2016-11-21T00:00:00,,,,
2016-11-22T00:00:00,,,,
2016-11-23T00:00:00,,,,
2016-11-24T00:00:00,,,,
2016-11-25T00:00:00,,,,
2016-11-26T00:00:00,,,,
2016-11-27T00:00:00,,,,
2016-11-28T00:00:00,,,,
2016-11-29T00:00:00,,,,
2016-11-30T00:00:00,,,,
2016-12-01T00:00:00,,,,
2016-12-02T00:00:00,,,,
2016-12-03T00:00:00,,,,
2016-12-04T00:00:00,,,,
2016-12-05T00:00:00,,,,
2016-12-06T00:00:00,,,,
2016-12-07T00:00:00,,,,
2016-12-08T00:00:00,,,,
2016-12-09T00:00:00,,,,
2016-12-10T00:00:00,,,,
2016-12-11T00:00:00,,,,
2016-12-12T00:00:00,,,,
2016-12-13T00:00:00,,,,
2016-12-14T00:00:00,,,,
2016-12-15T00:00:00,,,,
2016-12-16T00:00:00,,,,
2016-12-17T00:00:00,,,,
2016-12-18T00:00:00,,,,
2016-12-19T00:00:00,,,,
2016-12-20T00:00:00,,,,
2016-12-21T00:00:00,,,,
2016-12-22T00:00:00,,,,
2016-12-23T00:00:00,,,,
2016-12-24T00:00:00,,,,
2016-12-25T00:00:00,,,,
2016-12-26T00:00:00,,,,
2016-12-27T00:00:00,,,,
2016-12-28T00:00:00,,,,
2016-12-29T00:00:00,,,,
2016-12-30T00:00:00,,,,
2016-12-31T00:00:00,,,,
2017-01-01T00:00:00,,,,
2017-01-02T00:00:00,,,,
2017-01-03T00:00:00,,,,
2017-01-04T00:00:00,,,,
2017-01-05T00:00:00,,,,
2017-01-06T00:00:00,,,,
2017-01-07T00:00:00,,,,
2017-01-08T00:00:00,,,,
2017-01-09T00:00:00,,,,
2017-01-10T00:00:00,,,,
2017-01-11T00:00:00,,,,
2017-01-12T00:00:00,,,,
2017-01-13T00:00:00,,,,
2017-01-14T00:00:00,,,,
2017-01-15T00:00:00,,,,
2017-01-16T00:00:00,,,,
2017-01-17T00:00:00,,,,
2017-01-18T00:00:00,,,,
2017-01-19T00:00:00,,,,
2017-01-20T00:00:00,,,,
2017-01-21T00:00:00,,,,
2017-01-22T00:00:00,,,,
2017-01-23T00:00:00,,,,
2017-01-24T00:00:00,,,,
2017-01-25T00:00:00,,,,
2017-01-26T00:00:00,,,,
2017-01-27T00:00:00,,,,
2017-01-28T00:00:00,,,,
2017-01-29T00:00:00,,,,
2017-01-30T00:00:00,,,,
2017-01-31T00:00:00,,,,
2017-02-01T00:00:00,,,,
2017-02-02T00:00:00,,,,
2017-02-03T00:00:00,,,,
2017-02-04T00:00:00,,,,
2017-02-05T00:00:00,,,,
2017-02-06T00:00:00,,,,
2017-02-07T00:00:00,,,,
2017-02-08T00:00:00,,,,
2017-02-09T00:00:00,,,,
2017-02-10T00:00:00,,,,
2017-02-11T00:00:00,,,,
2017-02-12T00:00:00,,,,
2017-02-13T00:00:00,,,,
2017-02-14T00:00:00,,,,
2017-02-15T00:00:00,,,,
2017-02-16T00:00:00,,,,
2017-02-17T00:00:00,,,,
2017-02-18T00:00:00,,,,
2017-02-19T00:00:00,,,,
2017-02-20T00:00:00,,,,
2017-02-21T00:00:00,,,,
2017-02-22T00:00:00,,,,
2017-02-23T00:00:00,,,,
2017-02-24T00:00:00,,,,
2017-02-25T00:00:00,,,,
2017-02-26T00:00:00,,,,
2017-02-27T00:00:00,,,,
2017-02-28T00:00:00,,,,
2017-03-01T00:00:00,,,,
2017-03-02T00:00:00,,,,
2017-03-03T00:00:00,,,,
2017-03-04T00:00:00,,,,
2017-03-05T00:00:00,,,,
2017-03-06T00:00:00,,,,
2017-03-07T00:00:00,,,,
2017-03-08T00:00:00,,,,
2017-03-09T00:00:00,,,,
2017-03-10T00:00:00,,,,
2017-03-11T00:00:00,,,,
2017-03-12T00:00:00,,,,
2017-03-13T00:00:00,,,,
2017-03-14T00:00:00,,,,
2017-03-15T00:00:00,,,,
2017-03-16T00:00:00,,,,
2017-03-17T00:00:00,,,,
2017-03-18T00:00:00,,,,
2017-03-19T00:00:00,,,,
2017-03-20T00:00:00,,,,
2017-03-21T00:00:00,,,,
2017-03-22T00:00:00,,,,
2017-03-23T00:00:00,,,,
2017-03-24T00:00:00,,,,
2017-03-25T00:00:00,,,,
2017-03-26T00:00:00,,,,
2017-03-27T00:00:00,,,,
2017-03-28T00:00:00,,,,
2017-03-29T00:00:00,,,,
2017-03-30T00:00:00,,,,
2017-03-31T00:00:00,,,,
2017-04-01T00:00:00,,,,
2017-04-02T00:00:00,,,,
2017-04-03T00:00:00,,,,
2017-04-04T00:00:00,,,,
2017-04-05T00:00:00,,,,
2017-04-06T00:00:00,,,,
2017-04-07T00:00:00,,,,
2017-04-08T00:00:00,,,,
2017-04-09T00:00:00,,,,
2017-04-10T00:00:00,,,,
2017-04-11T00:00:00,,,,
2017-04-12T00:00:00,,,,
2017-04-13T00:00:00,,,,
2017-04-14T00:00:00,,,,
2017-04-15T00:00:00,,,,
2017-04-16T00:00:00,,,,
2017-04-17T00:00:00,,,,
2017-04-18T00:00:00,,,,
2017-04-19T00:00:00,,,,
2017-04-20T00:00:00,,,,
2017-04-21T00:00:00,,,,
2017-04-22T00:00:00,,,,
2017-04-23T00:00:00,,,,
2017-04-24T00:00:00,,,,
2017-04-25T00:00:00,,,,
2017-04-26T00:00:00,,,,
2017-04-27T00:00:00,,,,
2017-04-28T00:00:00,,,,
2017-04-29T00:00:00,,,,
2017-04-30T00:00:00,,,,
2017-05-01T00:00:00,,,,
2017-05-02T00:00:00,,,,
2017-05-03T00:00:00,,,,
2017-05-04T00:00:00,,,,
2017-05-05T00:00:00,,,,
2017-05-06T00:00:00,,,,
2017-05-07T00:00:00,,,,
2017-05-08T00:00:00,,,,
2017-05-09T00:00:00,,,,
2017-05-10T00:00:00,,,,
2017-05-11T00:00:00,,,,
2017-05-12T00:00:00,,,,
2017-05-13T00:00:00,,,,
2017-05-14T00:00:00,,,,
2017-05-15T00:00:00,,,,
2017-05-16T00:00:00,,,,
2017-05-17T00:00:00,,,,
2017-05-18T00:00:00,,,,
2017-05-19T00:00:00,,,,
2017-05-20T00:00:00,,,,
2017-05-21T00:00:00,,,,
2017-05-22T00:00:00,,,,
2017-05-23T00:00:00,,,,
2017-05-24T00:00:00,,,,
2017-05-25T00:00:00,,,,
2017-05-26T00:00:00,,,,
2017-05-27T00:00:00,,,,
2017-05-28T00:00:00,,,,
2017-05-29T00:00:00,,,,
2017-05-30T00:00:00,,,,
2017-05-31T00:00:00,,,,
2017-06-01T00:00:00,,,,
2017-06-02T00:00:00,,,,
2017-06-03T00:00:00,,,,
2017-06-04T00:00:00,,,,
2017-06-05T00:00:00,,,,
2017-06-06T00:00:00,,,,
2017-06-07T00:00:00,,,,
2017-06-08T00:00:00,,,,
2017-06-09T00:00:00,,,,
2017-06-10T00:00:00,,,,
2017-06-11T00:00:00,,,,
2017-06-12T00:00:00,,,,
2017-06-13T00:00:00,,,,
2017-06-14T00:00:00,,,,
2017-06-15T00:00:00,,,,
2017-06-16T00:00:00,,,,
2017-06-17T00:00:00,,,,
2017-06-18T00:00:00,,,,
2017-06-19T00:00:00,,,,
2017-06-20T00:00:00,,,,
2017-06-21T00:00:00,,,,
2017-06-22T00:00:00,,,,
2017-06-23T00:00:00,,,,
2017-06-24T00:00:00,,,,
2017-06-25T00:00:00,,,,
2017-06-26T00:00:00,,,,
2017-06-27T00:00:00,,,,
2017-06-28T00:00:00,,,,
2017-06-29T00:00:00,,,,
2017-06-30T00:00:00,,,,
2017-07-01T00:00:00,,,,
2017-07-02T00:00:00,,,,
2017-07-03T00:00:00,,,,
2017-07-04T00:00:00,,,,
2017-07-05T00:00:00,,,,
2017-07-06T00:00:00,,,,
2017-07-07T00:00:00,,,,
2017-07-08T00:00:00,,,,
2017-07-09T00:00:00,,,,
2017-07-10T00:00:00,,,,
2017-07-11T00:00:00,,,,
2017-07-12T00:00:00,,,,
2017-07-13T00:00:00,,,,
2017-07-14T00:00:00,,,,
2017-07-15T00:00:00,,,,
2017-07-16T00:00:00,,,,
2017-07-17T00:00:00,,,,
2017-07-18T00:00:00,,,,
2017-07-19T00:00:00,,,,
2017-07-20T00:00:00,,,,
2017-07-21T00:00:00,,,,
2017-07-22T00:00:00,,,,
2017-07-23T00:00:00,,,,
2017-07-24T00:00:00,,,,
2017-07-25T00:00:00,,,,
2017-07-26T00:00:00,,,,
2017-07-27T00:00:00,,,,
2017-07-28T00:00:00,,,,
2017-07-29T00:00:00,,,,
2017-07-30T00:00:00,,,,
2017-07-31T00:00:00,,,,
2017-08-01T00:00:00,,,,
2017-08-02T00:00:00,,,,
2017-08-03T00:00:00,,,,
2017-08-04T00:00:00,,,,
2017-08-05T00:00:00,,,,
2017-08-06T00:00:00,,,,
2017-08-07T00:00:00,,,,
2017-08-08T00:00:00,,,,
2017-08-09T00:00:00,,,,
2017-08-10T00:00:00,,,,
2017-08-11T00:00:00,,,,
2017-08-12T00:00:00,,,,
2017-08-13T00:00:00,,,,
2017-08-14T00:00:00,,,,
2017-08-15T00:00:00,,,,
2017-08-16T00:00:00,,,,
2017-08-17T00:00:00,,,,
2017-08-18T00:00:00,,,,
2017-08-19T00:00:00,,,,
2017-08-20T00:00:00,,,,
2017-08-21T00:00:00,,,,
2017-08-22T00:00:00,,,,
2017-08-23T00:00:00,,,,
2017-08-24T00:00:00,,,,
2017-08-25T00:00:00,,,,
2017-08-26T00:00:00,,,,
2017-08-27T00:00:00,,,,
2017-08-28T00:00:00,,,,
2017-08-29T00:00:00,,,,
2017-08-30T00:00:00,,,,
2017-08-31T00:00:00,,,,
2017-09-01T00:00:00,,,,
2017-09-02T00:00:00,,,,
2017-09-03T00:00:00,,,,
2017-09-04T00:00:00,,,,
2017-09-05T00:00:00,,,,
2017-09-06T00:00:00,,,,
2017-09-07T00:00:00,,,,
2017-09-08T00:00:00,,,,
2017-09-09T00:00:00,,,,
2017-09-10T00:00:00,,,,
2017-09-11T00:00:00,,,,
2017-09-12T00:00:00,,,,
2017-09-13T00:00:00,,,,
2017-09-14T00:00:00,,,,
2017-09-15T00:00:00,,,,
2017-09-16T00:00:00,,,,
2017-09-17T00:00:00,,,,
2017-09-18T00:00:00,,,,
2017-09-19T00:00:00,,,,
2017-09-20T00:00:00,,,,
2017-09-21T00:00:00,,,,
2017-09-22T00:00:00,,,,
2017-09-23T00:00:00,,,,
2017-09-24T00:00:00,,,,
2017-09-25T00:00:00,,,,
2017-09-26T00:00:00,,,,
2017-09-27T00:00:00,,,,
2017-09-28T00:00:00,,,,
2017-09-29T00:00:00,,,,
2017-09-30T00:00:00,,,,
2017-10-01T00:00:00,,,,
2017-10-02T00:00:00,,,,
2017-10-03T00:00:00,,,,
2017-10-04T00:00:00,,,,
2017-10-05T00:00:00,,,,
2017-10-06T00:00:00,,,,
2017-10-07T00:00:00,,,,
2017-10-08T00:00:00,,,,
2017-10-09T00:00:00,,,,
2017-10-10T00:00:00,,,,
2017-10-11T00:00:00,,,,
2017-10-12T00:00:00,,,,
2017-10-13T00:00:00,,,,
2017-10-14T00:00:00,,,,
2017-10-15T00:00:00,,,,
2017-10-16T00:00:00,,,,
2017-10-17T00:00:00,,,,
2017-10-18T00:00:00,,,,
2017-10-19T00:00:00,,,,
2017-10-20T00:00:00,,,,
2017-10-21T00:00:00,,,,
2017-10-22T00:00:00,,,,
2017-10-23T00:00:00,,,,
2017-10-24T00:00:00,,,,
2017-10-25T00:00:00,,,,
2017-10-26T00:00:00,,,,
2017-10-27T00:00:00,,,,
2017-10-28T00:00:00,,,,
2017-10-29T00:00:00,,,,
2017-10-30T00:00:00,,,,
2017-10-31T00:00:00,,,,
2017-11-01T00:00:00,,,,
2017-11-02T00:00:00,,,,
2017-11-03T00:00:00,,,,
2017-11-04T00:00:00,,,,
2017-11-05T00:00:00,,,,
2017-11-06T00:00:00,,,,
2017-11-07T00:00:00,,,,
2017-11-08T00:00:00,,,,
2017-11-09T00:00:00,,,,
2017-11-10T00:00:00,,,,
2017-11-11T00:00:00,,,,
2017-11-12T00:00:00,,,,
2017-11-13T00:00:00,,,,
2017-11-14T00:00:00,,,,
2017-11-15T00:00:00,,,,
2017-11-16T00:00:00,,,,
2017-11-17T00:00:00,,,,
2017-11-18T00:00:00,,,,
2017-11-19T00:00:00,,,,
2017-11-20T00:00:00,,,,
2017-11-21T00:00:00,,,,
2017-11-22T00:00:00,,,,
2017-11-23T00:00:00,,,,
2017-11-24T00:00:00,,,,
2017-11-25T00:00:00,,,,
2017-11-26T00:00:00,,,,
2017-11-27T00:00:00,,,,
2017-11-28T00:00:00,,,,
2017-11-29T00:00:00,,,,
2017-11-30T00:00:00,,,,
2017-12-01T00:00:00,,,,
2017-12-02T00:00:00,,,,
2017-12-03T00:00:00,,,,
2017-12-04T00:00:00,,,,
2017-12-05T00:00:00,,,,
2017-12-06T00:00:00,,,,
2017-12-07T00:00:00,,,,
2017-12-08T00:00:00,,,,
2017-12-09T00:00:00,,,,
2017-12-10T00:00:00,,,,
2017-12-11T00:00:00,,,,
2017-12-12T00:00:00,,,,
2017-12-13T00:00:00,,,,
2017-12-14T00:00:00,,,,
2017-12-15T00:00:00,,,,
2017-12-16T00:00:00,,,,
2017-12-17T00:00:00,,,,
2017-12-18T00:00:00,,,,
2017-12-19T00:00:00,,,,
2017-12-20T00:00:00,,,,
2017-12-21T00:00:00,,,,
2017-12-22T00:00:00,,,,
2017-12-23T00:00:00,,,,
2017-12-24T00:00:00,,,,
2017-12-25T00:00:00,,,,
2017-12-26T00:00:00,,,,
2017-12-27T00:00:00,,,,
2017-12-28T00:00:00,,,,
2017-12-29T00:00:00,,,,
2017-12-30T00:00:00,,,,
2017-12-31T00:00:00,,,,
2018-01-01T00:00:00,,,,
2018-01-02T00:00:00,,,,
2018-01-03T00:00:00,,,,
2018-01-04T00:00:00,,,,
2018-01-05T00:00:00,,,,
2018-01-06T00:00:00,,,,
2018-01-07T00:00:00,,,,
2018-01-08T00:00:00,,,,
2018-01-09T00:00:00,,,,
2018-01-10T00:00:00,,,,
2018-01-11T00:00:00,,,,
2018-01-12T00:00:00,,,,
2018-01-13T00:00:00,,,,
2018-01-14T00:00:00,,,,
2018-01-15T00:00:00,,,,
2018-01-16T00:00:00,,,,
2018-01-17T00:00:00,,,,
2018-01-18T00:00:00,,,,
2018-01-19T00:00:00,,,,
2018-01-20T00:00:00,,,,
2018-01-21T00:00:00,,,,
2018-01-22T00:00:00,,,,
2018-01-23T00:00:00,,,,
2018-01-24T00:00:00,,,,
2018-01-25T00:00:00,,,,
2018-01-26T00:00:00,,,,
2018-01-27T00:00:00,,,,
2018-01-28T00:00:00,,,,
2018-01-29T00:00:00,,,,
2018-01-30T00:00:00,,,,
2018-01-31T00:00:00,,,,
2018-02-01T00:00:00,,,,
2018-02-02T00:00:00,,,,
2018-02-03T00:00:00,,,,
2018-02-04T00:00:00,,,,
2018-02-05T00:00:00,,,,
2018-02-06T00:00:00,,,,
2018-02-07T00:00:00,,,,
2018-02-08T00:00:00,,,,
2018-02-09T00:00:00,,,,
2018-02-10T00:00:00,,,,
2018-02-11T00:00:00,,,,
2018-02-12T00:00:00,,,,
2018-02-13T00:00:00,,,,
2018-02-14T00:00:00,,,,
2018-02-15T00:00:00,,,,
2018-02-16T00:00:00,,,,
2018-02-17T00:00:00,,,,
2018-02-18T00:00:00,,,,
2018-02-19T00:00:00,,,,
2018-02-20T00:00:00,,,,
2018-02-21T00:00:00,,,,
2018-02-22T00:00:00,,,,
2018-02-23T00:00:00,,,,
2018-02-24T00:00:00,,,,
2018-02-25T00:00:00,,,,
2018-02-26T00:00:00,,,,
2018-02-27T00:00:00,,,,
2018-02-28T00:00:00,,,,
2018-03-01T00:00:00,,,,
2018-03-02T00:00:00,,,,
2018-03-03T00:00:00,,,,
2018-03-04T00:00:00,,,,
2018-03-05T00:00:00,,,,
2018-03-06T00:00:00,,,,
2018-03-07T00:00:00,,,,
2018-03-08T00:00:00,,,,
2018-03-09T00:00:00,,,,
2018-03-10T00:00:00,,,,
2018-03-11T00:00:00,,,,
2018-03-12T00:00:00,,,,
2018-03-13T00:00:00,,,,
2018-03-14T00:00:00,,,,
2018-03-15T00:00:00,,,,
2018-03-16T00:00:00,,,,
2018-03-17T00:00:00,,,,
2018-03-18T00:00:00,,,,
2018-03-19T00:00:00,,,,
2018-03-20T00:00:00,,,,
2018-03-21T00:00:00,,,,
2018-03-22T00:00:00,,,,
2018-03-23T00:00:00,,,,
2018-03-24T00:00:00,,,,
2018-03-25T00:00:00,,,,
2018-03-26T00:00:00,,,,
2018-03-27T00:00:00,,,,
2018-03-28T00:00:00,,,,
2018-03-29T00:00:00,,,,
2018-03-30T00:00:00,,,,
2018-03-31T00:00:00,,,,
2018-04-01T00:00:00,,,,
2018-04-02T00:00:00,,,,
2018-04-03T00:00:00,,,,
2018-04-04T00:00:00,,,,
2018-04-05T00:00:00,,,,
2018-04-06T00:00:00,,,,
2018-04-07T00:00:00,,,,
2018-04-08T00:00:00,,,,
2018-04-09T00:00:00,,,,
2018-04-10T00:00:00,,,,
2018-04-11T00:00:00,,,,
2018-04-12T00:00:00,,,,
2018-04-13T00:00:00,,,,
2018-04-14T00:00:00,,,,
2018-04-15T00:00:00,,,,
2018-04-16T00:00:00,,,,
2018-04-17T00:00:00,,,,
2018-04-18T00:00:00,,,,
2018-04-19T00:00:00,,,,
2018-04-20T00:00:00,,,,
2018-04-21T00:00:00,,,,
2018-04-22T00:00:00,,,,
2018-04-23T00:00:00,,,,
2018-04-24T00:00:00,,,,
2018-04-25T00:00:00,,,,
2018-04-26T00:00:00,,,,
2018-04-27T00:00:00,,,,
2018-04-28T00:00:00,,,,
2018-04-29T00:00:00,,,,
2018-04-30T00:00:00,,,,
2018-05-01T00:00:00,,,,
2018-05-02T00:00:00,,,,
2018-05-03T00:00:00,,,,
2018-05-04T00:00:00,,,,
2018-05-05T00:00:00,,,,
2018-05-06T00:00:00,,,,
2018-05-07T00:00:00,,,,
2018-05-08T00:00:00,,,,
2018-05-09T00:00:00,,,,
2018-05-10T00:00:00,,,,
2018-05-11T00:00:00,,,,
2018-05-12T00:00:00,,,,
2018-05-13T00:00:00,,,,
2018-05-14T00:00:00,,,,
2018-05-15T00:00:00,,,,
2018-05-16T00:00:00,,,,
2018-05-17T00:00:00,,,,
2018-05-18T00:00:00,,,,
2018-05-19T00:00:00,,,,
2018-05-20T00:00:00,,,,
2018-05-21T00:00:00,,,,
2018-05-22T00:00:00,,,,
2018-05-23T00:00:00,,,,
2018-05-24T00:00:00,,,,
2018-05-25T00:00:00,,,,
2018-05-26T00:00:00,,,,
2018-05-27T00:00:00,,,,
2018-05-28T00:00:00,,,,
2018-05-29T00:00:00,,,,
2018-05-30T00:00:00,,,,
2018-05-31T00:00:00,,,,
2018-06-01T00:00:00,,,,
2018-06-02T00:00:00,,,,
2018-06-03T00:00:00,,,,
2018-06-04T00:00:00,,,,
2018-06-05T00:00:00,,,,
2018-06-06T00:00:00,,,,
2018-06-07T00:00:00,,,,
2018-06-08T00:00:00,,,,
2018-06-09T00:00:00,,,,
2018-06-10T00:00:00,,,,
2018-06-11T00:00:00,,,,
2018-06-12T00:00:00,,,,
2018-06-13T00:00:00,,,,
2018-06-14T00:00:00,,,,
2018-06-15T00:00:00,,,,
2018-06-16T00:00:00,,,,
2018-06-17T00:00:00,,,,
2018-06-18T00:00:00,,,,
2018-06-19T00:00:00,,,,
2018-06-20T00:00:00,,,,
2018-06-21T00:00:00,,,,
2018-06-22T00:00:00,,,,
2018-06-23T00:00:00,,,,
2018-06-24T00:00:00,,,,
2018-06-25T00:00:00,,,,
2018-06-26T00:00:00,,,,
2018-06-27T00:00:00,,,,
2018-06-28T00:00:00,,,,
2018-06-29T00:00:00,,,,
2018-06-30T00:00:00,,,,
2018-07-01T00:00:00,,,,
2018-07-02T00:00:00,,,,
2018-07-03T00:00:00,,,,
2018-07-04T00:00:00,,,,
2018-07-05T00:00:00,,,,
2018-07-06T00:00:00,,,,
2018-07-07T00:00:00,,,,
2018-07-08T00:00:00,,,,
2018-07-09T00:00:00,,,,
2018-07-10T00:00:00,,,,
2018-07-11T00:00:00,,,,
2018-07-12T00:00:00,,,,
2018-07-13T00:00:00,,,,
2018-07-14T00:00:00,,,,
2018-07-15T00:00:00,,,,
2018-07-16T00:00:00,,,,
2018-07-17T00:00:00,,,,
2018-07-18T00:00:00,,,,
2018-07-19T00:00:00,,,,
2018-07-20T00:00:00,,,,
2018-07-21T00:00:00,,,,
2018-07-22T00:00:00,,,,
2018-07-23T00:00:00,,,,
2018-07-24T00:00:00,,,,
2018-07-25T00:00:00,,,,
2018-07-26T00:00:00,,,,
2018-07-27T00:00:00,,,,
2018-07-28T00:00:00,,,,
2018-07-29T00:00:00,,,,
2018-07-30T00:00:00,,,,
2018-07-31T00:00:00,,,,
2018-08-01T00:00:00,,,,
2018-08-02T00:00:00,,,,
2018-08-03T00:00:00,,,,
2018-08-04T00:00:00,,,,
2018-08-05T00:00:00,,,,
2018-08-06T00:00:00,,,,
2018-08-07T00:00:00,,,,
2018-08-08T00:00:00,,,,
2018-08-09T00:00:00,,,,
2018-08-10T00:00:00,,,,
2018-08-11T00:00:00,,,,
2018-08-12T00:00:00,,,,
2018-08-13T00:00:00,,,,
2018-08-14T00:00:00,,,,
2018-08-15T00:00:00,,,,
2018-08-16T00:00:00,,,,
2018-08-17T00:00:00,,,,
2018-08-18T00:00:00,,,,
2018-08-19T00:00:00,,,,
2018-08-20T00:00:00,,,,
2018-08-21T00:00:00,,,,
2018-08-22T00:00:00,,,,
2018-08-23T00:00:00,,,,
2018-08-24T00:00:00,,,,
2018-08-25T00:00:00,,,,
2018-08-26T00:00:00,,,,
2018-08-27T00:00:00,,,,
2018-08-28T00:00:00,,,,
2018-08-29T00:00:00,,,,
2018-08-30T00:00:00,,,,
2018-08-31T00:00:00,,,,
2018-09-01T00:00:00,,,,
2018-09-02T00:00:00,,,,
2018-09-03T00:00:00,,,,
2018-09-04T00:00:00,,,,
2018-09-05T00:00:00,,,,
2018-09-06T00:00:00,,,,
2018-09-07T00:00:00,,,,
2018-09-08T00:00:00,,,,
2018-09-09T00:00:00,,,,
2018-09-10T00:00:00,,,,
2018-09-11T00:00:00,,,,
2018-09-12T00:00:00,,,,
2018-09-13T00:00:00,,,,
2018-09-14T00:00:00,,,,
2018-09-15T00:00:00,,,,
2018-09-16T00:00:00,,,,
2018-09-17T00:00:00,,,,
2018-09-18T00:00:00,,,,
2018-09-19T00:00:00,,,,
2018-09-20T00:00:00,,,,
2018-09-21T00:00:00,,,,
2018-09-22T00:00:00,,,,
2018-09-23T00:00:00,,,,
2018-09-24T00:00:00,,,,
2018-09-25T00:00:00,,,,
2018-09-26T00:00:00,,,,
2018-09-27T00:00:00,,,,
2018-09-28T00:00:00,,,,
2018-09-29T00:00:00,,,,
2018-09-30T00:00:00,,,,
2018-10-01T00:00:00,,,,
2018-10-02T00:00:00,,,,
2018-10-03T00:00:00,,,,
2018-10-04T00:00:00,,,,
2018-10-05T00:00:00,,,,
2018-10-06T00:00:00,,,,
2018-10-07T00:00:00,,,,
2018-10-08T00:00:00,,,,
2018-10-09T00:00:00,,,,
2018-10-10T00:00:00,,,,
2018-10-11T00:00:00,,,,
2018-10-12T00:00:00,,,,
2018-10-13T00:00:00,,,,
2018-10-14T00:00:00,,,,
2018-10-15T00:00:00,,,,
2018-10-16T00:00:00,,,,
2018-10-17T00:00:00,,,,
2018-10-18T00:00:00,,,,
2018-10-19T00:00:00,,,,
2018-10-20T00:00:00,,,,
2018-10-21T00:00:00,,,,
2018-10-22T00:00:00,,,,
2018-10-23T00:00:00,,,,
2018-10-24T00:00:00,,,,
2018-10-25T00:00:00,,,,
2018-10-26T00:00:00,,,,
2018-10-27T00:00:00,,,,
2018-10-28T00:00:00,,,,
2018-10-29T00:00:00,,,,
2018-10-30T00:00:00,,,,
2018-10-31T00:00:00,,,,
2018-11-01T00:00:00,,,,
2018-11-02T00:00:00,,,,
2018-11-03T00:00:00,,,,
2018-11-04T00:00:00,,,,
2018-11-05T00:00:00,,,,
2018-11-06T00:00:00,,,,
2018-11-07T00:00:00,,,,
2018-11-08T00:00:00,,,,
2018-11-09T00:00:00,,,,
2018-11-10T00:00:00,,,,
2018-11-11T00:00:00,,,,
2018-11-12T00:00:00,,,,
2018-11-13T00:00:00,,,,
2018-11-14T00:00:00,,,,
2018-11-15T00:00:00,,,,
2018-11-16T00:00:00,,,,
2018-11-17T00:00:00,,,,
2018-11-18T00:00:00,,,,
2018-11-19T00:00:00,,,,
2018-11-20T00:00:00,,,,
2018-11-21T00:00:00,,,,
2018-11-22T00:00:00,,,,
2018-11-23T00:00:00,,,,
2018-11-24T00:00:00,,,,
2018-11-25T00:00:00,,,,
2018-11-26T00:00:00,,,,
2018-11-27T00:00:00,,,,
2018-11-28T00:00:00,,,,
2018-11-29T00:00:00,,,,
2018-11-30T00:00:00,,,,
2018-12-01T00:00:00,,,,
2018-12-02T00:00:00,,,,
2018-12-03T00:00:00,,,,
2018-12-04T00:00:00,,,,
2018-12-05T00:00:00,,,,
2018-12-06T00:00:00,,,,
2018-12-07T00:00:00,,,,
2018-12-08T00:00:00,,,,
2018-12-09T00:00:00,,,,
2018-12-10T00:00:00,,,,
2018-12-11T00:00:00,,,,
2018-12-12T00:00:00,,,,
2018-12-13T00:00:00,,,,
2018-12-14T00:00:00,,,,
2018-12-15T00:00:00,,,,
2018-12-16T00:00:00,,,,
2018-12-17T00:00:00,,,,
2018-12-18T00:00:00,,,,
2018-12-19T00:00:00,,,,
2018-12-20T00:00:00,,,,
2018-12-21T00:00:00,,,,
2018-12-22T00:00:00,,,,
2018-12-23T00:00:00,,,,
2018-12-24T00:00:00,,,,
2018-12-25T00:00:00,,,,
2018-12-26T00:00:00,,,,
2018-12-27T00:00:00,,,,
2018-12-28T00:00:00,,,,
2018-12-29T00:00:00,,,,
2018-12-30T00:00:00,,,,
2018-12-31T00:00:00,,,,
2019-01-01T00:00:00,,,,
2019-01-02T00:00:00,,,,
2019-01-03T00:00:00,,,,
2019-01-04T00:00:00,,,,
2019-01-05T00:00:00,,,,
2019-01-06T00:00:00,,,,
2019-01-07T00:00:00,,,,
2019-01-08T00:00:00,,,,
2019-01-09T00:00:00,,,,
2019-01-10T00:00:00,,,,
2019-01-11T00:00:00,,,,
2019-01-12T00:00:00,,,,
2019-01-13T00:00:00,,,,
2019-01-14T00:00:00,,,,
2019-01-15T00:00:00,,,,
2019-01-16T00:00:00,,,,
2019-01-17T00:00:00,,,,
2019-01-18T00:00:00,,,,
2019-01-19T00:00:00,,,,
2019-01-20T00:00:00,,,,
2019-01-21T00:00:00,,,,
2019-01-22T00:00:00,,,,
2019-01-23T00:00:00,,,,
2019-01-24T00:00:00,,,,
2019-01-25T00:00:00,,,,
2019-01-26T00:00:00,,,,
2019-01-27T00:00:00,,,,
2019-01-28T00:00:00,,,,
2019-01-29T00:00:00,,,,
2019-01-30T00:00:00,,,,
2019-01-31T00:00:00,,,,
2019-02-01T00:00:00,,,,
2019-02-02T00:00:00,,,,
2019-02-03T00:00:00,,,,
2019-02-04T00:00:00,,,,
2019-02-05T00:00:00,,,,
2019-02-06T00:00:00,,,,
2019-02-07T00:00:00,,,,
2019-02-08T00:00:00,,,,
2019-02-09T00:00:00,,,,
2019-02-10T00:00:00,,,,
2019-02-11T00:00:00,,,,
2019-02-12T00:00:00,,,,
2019-02-13T00:00:00,,,,
2019-02-14T00:00:00,,,,
2019-02-15T00:00:00,,,,
2019-02-16T00:00:00,,,,
2019-02-17T00:00:00,,,,
2019-02-18T00:00:00,,,,
2019-02-19T00:00:00,,,,
2019-02-20T00:00:00,,,,
2019-02-21T00:00:00,,,,
2019-02-22T00:00:00,,,,
2019-02-23T00:00:00,,,,
2019-02-24T00:00:00,,,,
2019-02-25T00:00:00,,,,
2019-02-26T00:00:00,,,,
2019-02-27T00:00:00,,,,
2019-02-28T00:00:00,,,,
2019-03-01T00:00:00,,,,
2019-03-02T00:00:00,,,,
2019-03-03T00:00:00,,,,
2019-03-04T00:00:00,,,,
2019-03-05T00:00:00,,,,
2019-03-06T00:00:00,,,,
2019-03-07T00:00:00,,,,
2019-03-08T00:00:00,,,,
2019-03-09T00:00:00,,,,
2019-03-10T00:00:00,,,,
2019-03-11T00:00:00,,,,
2019-03-12T00:00:00,,,,
2019-03-13T00:00:00,,,,
2019-03-14T00:00:00,,,,
2019-03-15T00:00:00,,,,
2019-03-16T00:00:00,,,,
2019-03-17T00:00:00,,,,
2019-03-18T00:00:00,,,,
2019-03-19T00:00:00,,,,
2019-03-20T00:00:00,,,,
2019-03-21T00:00:00,,,,
2019-03-22T00:00:00,,,,
2019-03-23T00:00:00,,,,
2019-03-24T00:00:00,,,,
2019-03-25T00:00:00,,,,
2019-03-26T00:00:00,,,,
2019-03-27T00:00:00,,,,
2019-03-28T00:00:00,,,,
2019-03-29T00:00:00,,,,
2019-03-30T00:00:00,,,,
2019-03-31T00:00:00,,,,
2019-04-01T00:00:00,,,,
2019-04-02T00:00:00,,,,
2019-04-03T00:00:00,,,,
2019-04-04T00:00:00,,,,
2019-04-05T00:00:00,,,,
2019-04-06T00:00:00,,,,
2019-04-07T00:00:00,,,,
2019-04-08T00:00:00,,,,
2019-04-09T00:00:00,,,,
2019-04-10T00:00:00,,,,
2019-04-11T00:00:00,,,,
2019-04-12T00:00:00,,,,
2019-04-13T00:00:00,,,,
2019-04-14T00:00:00,,,,
2019-04-15T00:00:00,,,,
2019-04-16T00:00:00,,,,
2019-04-17T00:00:00,,,,
2019-04-18T00:00:00,,,,
2019-04-19T00:00:00,,,,
2019-04-20T00:00:00,,,,
2019-04-21T00:00:00,,,,
2019-04-22T00:00:00,,,,
2019-04-23T00:00:00,,,,
2019-04-24T00:00:00,,,,
2019-04-25T00:00:00,,,,
2019-04-26T00:00:00,,,,
2019-04-27T00:00:00,,,,
2019-04-28T00:00:00,,,,
2019-04-29T00:00:00,,,,
2019-04-30T00:00:00,,,,
2019-05-01T00:00:00,,,,
2019-05-02T00:00:00,,,,
2019-05-03T00:00:00,,,,
2019-05-04T00:00:00,,,,
2019-05-05T00:00:00,,,,
2019-05-06T00:00:00,,,,
2019-05-07T00:00:00,,,,
2019-05-08T00:00:00,,,,
2019-05-09T00:00:00,,,,
2019-05-10T00:00:00,,,,
2019-05-11T00:00:00,,,,
2019-05-12T00:00:00,,,,
2019-05-13T00:00:00,,,,
2019-05-14T00:00:00,,,,
2019-05-15T00:00:00,,,,
2019-05-16T00:00:00,,,,
2019-05-17T00:00:00,,,,
2019-05-18T00:00:00,,,,
2019-05-19T00:00:00,,,,
2019-05-20T00:00:00,,,,
2019-05-21T00:00:00,,,,
2019-05-22T00:00:00,,,,
2019-05-23T00:00:00,,,,
2019-05-24T00:00:00,,,,
2019-05-25T00:00:00,,,,
2019-05-26T00:00:00,,,,
2019-05-27T00:00:00,,,,
2019-05-28T00:00:00,,,,
2019-05-29T00:00:00,,,,
2019-05-30T00:00:00,,,,
2019-05-31T00:00:00,,,,
2019-06-01T00:00:00,,,,
2019-06-02T00:00:00,,,,
2019-06-03T00:00:00,,,,
2019-06-04T00:00:00,,,,
2019-06-05T00:00:00,,,,
2019-06-06T00:00:00,,,,
2019-06-07T00:00:00,,,,
2019-06-08T00:00:00,,,,
2019-06-09T00:00:00,,,,
2019-06-10T00:00:00,,,,
2019-06-11T00:00:00,,,,
2019-06-12T00:00:00,,,,
2019-06-13T00:00:00,,,,
2019-06-14T00:00:00,,,,
2019-06-15T00:00:00,,,,
2019-06-16T00:00:00,,,,
2019-06-17T00:00:00,,,,
2019-06-18T00:00:00,,,,
2019-06-19T00:00:00,,,,
2019-06-20T00:00:00,,,,
2019-06-21T00:00:00,,,,
2019-06-22T00:00:00,,,,
2019-06-23T00:00:00,,,,
2019-06-24T00:00:00,,,,
2019-06-25T00:00:00,,,,
2019-06-26T00:00:00,,,,
2019-06-27T00:00:00,,,,
2019-06-28T00:00:00,,,,
2019-06-29T00:00:00,,,,
2019-06-30T00:00:00,,,,
2019-07-01T00:00:00,,,,
2019-07-02T00:00:00,,,,
2019-07-03T00:00:00,,,,
2019-07-04T00:00:00,,,,
2019-07-05T00:00:00,,,,
2019-07-06T00:00:00,,,,
2019-07-07T00:00:00,,,,
2019-07-08T00:00:00,,,,
2019-07-09T00:00:00,,,,
2019-07-10T00:00:00,,,,
2019-07-11T00:00:00,,,,
2019-07-12T00:00:00,,,,
2019-07-13T00:00:00,,,,
2019-07-14T00:00:00,,,,
2019-07-15T00:00:00,,,,
2019-07-16T00:00:00,,,,
2019-07-17T00:00:00,,,,
2019-07-18T00:00:00,,,,
2019-07-19T00:00:00,,,,
2019-07-20T00:00:00,,,,
2019-07-21T00:00:00,,,,
2019-07-22T00:00:00,,,,
2019-07-23T00:00:00,,,,
2019-07-24T00:00:00,,,,
2019-07-25T00:00:00,,,,
2019-07-26T00:00:00,,,,
2019-07-27T00:00:00,,,,
2019-07-28T00:00:00,,,,
2019-07-29T00:00:00,,,,
2019-07-30T00:00:00,,,,
2019-07-31T00:00:00,,,,
2019-08-01T00:00:00,,,,
2019-08-02T00:00:00,,,,
2019-08-03T00:00:00,,,,
2019-08-04T00:00:00,,,,
2019-08-05T00:00:00,,,,
2019-08-06T00:00:00,,,,
2019-08-07T00:00:00,,,,
2019-08-08T00:00:00,,,,
2019-08-09T00:00:00,,,,
2019-08-10T00:00:00,,,,
2019-08-11T00:00:00,,,,
2019-08-12T00:00:00,,,,
2019-08-13T00:00:00,,,,
2019-08-14T00:00:00,,,,
2019-08-15T00:00:00,,,,
2019-08-16T00:00:00,,,,
2019-08-17T00:00:00,,,,
2019-08-18T00:00:00,,,,
2019-08-19T00:00:00,,,,
2019-08-20T00:00:00,,,,
2019-08-21T00:00:00,,,,
2019-08-22T00:00:00,,,,
2019-08-23T00:00:00,,,,
2019-08-24T00:00:00,,,,
2019-08-25T00:00:00,,,,
2019-08-26T00:00:00,,,,
2019-08-27T00:00:00,,,,
2019-08-28T00:00:00,,,,
2019-08-29T00:00:00,,,,
2019-08-30T00:00:00,,,,
2019-08-31T00:00:00,,,,
2019-09-01T00:00:00,,,,
2019-09-02T00:00:00,,,,
2019-09-03T00:00:00,,,,
2019-09-04T00:00:00,,,,
2019-09-05T00:00:00,,,,
2019-09-06T00:00:00,,,,
2019-09-07T00:00:00,,,,
2019-09-08T00:00:00,,,,
2019-09-09T00:00:00,,,,
2019-09-10T00:00:00,,,,
2019-09-11T00:00:00,,,,
2019-09-12T00:00:00,,,,
2019-09-13T00:00:00,,,,
2019-09-14T00:00:00,,,,
2019-09-15T00:00:00,,,,
2019-09-16T00:00:00,,,,
2019-09-17T00:00:00,,,,
2019-09-18T00:00:00,,,,
2019-09-19T00:00:00,,,,
2019-09-20T00:00:00,,,,
2019-09-21T00:00:00,,,,
2019-09-22T00:00:00,,,,
2019-09-23T00:00:00,,,,
2019-09-24T00:00:00,,,,
2019-09-25T00:00:00,,,,
2019-09-26T00:00:00,,,,
2019-09-27T00:00:00,,,,
2019-09-28T00:00:00,,,,
2019-09-29T00:00:00,,,,
2019-09-30T00:00:00,,,,
2019-10-01T00:00:00,,,,
2019-10-02T00:00:00,,,,
2019-10-03T00:00:00,,,,
2019-10-04T00:00:00,,,,
2019-10-05T00:00:00,,,,
2019-10-06T00:00:00,,,,
2019-10-07T00:00:00,,,,
2019-10-08T00:00:00,,,,
2019-10-09T00:00:00,,,,
2019-10-10T00:00:00,,,,
2019-10-11T00:00:00,,,,
2019-10-12T00:00:00,,,,
2019-10-13T00:00:00,,,,
2019-10-14T00:00:00,,,,
2019-10-15T00:00:00,,,,
2019-10-16T00:00:00,,,,
2019-10-17T00:00:00,,,,
2019-10-18T00:00:00,,,,
2019-10-19T00:00:00,,,,
2019-10-20T00:00:00,,,,
2019-10-21T00:00:00,,,,
2019-10-22T00:00:00,,,,
2019-10-23T00:00:00,,,,
2019-10-24T00:00:00,,,,
2019-10-25T00:00:00,,,,
2019-10-26T00:00:00,,,,
2019-10-27T00:00:00,,,,
2019-10-28T00:00:00,,,,
2019-10-29T00:00:00,,,,
2019-10-30T00:00:00,,,,
2019-10-31T00:00:00,,,,
2019-11-01T00:00:00,,,,
2019-11-02T00:00:00,,,,
2019-11-03T00:00:00,,,,
2019-11-04T00:00:00,,,,
2019-11-05T00:00:00,,,,
2019-11-06T00:00:00,,,,
2019-11-07T00:00:00,,,,
2019-11-08T00:00:00,,,,
2019-11-09T00:00:00,,,,
2019-11-10T00:00:00,,,,
2019-11-11T00:00:00,,,,
2019-11-12T00:00:00,,,,
2019-11-13T00:00:00,,,,
2019-11-14T00:00:00,,,,
2019-11-15T00:00:00,,,,
2019-11-16T00:00:00,,,,
2019-11-17T00:00:00,,,,
2019-11-18T00:00:00,,,,
2019-11-19T00:00:00,,,,
2019-11-20T00:00:00,,,,
2019-11-21T00:00:00,,,,
2019-11-22T00:00:00,,,,
2019-11-23T00:00:00,,,,
2019-11-24T00:00:00,,,,
2019-11-25T00:00:00,,,,
2019-11-26T00:00:00,,,,
2019-11-27T00:00:00,,,,
2019-11-28T00:00:00,,,,
2019-11-29T00:00:00,,,,
2019-11-30T00:00:00,,,,
2019-12-01T00:00:00,,,,
2019-12-02T00:00:00,,,,
2019-12-03T00:00:00,,,,
2019-12-04T00:00:00,,,,
2019-12-05T00:00:00,,,,
2019-12-06T00:00:00,,,,
2019-12-07T00:00:00,,,,
2019-12-08T00:00:00,,,,
2019-12-09T00:00:00,,,,
2019-12-10T00:00:00,,,,
2019-12-11T00:00:00,,,,
2019-12-12T00:00:00,,,,
2019-12-13T00:00:00,,,,
2019-12-14T00:00:00,,,,
2019-12-15T00:00:00,,,,
2019-12-16T00:00:00,,,,
2019-12-17T00:00:00,,,,
2019-12-18T00:00:00,,,,
2019-12-19T00:00:00,,,,
2019-12-20T00:00:00,,,,
2019-12-21T00:00:00,,,,
2019-12-22T00:00:00,,,,
2019-12-23T00:00:00,,,,
2019-12-24T00:00:00,,,,
2019-12-25T00:00:00,,,,
2019-12-26T00:00:00,,,,
2019-12-27T00:00:00,,,,
2019-12-28T00:00:00,,,,
2019-12-29T00:00:00,,,,
2019-12-30T00:00:00,,,,
2019-12-31T00:00:00,,,,
2020-01-01T00:00:00,3.0,,2.72,
2020-01-02T00:00:00,2.77,,2.51,
2020-01-03T00:00:00,2.62,,2.41,
2020-01-04T00:00:00,2.55,,2.41,
2020-01-05T00:00:00,2.41,,2.3,
2020-01-06T00:00:00,2.77,,2.41,
2020-01-07T00:00:00,2.15,,1.91,
2020-01-08T00:00:00,2.15,,2.01,
2020-01-09T00:00:00,2.28,,2.51,
2020-01-10T00:00:00,2.15,,2.41,
2020-01-11T00:00:00,3.08,,2.72,
2020-01-12T00:00:00,2.48,,2.2,
2020-01-13T00:00:00,1.97,,2.3,
2020-01-14T00:00:00,1.85,,2.1,
2020-01-15T00:00:00,2.03,,2.51,
2020-01-16T00:00:00,2.35,,3.28,
2020-01-17T00:00:00,2.21,,3.17,
2020-01-18T00:00:00,2.21,,2.94,
2020-01-19T00:00:00,2.21,,2.94,
2020-01-20T00:00:00,2.15,,2.83,
2020-01-21T00:00:00,2.09,,2.61,
2020-01-22T00:00:00,2.03,,2.41,
2020-01-23T00:00:00,2.35,,3.05,
2020-01-24T00:00:00,2.15,,2.51,
2020-01-25T00:00:00,1.68,,1.82,
2020-01-26T00:00:00,1.79,,2.01,
2020-01-27T00:00:00,1.74,,1.63,
2020-01-28T00:00:00,1.74,,1.63,
2020-01-29T00:00:00,1.42,,1.54,
2020-01-30T00:00:00,1.28,,1.54,
2020-01-31T00:00:00,1.19,,1.46,
2020-02-01T00:00:00,1.15,,1.46,
2020-02-02T00:00:00,1.19,,1.54,
2020-02-03T00:00:00,1.33,,2.01,
2020-02-04T00:00:00,1.79,,2.1,
2020-02-05T00:00:00,2.62,,2.01,
2020-02-06T00:00:00,1.97,,1.72,
2020-02-07T00:00:00,1.47,,1.54,
2020-02-08T00:00:00,1.15,,1.46,
2020-02-09T00:00:00,1.11,,1.54,
2020-02-10T00:00:00,1.28,,1.91,
2020-02-11T00:00:00,2.48,,4.65,
2020-02-12T00:00:00,2.7,,5.77,
2020-02-13T00:00:00,2.77,,5.48,
2020-02-14T00:00:00,2.92,,5.06,
2020-02-15T00:00:00,2.85,,4.26,
2020-02-16T00:00:00,3.08,,4.0,
2020-02-17T00:00:00,6.16,,9.19,
2020-02-18T00:00:00,7.66,,11.67,
2020-02-19T00:00:00,6.95,,10.68,
2020-02-20T00:00:00,6.68,,8.14,
2020-02-21T00:00:00,6.42,,6.22,
2020-02-22T00:00:00,6.42,,5.77,
2020-02-23T00:00:00,8.42,,8.66,
2020-02-24T00:00:00,7.81,,8.31,
2020-02-25T00:00:00,6.95,,6.37,
2020-02-26T00:00:00,6.16,,4.79,
2020-02-27T00:00:00,5.55,,3.88,
2020-02-28T00:00:00,4.98,,3.05,
2020-02-29T00:00:00,4.34,,2.61,
2020-03-01T00:00:00,3.86,,2.3,
2020-03-02T00:00:00,3.68,,2.41,
2020-03-03T00:00:00,3.41,,2.41,
2020-03-04T00:00:00,3.08,,2.3,
2020-03-05T00:00:00,3.33,,2.94,
2020-03-06T00:00:00,3.86,,4.39,
2020-03-07T00:00:00,3.59,,4.26,
2020-03-08T00:00:00,3.33,,3.64,
2020-03-09T00:00:00,3.16,,3.17,
2020-03-10T00:00:00,3.08,,3.05,
2020-03-11T00:00:00,3.16,,3.4,
2020-03-12T00:00:00,3.77,,4.65,
2020-03-13T00:00:00,3.77,,4.79,
2020-03-14T00:00:00,3.59,,4.13,
2020-03-15T00:00:00,3.33,,3.4,
2020-03-16T00:00:00,3.16,,2.94,
2020-03-17T00:00:00,2.92,,2.61,
2020-03-18T00:00:00,2.77,,2.41,
2020-03-19T00:00:00,2.7,,2.41,
2020-03-20T00:00:00,2.55,,2.3,
2020-03-21T00:00:00,2.35,,2.1,
2020-03-22T00:00:00,2.15,,1.91,
2020-03-23T00:00:00,1.97,,1.72,
2020-03-24T00:00:00,1.85,,1.63,
2020-03-25T00:00:00,1.74,,1.63,
2020-03-26T00:00:00,1.63,,1.54,
2020-03-27T00:00:00,1.52,,1.54,
2020-03-28T00:00:00,1.42,,1.54,
2020-03-29T00:00:00,1.38,,1.46,
2020-03-30T00:00:00,1.28,,1.37,
2020-03-31T00:00:00,1.19,,1.37,
2020-04-01T00:00:00,1.15,,1.37,
2020-04-02T00:00:00,1.11,,1.37,
2020-04-03T00:00:00,1.15,,1.46,
2020-04-04T00:00:00,1.15,,1.54,
2020-04-05T00:00:00,1.11,,1.54,
2020-04-06T00:00:00,1.07,,1.46,
2020-04-07T00:00:00,1.03,,1.37,
2020-04-08T00:00:00,1.11,,1.54,
2020-04-09T00:00:00,1.11,,1.63,
2020-04-10T00:00:00,1.11,,1.63,
2020-04-11T00:00:00,1.07,,1.54,
2020-04-12T00:00:00,1.07,,1.46,
2020-04-13T00:00:00,1.38,,2.01,
2020-04-14T00:00:00,1.42,,2.2,
2020-04-15T00:00:00,1.42,,2.2,
2020-04-16T00:00:00,1.47,,2.2,
2020-04-17T00:00:00,1.42,,2.01,
2020-04-18T00:00:00,1.38,,1.91,
2020-04-19T00:00:00,1.33,,1.72,
2020-04-20T00:00:00,1.28,,1.63,
2020-04-21T00:00:00,1.19,,1.54,
2020-04-22T00:00:00,1.15,,1.46,
2020-04-23T00:00:00,1.07,,1.37,
2020-04-24T00:00:00,1.03,,1.37,
2020-04-25T00:00:00,0.95,,1.28,
2020-04-26T00:00:00,0.91,,1.2,
2020-04-27T00:00:00,0.84,,1.2,
2020-04-28T00:00:00,0.81,,1.12,
2020-04-29T00:00:00,0.77,,1.12,
2020-04-30T00:00:00,0.74,,1.04,
2020-05-01T00:00:00,0.68,,1.04,
2020-05-02T00:00:00,0.65,,0.96,
2020-05-03T00:00:00,0.65,,1.04,
2020-05-04T00:00:00,0.68,,1.04,
2020-05-05T00:00:00,0.65,,1.04,
2020-05-06T00:00:00,0.59,,1.04,
2020-05-07T00:00:00,0.56,,1.04,
2020-05-08T00:00:00,0.54,,0.96,
2020-05-09T00:00:00,0.51,,0.89,
2020-05-10T00:00:00,0.48,,0.89,
2020-05-11T00:00:00,0.46,,0.81,
2020-05-12T00:00:00,0.46,,0.89,
2020-05-13T00:00:00,0.44,,0.89,
2020-05-14T00:00:00,0.41,,0.89,
2020-05-15T00:00:00,0.41,,0.89,
2020-05-16T00:00:00,0.41,,0.89,
2020-05-17T00:00:00,0.41,,0.96,
2020-05-18T00:00:00,0.41,,0.96,
2020-05-19T00:00:00,0.39,,0.96,
2020-05-20T00:00:00,0.39,,0.96,
2020-05-21T00:00:00,0.39,,0.96,
2020-05-22T00:00:00,0.39,,0.89,
2020-05-23T00:00:00,0.37,,0.89,
2020-05-24T00:00:00,0.35,,0.81,
2020-05-25T00:00:00,0.33,,0.81,
2020-05-26T00:00:00,0.31,,0.74,
2020-05-27T00:00:00,0.31,,0.74,
2020-05-28T00:00:00,0.29,,0.74,
2020-05-29T00:00:00,0.27,,0.74,
2020-05-30T00:00:00,0.25,,0.67,
2020-05-31T00:00:00,0.23,,0.67,
2020-06-01T00:00:00,0.22,,0.6,
2020-06-02T00:00:00,0.2,,0.6,
2020-06-03T00:00:00,0.2,,0.6,
2020-06-04T00:00:00,0.19,,0.6,
2020-06-05T00:00:00,0.19,,0.6,
2020-06-06T00:00:00,0.2,,0.67,
2020-06-07T00:00:00,0.2,,0.67,
2020-06-08T00:00:00,0.22,,0.81,
2020-06-09T00:00:00,0.27,,1.04,
2020-06-10T00:00:00,0.33,,1.2,
2020-06-11T00:00:00,0.27,,1.12,
2020-06-12T00:00:00,0.23,,0.96,
2020-06-13T00:00:00,0.22,,0.89,
2020-06-14T00:00:00,0.2,,0.81,
2020-06-15T00:00:00,0.19,,0.74,
2020-06-16T00:00:00,0.17,,0.74,
2020-06-17T00:00:00,0.17,,0.67,
2020-06-18T00:00:00,0.16,,0.67,
2020-06-19T00:00:00,0.16,,0.67,
2020-06-20T00:00:00,0.16,,0.6,
2020-06-21T00:00:00,0.14,,0.53,
2020-06-22T00:00:00,0.13,,0.53,
2020-06-23T00:00:00,0.12,,0.53,
2020-06-24T00:00:00,0.12,,0.53,
2020-06-25T00:00:00,0.1,,0.53,
2020-06-26T00:00:00,0.09,,0.53,
2020-06-27T00:00:00,0.09,,0.53,
2020-06-28T00:00:00,0.08,,0.53,
2020-06-29T00:00:00,0.08,,0.46,
2020-06-30T00:00:00,0.08,,0.53,
2020-07-01T00:00:00,0.13,,0.67,
2020-07-02T00:00:00,0.14,,0.89,
2020-07-03T00:00:00,0.16,,0.89,
2020-07-04T00:00:00,0.14,,0.89,
2020-07-05T00:00:00,0.14,,0.89,
2020-07-06T00:00:00,0.19,,1.04,
2020-07-07T00:00:00,0.2,,1.12,
2020-07-08T00:00:00,0.17,,1.04,
2020-07-09T00:00:00,0.16,,0.96,
2020-07-10T00:00:00,0.14,,0.89,
2020-07-11T00:00:00,0.14,,0.89,
2020-07-12T00:00:00,0.16,,1.04,
2020-07-13T00:00:00,0.16,,1.04,
2020-07-14T00:00:00,0.16,,0.96,
2020-07-15T00:00:00,0.14,,0.89,
2020-07-16T00:00:00,0.13,,0.81,
2020-07-17T00:00:00,0.12,,0.81,
2020-07-18T00:00:00,0.1,,0.74,
2020-07-19T00:00:00,0.09,,0.74,
2020-07-20T00:00:00,0.1,,0.74,
2020-07-21T00:00:00,0.13,,0.74,
2020-07-22T00:00:00,0.14,,0.89,
2020-07-23T00:00:00,0.14,,0.89,
2020-07-24T00:00:00,0.13,,0.89,
2020-07-25T00:00:00,0.16,,0.89,
2020-07-26T00:00:00,0.17,,1.04,
2020-07-27T00:00:00,0.17,,1.04,
2020-07-28T00:00:00,0.16,,0.96,
2020-07-29T00:00:00,0.17,,1.04,
2020-07-30T00:00:00,0.2,,1.2,
2020-07-31T00:00:00,0.2,,1.2,
2020-08-01T00:00:00,0.19,,1.12,
2020-08-02T00:00:00,0.19,,1.04,
2020-08-03T00:00:00,0.22,,1.12,
2020-08-04T00:00:00,0.22,,1.12,
2020-08-05T00:00:00,0.33,,1.37,
2020-08-06T00:00:00,0.35,,1.54,
2020-08-07T00:00:00,0.31,,1.37,
2020-08-08T00:00:00,0.31,,1.28,
2020-08-09T00:00:00,0.33,,1.2,
2020-08-10T00:00:00,0.33,,1.2,
2020-08-11T00:00:00,0.33,,1.12,
2020-08-12T00:00:00,0.31,,1.04,
2020-08-13T00:00:00,0.29,,0.96,
2020-08-14T00:00:00,0.27,,0.96,
2020-08-15T00:00:00,0.25,,0.96,
2020-08-16T00:00:00,0.25,,0.96,
2020-08-17T00:00:00,0.23,,0.89,
2020-08-18T00:00:00,0.22,,0.89,
2020-08-19T00:00:00,0.2,,0.81,
2020-08-20T00:00:00,0.19,,0.81,
2020-08-21T00:00:00,0.19,,0.81,
2020-08-22T00:00:00,0.17,,0.81,
2020-08-23T00:00:00,0.19,,0.89,
2020-08-24T00:00:00,0.2,,1.04,
2020-08-25T00:00:00,0.22,,1.04,
2020-08-26T00:00:00,0.2,,1.04,
2020-08-27T00:00:00,0.19,,1.04,
2020-08-28T00:00:00,0.17,,0.96,
2020-08-29T00:00:00,0.16,,0.96,
2020-08-30T00:00:00,0.16,,0.96,
2020-08-31T00:00:00,0.17,,1.04,
2020-09-01T00:00:00,0.16,,1.04,
2020-09-02T00:00:00,0.16,,0.96,
2020-09-03T00:00:00,0.14,,0.96,
2020-09-04T00:00:00,0.14,,0.96,
2020-09-05T00:00:00,0.14,,0.96,
2020-09-06T00:00:00,0.17,,1.04,
2020-09-07T00:00:00,0.19,,1.12,
2020-09-08T00:00:00,0.19,,1.12,
2020-09-09T00:00:00,0.23,,1.28,
2020-09-10T00:00:00,0.29,,1.46,
2020-09-11T00:00:00,0.51,,2.51,
2020-09-12T00:00:00,0.46,,2.3,
2020-09-13T00:00:00,0.68,,2.94,
2020-09-14T00:00:00,0.71,,2.94,
2020-09-15T00:00:00,0.68,,2.51,
2020-09-16T00:00:00,0.71,,2.2,
2020-09-17T00:00:00,0.77,,2.2,
2020-09-18T00:00:00,0.81,,2.2,
2020-09-19T00:00:00,0.77,,2.01,
2020-09-20T00:00:00,0.71,,1.82,
2020-09-21T00:00:00,0.68,,1.63,
2020-09-22T00:00:00,0.65,,1.54,
2020-09-23T00:00:00,0.62,,1.46,
2020-09-24T00:00:00,0.56,,1.37,
2020-09-25T00:00:00,0.54,,1.37,
2020-09-26T00:00:00,0.51,,1.28,
2020-09-27T00:00:00,0.48,,1.2,
2020-09-28T00:00:00,0.46,,1.2,
2020-09-29T00:00:00,0.44,,1.12,
2020-09-30T00:00:00,0.41,,1.12,
2020-10-01T00:00:00,0.39,,1.12,
2020-10-02T00:00:00,0.37,,1.04,
2020-10-03T00:00:00,0.35,,1.04,
2020-10-04T00:00:00,0.35,,1.04,
2020-10-05T00:00:00,0.39,,1.28,
2020-10-06T00:00:00,0.39,,1.37,
2020-10-07T00:00:00,0.39,,1.28,
2020-10-08T00:00:00,0.39,,1.28,
2020-10-09T00:00:00,0.39,,1.28,
2020-10-10T00:00:00,0.41,,1.28,
2020-10-11T00:00:00,0.39,,1.2,
2020-10-12T00:00:00,0.39,,1.2,
2020-10-13T00:00:00,0.39,,1.2,
2020-10-14T00:00:00,0.39,,1.2,
2020-10-15T00:00:00,0.39,,1.2,
2020-10-16T00:00:00,0.37,,1.12,
2020-10-17T00:00:00,0.37,,1.12,
2020-10-18T00:00:00,0.39,,1.12,
2020-10-19T00:00:00,0.44,,1.28,
2020-10-20T00:00:00,0.44,,1.28,
2020-10-21T00:00:00,0.44,,1.28,
2020-10-22T00:00:00,0.46,,1.28,
2020-10-23T00:00:00,0.59,,1.72,
2020-10-24T00:00:00,0.68,,1.91,
2020-10-25T00:00:00,0.68,,1.91,
2020-10-26T00:00:00,0.71,,1.72,
2020-10-27T00:00:00,0.74,,1.72,
2020-10-28T00:00:00,1.19,,2.51,
2020-10-29T00:00:00,1.63,,3.4,
2020-10-30T00:00:00,1.68,,3.17,
2020-10-31T00:00:00,1.74,,2.83,
2020-11-01T00:00:00,1.74,,2.51,
2020-11-02T00:00:00,1.74,,2.2,
2020-11-03T00:00:00,1.79,,2.2,
2020-11-04T00:00:00,1.85,,2.51,
2020-11-05T00:00:00,2.15,,3.64,
2020-11-06T00:00:00,2.09,,3.28,
2020-11-07T00:00:00,1.97,,2.83,
2020-11-08T00:00:00,1.85,,2.51,
2020-11-09T00:00:00,1.76,,2.24,
2020-11-10T00:00:00,1.65,,2.04,
2020-11-11T00:00:00,1.55,,1.89,
2020-11-12T00:00:00,1.45,,1.79,
2020-11-13T00:00:00,1.36,,1.7,
2020-11-14T00:00:00,1.28,,1.63,
2020-11-15T00:00:00,1.2,,1.57,
2020-11-16T00:00:00,1.13,,1.51,
2020-11-17T00:00:00,1.1,,1.51,
2020-11-18T00:00:00,1.58,,2.52,
2020-11-19T00:00:00,2.01,,3.5,
2020-11-20T00:00:00,2.15,,3.75,
2020-11-21T00:00:00,2.1,,3.44,
2020-11-22T00:00:00,2.81,,4.6,
2020-11-23T00:00:00,2.99,,4.81,
2020-11-24T00:00:00,2.81,,4.17,
2020-11-25T00:00:00,2.68,,3.53,
2020-11-26T00:00:00,2.7,,3.27,
2020-11-27T00:00:00,2.68,,3.14,
2020-11-28T00:00:00,2.52,,2.85,
2020-11-29T00:00:00,2.36,,2.58,
2020-11-30T00:00:00,2.22,,2.37,
2020-12-01T00:00:00,2.12,,2.24,
2020-12-02T00:00:00,2.08,,2.3,
2020-12-03T00:00:00,1.98,,2.22,
2020-12-04T00:00:00,1.88,,2.08,
2020-12-05T00:00:00,1.78,,1.93,
2020-12-06T00:00:00,1.71,,1.87,
2020-12-07T00:00:00,1.61,,1.79,
2020-12-08T00:00:00,1.5,,2.22,
2020-12-09T00:00:00,1.39,,1.95,
2020-12-10T00:00:00,1.27,,1.5,
2020-12-11T00:00:00,1.32,,1.39,
2020-12-12T00:00:00,1.14,,1.36,
2020-12-13T00:00:00,1.02,,1.35,
2020-12-14T00:00:00,0.96,,1.3,
2020-12-15T00:00:00,0.91,,1.26,
2020-12-16T00:00:00,0.89,,1.29,
2020-12-17T00:00:00,0.9,,1.35,
2020-12-18T00:00:00,0.88,,1.35,
2020-12-19T00:00:00,0.87,,1.36,
2020-12-20T00:00:00,0.89,,1.43,
2020-12-21T00:00:00,1.08,,1.86,
2020-12-22T00:00:00,1.33,,2.35,
2020-12-23T00:00:00,1.51,,2.62,
2020-12-24T00:00:00,1.55,,2.56,
2020-12-25T00:00:00,1.57,,2.45,
2020-12-26T00:00:00,1.56,,2.28,
2020-12-27T00:00:00,1.49,,2.08,
2020-12-28T00:00:00,1.42,,1.92,
2020-12-29T00:00:00,1.37,,1.82,
2020-12-30T00:00:00,1.38,,1.84,
2020-12-31T00:00:00,1.61,,2.25,
2021-01-01T00:00:00,1.64,,2.42,
2021-01-02T00:00:00,1.65,,2.44,
2021-01-03T00:00:00,1.66,,2.36,
2021-01-04T00:00:00,1.63,,2.22,
2021-01-05T00:00:00,1.58,,2.08,
2021-01-06T00:00:00,1.51,,1.96,
2021-01-07T00:00:00,1.44,,1.86,
2021-01-08T00:00:00,1.52,,1.78,
2021-01-09T00:00:00,1.69,,1.68,
2021-01-10T00:00:00,1.74,,1.69,
2021-01-11T00:00:00,1.69,,1.7,
2021-01-12T00:00:00,1.45,,1.45,
2021-01-13T00:00:00,1.18,,1.39,
2021-01-14T00:00:00,1.02,,1.35,
2021-01-15T00:00:00,0.98,,1.37,
2021-01-16T00:00:00,0.9,,1.24,
2021-01-17T00:00:00,0.85,,1.11,
2021-01-18T00:00:00,0.84,,0.98,
2021-01-19T00:00:00,0.81,,0.91,
2021-01-20T00:00:00,0.79,,0.97,
2021-01-21T00:00:00,0.75,,1.01,
2021-01-22T00:00:00,0.73,,1.09,
2021-01-23T00:00:00,0.73,,1.16,
2021-01-24T00:00:00,0.74,,1.17,
2021-01-25T00:00:00,0.76,,1.23,
2021-01-26T00:00:00,0.77,,1.36,
2021-01-27T00:00:00,0.82,,1.49,
2021-01-28T00:00:00,0.84,,1.53,
2021-01-29T00:00:00,0.85,,1.55,
2021-01-30T00:00:00,0.87,,1.59,
2021-01-31T00:00:00,0.88,,1.58,
2021-02-01T00:00:00,0.87,,1.51,
2021-02-02T00:00:00,0.78,,1.77,
2021-02-03T00:00:00,0.86,,1.52,
2021-02-04T00:00:00,0.85,,1.4,
2021-02-05T00:00:00,0.85,,1.35,
2021-02-06T00:00:00,0.83,,1.34,
2021-02-07T00:00:00,0.82,,1.3,
2021-02-08T00:00:00,0.82,,1.3,
2021-02-09T00:00:00,0.8,,1.35,
2021-02-10T00:00:00,0.79,,1.37,
2021-02-11T00:00:00,0.79,,1.55,
2021-02-12T00:00:00,0.79,,1.62,
2021-02-13T00:00:00,0.76,,1.42,
2021-02-14T00:00:00,0.74,,1.49,
2021-02-15T00:00:00,0.7,,1.48,
2021-02-16T00:00:00,0.66,,1.42,
2021-02-17T00:00:00,0.63,,1.32,
2021-02-18T00:00:00,0.62,,1.25,
2021-02-19T00:00:00,0.62,,1.11,
2021-02-20T00:00:00,0.6,,0.93,
2021-02-21T00:00:00,0.58,,0.86,
2021-02-22T00:00:00,0.66,,0.9,
2021-02-23T00:00:00,0.73,,0.98,
2021-02-24T00:00:00,0.75,,1.02,
2021-02-25T00:00:00,0.73,,0.99,
2021-02-26T00:00:00,0.84,,1.35,
2021-02-27T00:00:00,0.93,,2.1,
2021-02-28T00:00:00,0.86,,2.16,
2021-03-01T00:00:00,0.82,,2.1,
2021-03-02T00:00:00,0.83,,1.96,
2021-03-03T00:00:00,0.86,,1.81,
2021-03-04T00:00:00,0.89,,1.69,
2021-03-05T00:00:00,0.87,,1.67,
2021-03-06T00:00:00,0.81,,1.59,
2021-03-07T00:00:00,0.88,,1.57,
2021-03-08T00:00:00,0.86,,1.5,
2021-03-09T00:00:00,0.81,,1.47,
2021-03-10T00:00:00,0.85,,1.46,
2021-03-11T00:00:00,0.88,,1.48,
2021-03-12T00:00:00,0.9,,1.39,
2021-03-13T00:00:00,0.87,,1.26,
2021-03-14T00:00:00,0.82,,1.3,
2021-03-15T00:00:00,0.83,,1.41,
2021-03-16T00:00:00,0.85,,1.44,
2021-03-17T00:00:00,0.82,,1.4,
2021-03-18T00:00:00,0.76,,1.34,
2021-03-19T00:00:00,0.7,,1.31,
2021-03-20T00:00:00,0.7,,1.27,
2021-03-21T00:00:00,0.78,,1.28,
2021-03-22T00:00:00,0.77,,1.26,
2021-03-23T00:00:00,0.7,,1.23,
2021-03-24T00:00:00,0.8,,1.21,
2021-03-25T00:00:00,0.91,,1.54,
2021-03-26T00:00:00,0.98,,1.91,
2021-03-27T00:00:00,1.0,,2.11,
2021-03-28T00:00:00,1.26,,2.77,
2021-03-29T00:00:00,1.67,,3.68,
2021-03-30T00:00:00,3.43,,6.65,
2021-03-31T00:00:00,5.16,,9.51,
2021-04-01T00:00:00,4.84,,9.78,
2021-04-02T00:00:00,5.43,,8.73,
2021-04-03T00:00:00,5.55,,7.39,
2021-04-04T00:00:00,5.51,,6.42,
2021-04-05T00:00:00,5.9,,6.4,
2021-04-06T00:00:00,6.88,,7.61,
2021-04-07T00:00:00,6.32,,6.81,
2021-04-08T00:00:00,5.93,,5.79,
2021-04-09T00:00:00,5.62,,5.08,
2021-04-10T00:00:00,6.66,,6.83,
2021-04-11T00:00:00,6.4,,6.7,
2021-04-12T00:00:00,6.04,,6.04,
2021-04-13T00:00:00,6.04,,5.81,
2021-04-14T00:00:00,5.75,,5.36,
2021-04-15T00:00:00,5.31,,4.68,
2021-04-16T00:00:00,4.85,,3.99,
2021-04-17T00:00:00,4.44,,3.44,
2021-04-18T00:00:00,4.06,,3.03,
2021-04-19T00:00:00,3.71,,2.73,
2021-04-20T00:00:00,3.37,,2.48,
2021-04-21T00:00:00,3.08,,2.29,
2021-04-22T00:00:00,2.88,,2.21,
2021-04-23T00:00:00,2.69,,2.12,
2021-04-24T00:00:00,2.53,,2.04,
2021-04-25T00:00:00,2.41,,1.97,
2021-04-26T00:00:00,2.35,,2.04,
2021-04-27T00:00:00,2.23,,2.0,
2021-04-28T00:00:00,2.1,,1.95,
2021-04-29T00:00:00,1.98,,1.89,
2021-04-30T00:00:00,1.85,,1.82,
2021-05-01T00:00:00,1.73,,1.71,
2021-05-02T00:00:00,1.6,,1.61,
2021-05-03T00:00:00,1.48,,1.52,
2021-05-04T00:00:00,1.38,,1.48,
2021-05-05T00:00:00,1.29,,1.43,
2021-05-06T00:00:00,1.29,,1.55,
2021-05-07T00:00:00,1.37,,1.84,
2021-05-08T00:00:00,1.3,,1.79,
2021-05-09T00:00:00,1.24,,1.72,
2021-05-10T00:00:00,1.2,,1.64,
2021-05-11T00:00:00,1.16,,1.64,
2021-05-12T00:00:00,1.04,,1.55,
2021-05-13T00:00:00,0.93,,1.47,
2021-05-14T00:00:00,0.85,,1.44,
2021-05-15T00:00:00,0.8,,1.43,
2021-05-16T00:00:00,0.76,,1.44,
2021-05-17T00:00:00,0.72,,1.42,
2021-05-18T00:00:00,0.87,,1.64,
2021-05-19T00:00:00,1.23,,2.29,
2021-05-20T00:00:00,1.23,,2.29,
2021-05-21T00:00:00,1.47,,2.32,
2021-05-22T00:00:00,1.6,,2.32,
2021-05-23T00:00:00,1.57,,2.17,
2021-05-24T00:00:00,2.5,,3.8,
2021-05-25T00:00:00,2.35,,3.86,
2021-05-26T00:00:00,2.25,,3.37,
2021-05-27T00:00:00,3.08,,4.43,
2021-05-28T00:00:00,3.4,,5.04,
2021-05-29T00:00:00,3.32,,4.73,
2021-05-30T00:00:00,3.07,,3.84,
2021-05-31T00:00:00,2.87,,3.12,
2021-06-01T00:00:00,2.67,,2.64,
2021-06-02T00:00:00,2.43,,2.25,
2021-06-03T00:00:00,2.2,,1.94,
2021-06-04T00:00:00,1.96,,1.69,
2021-06-05T00:00:00,1.75,,1.53,
2021-06-06T00:00:00,1.57,,1.4,
2021-06-07T00:00:00,1.42,,1.26,
2021-06-08T00:00:00,1.24,,1.16,
2021-06-09T00:00:00,1.08,,1.06,
2021-06-10T00:00:00,0.96,,0.97,
2021-06-11T00:00:00,0.86,,0.92,
2021-06-12T00:00:00,0.77,,0.86,
2021-06-13T00:00:00,0.7,,0.84,
2021-06-14T00:00:00,0.65,,0.86,
2021-06-15T00:00:00,0.56,,0.81,
2021-06-16T00:00:00,0.49,,0.78,
2021-06-17T00:00:00,0.43,,0.73,
2021-06-18T00:00:00,0.38,,0.71,
2021-06-19T00:00:00,0.34,,0.67,
2021-06-20T00:00:00,0.31,,0.65,
2021-06-21T00:00:00,0.28,,0.63,
2021-06-22T00:00:00,0.26,,0.62,
2021-06-23T00:00:00,0.26,,0.67,
2021-06-24T00:00:00,0.24,,0.66,
2021-06-25T00:00:00,0.23,,0.66,
2021-06-26T00:00:00,0.33,,0.76,
2021-06-27T00:00:00,0.43,,1.1,
2021-06-28T00:00:00,0.32,,1.02,
2021-06-29T00:00:00,0.25,,0.94,
2021-06-30T00:00:00,0.22,,0.85,
2021-07-01T00:00:00,0.2,,0.78,
2021-07-02T00:00:00,0.19,,0.74,
2021-07-03T00:00:00,0.17,,0.7,
2021-07-04T00:00:00,0.16,,0.66,
2021-07-05T00:00:00,0.14,,0.63,
2021-07-06T00:00:00,0.13,,0.6,
2021-07-07T00:00:00,0.12,,0.58,
2021-07-08T00:00:00,0.11,,0.58,
2021-07-09T00:00:00,0.1,,0.59,
2021-07-10T00:00:00,0.09,,0.59,
2021-07-11T00:00:00,0.09,,0.58,
2021-07-12T00:00:00,0.08,,0.56,
2021-07-13T00:00:00,0.07,,0.55,
2021-07-14T00:00:00,0.06,,0.54,
2021-07-15T00:00:00,0.06,,0.54,
2021-07-16T00:00:00,0.05,,0.54,
2021-07-17T00:00:00,0.04,,0.53,
2021-07-18T00:00:00,0.04,,0.52,
2021-07-19T00:00:00,0.04,,0.57,
2021-07-20T00:00:00,0.04,,0.59,
2021-07-21T00:00:00,0.04,,0.64,
2021-07-22T00:00:00,0.04,,0.64,
2021-07-23T00:00:00,0.03,,0.64,
2021-07-24T00:00:00,0.03,,0.63,
2021-07-25T00:00:00,0.02,,0.63,
2021-07-26T00:00:00,0.02,,0.64,
2021-07-27T00:00:00,0.02,,0.64,
2021-07-28T00:00:00,0.02,,0.66,
2021-07-29T00:00:00,0.03,,0.72,
2021-07-30T00:00:00,0.02,,0.71,
2021-07-31T00:00:00,0.04,,0.94,
2021-08-01T00:00:00,0.04,,1.06,
2021-08-02T00:00:00,0.04,,1.08,
2021-08-03T00:00:00,0.08,,1.31,
2021-08-04T00:00:00,0.07,,1.39,
2021-08-05T00:00:00,0.06,,1.24,
2021-08-06T00:00:00,0.06,,1.14,
2021-08-07T00:00:00,0.06,,1.08,
2021-08-08T00:00:00,0.08,,1.14,
2021-08-09T00:00:00,0.07,,1.14,
2021-08-10T00:00:00,0.08,,1.09,
2021-08-11T00:00:00,0.08,,1.03,
2021-08-12T00:00:00,0.08,,0.99,
2021-08-13T00:00:00,0.08,,0.93,
2021-08-14T00:00:00,0.08,,0.91,
2021-08-15T00:00:00,0.08,,0.95,
2021-08-16T00:00:00,0.09,,1.0,
2021-08-17T00:00:00,0.08,,0.97,
2021-08-18T00:00:00,0.09,,1.05,
2021-08-19T00:00:00,0.24,,1.26,
2021-08-20T00:00:00,0.22,,1.97,
2021-08-21T00:00:00,0.18,,2.06,
2021-08-22T00:00:00,0.19,,2.11,
2021-08-23T00:00:00,0.16,,1.99,
2021-08-24T00:00:00,0.15,,1.8,
2021-08-25T00:00:00,0.14,,1.64,
2021-08-26T00:00:00,0.16,,1.57,
2021-08-27T00:00:00,0.15,,1.49,
2021-08-28T00:00:00,0.14,,1.39,
2021-08-29T00:00:00,0.13,,1.29,
2021-08-30T00:00:00,0.12,,1.21,
2021-08-31T00:00:00,0.12,,1.13,
2021-09-01T00:00:00,0.11,,1.08,
2021-09-02T00:00:00,0.1,,1.02,
2021-09-03T00:00:00,0.13,,1.08,
2021-09-04T00:00:00,0.13,,1.13,
2021-09-05T00:00:00,0.13,,1.05,
2021-09-06T00:00:00,0.12,,0.99,
2021-09-07T00:00:00,0.1,,0.96,
2021-09-08T00:00:00,0.1,,0.94,
2021-09-09T00:00:00,0.11,,0.99,
2021-09-10T00:00:00,0.2,,1.43,
2021-09-11T00:00:00,0.19,,1.4,
2021-09-12T00:00:00,0.18,,1.34,
2021-09-13T00:00:00,0.21,,1.37,
2021-09-14T00:00:00,0.21,,1.45,
2021-09-15T00:00:00,0.2,,1.36,
2021-09-16T00:00:00,0.19,,1.3,
2021-09-17T00:00:00,0.18,,1.25,
2021-09-18T00:00:00,0.17,,1.2,
2021-09-19T00:00:00,0.17,,1.16,
2021-09-20T00:00:00,0.16,,1.12,
2021-09-21T00:00:00,0.16,,1.07,
2021-09-22T00:00:00,0.15,,1.03,
2021-09-23T00:00:00,0.15,,1.0,
2021-09-24T00:00:00,0.14,,0.97,
2021-09-25T00:00:00,0.16,,1.03,
2021-09-26T00:00:00,0.17,,1.12,
2021-09-27T00:00:00,0.16,,1.07,
2021-09-28T00:00:00,0.16,,1.04,
2021-09-29T00:00:00,0.15,,1.02,
2021-09-30T00:00:00,0.15,,1.01,
2021-10-01T00:00:00,0.14,,1.0,
2021-10-02T00:00:00,0.14,,0.98,
2021-10-03T00:00:00,0.14,,0.96,
2021-10-04T00:00:00,0.13,,0.94,
2021-10-05T00:00:00,0.13,,0.93,
2021-10-06T00:00:00,0.13,,0.91,
2021-10-07T00:00:00,0.12,,0.9,
2021-10-08T00:00:00,0.12,,0.9,
2021-10-09T00:00:00,0.12,,0.9,
2021-10-10T00:00:00,0.12,,0.91,
2021-10-11T00:00:00,0.12,,0.89,
2021-10-12T00:00:00,0.12,,0.89,
2021-10-13T00:00:00,0.12,,0.92,
2021-10-14T00:00:00,0.13,,0.94,
2021-10-15T00:00:00,0.14,,0.95,
2021-10-16T00:00:00,0.2,,1.2,
2021-10-17T00:00:00,0.19,,1.22,
2021-10-18T00:00:00,0.19,,1.18,
2021-10-19T00:00:00,0.18,,1.17,
2021-10-20T00:00:00,0.19,,1.14,
2021-10-21T00:00:00,0.51,,2.23,
2021-10-22T00:00:00,1.14,,3.95,
2021-10-23T00:00:00,1.25,,5.19,
2021-10-24T00:00:00,1.01,,4.71,
2021-10-25T00:00:00,1.01,,4.0,
2021-10-26T00:00:00,1.11,,3.57,
2021-10-27T00:00:00,1.27,,3.41,
2021-10-28T00:00:00,1.47,,3.65,
2021-10-29T00:00:00,1.51,,3.49,
2021-10-30T00:00:00,1.48,,3.16,
2021-10-31T00:00:00,1.42,,2.8,
2021-11-01T00:00:00,1.37,,2.51,
2021-11-02T00:00:00,1.3,,2.26,
2021-11-03T00:00:00,1.23,,2.06,
2021-11-04T00:00:00,1.22,,2.05,
2021-11-05T00:00:00,1.24,,2.1,
2021-11-06T00:00:00,1.29,,2.36,
2021-11-07T00:00:00,1.24,,2.28,
2021-11-08T00:00:00,1.18,,2.16,
2021-11-09T00:00:00,1.12,,1.96,
2021-11-10T00:00:00,1.11,,1.9,
2021-11-11T00:00:00,1.14,,2.0,
2021-11-12T00:00:00,1.18,,1.95,
2021-11-13T00:00:00,1.14,,1.87,
2021-11-14T00:00:00,1.08,,1.77,
2021-11-15T00:00:00,1.03,,1.67,
2021-11-16T00:00:00,0.98,,1.61,
2021-11-17T00:00:00,0.95,,1.6,
2021-11-18T00:00:00,1.0,,1.77,
2021-11-19T00:00:00,1.11,,2.13,
2021-11-20T00:00:00,1.08,,2.09,
2021-11-21T00:00:00,1.05,,2.0,
2021-11-22T00:00:00,1.0,,1.84,
2021-11-23T00:00:00,0.96,,1.78,
2021-11-24T00:00:00,0.96,,1.65,
2021-11-25T00:00:00,0.95,,1.64,
2021-11-26T00:00:00,0.95,,1.7,
2021-11-27T00:00:00,0.92,,1.62,
2021-11-28T00:00:00,0.87,,1.79,
2021-11-29T00:00:00,0.83,,1.52,
2021-11-30T00:00:00,0.77,,1.45,
2021-12-01T00:00:00,0.81,,1.46,
2021-12-02T00:00:00,0.79,,1.39,
2021-12-03T00:00:00,0.77,,1.35,
2021-12-04T00:00:00,0.74,,1.34,
2021-12-05T00:00:00,0.71,,1.29,
2021-12-06T00:00:00,0.7,,1.28,
2021-12-07T00:00:00,0.69,,1.28,
2021-12-08T00:00:00,0.67,,1.25,
2021-12-09T00:00:00,0.66,,1.22,
2021-12-10T00:00:00,0.66,,1.24,
2021-12-11T00:00:00,0.66,,1.25,
2021-12-12T00:00:00,0.66,,1.24,
2021-12-13T00:00:00,0.65,,1.25,
2021-12-14T00:00:00,0.6,,1.17,
2021-12-15T00:00:00,0.59,,1.18,
2021-12-16T00:00:00,0.63,,1.32,
2021-12-17T00:00:00,0.64,,1.41,
2021-12-18T00:00:00,0.63,,1.4,
2021-12-19T00:00:00,0.64,,1.43,
2021-12-20T00:00:00,0.6,,2.35,
2021-12-21T00:00:00,0.61,,1.73,
2021-12-22T00:00:00,0.61,,1.33,
2021-12-23T00:00:00,0.6,,1.25,
2021-12-24T00:00:00,0.6,,1.25,
2021-12-25T00:00:00,0.58,,1.23,
2021-12-26T00:00:00,0.58,,1.23,
2021-12-27T00:00:00,0.57,,1.23,
2021-12-28T00:00:00,0.56,,1.27,
2021-12-29T00:00:00,0.55,,1.23,
2021-12-30T00:00:00,0.53,,1.13,
2021-12-31T00:00:00,0.5,,1.08,
2022-01-01T00:00:00,0.47,,1.04,
2022-01-02T00:00:00,0.44,,0.98,
2022-01-03T00:00:00,0.45,,0.97,
2022-01-04T00:00:00,0.43,,0.97,
2022-01-05T00:00:00,0.42,,1.02,
2022-01-06T00:00:00,0.43,,1.07,
2022-01-07T00:00:00,0.4,,1.03,
2022-01-08T00:00:00,0.41,,0.99,
2022-01-09T00:00:00,0.41,,1.0,
2022-01-10T00:00:00,0.39,,0.95,
2022-01-11T00:00:00,0.4,,0.98,
2022-01-12T00:00:00,0.42,,1.01,
2022-01-13T00:00:00,0.43,,1.0,
2022-01-14T00:00:00,0.42,,1.04,
2022-01-15T00:00:00,0.4,,1.01,
2022-01-16T00:00:00,0.38,,1.0,
2022-01-17T00:00:00,0.39,,1.02,
2022-01-18T00:00:00,0.38,,1.0,
2022-01-19T00:00:00,0.4,,1.05,
2022-01-20T00:00:00,0.42,,1.06,
2022-01-21T00:00:00,0.45,,1.2,
2022-01-22T00:00:00,0.48,,1.22,
2022-01-23T00:00:00,0.47,,1.15,
2022-01-24T00:00:00,0.46,,1.14,
2022-01-25T00:00:00,0.48,,1.13,
2022-01-26T00:00:00,0.45,,1.13,
2022-01-27T00:00:00,0.51,,1.17,
2022-01-28T00:00:00,0.51,,1.15,
2022-01-29T00:00:00,0.49,,1.14,
2022-01-30T00:00:00,0.51,,1.21,
2022-01-31T00:00:00,0.56,,1.39,
2022-02-01T00:00:00,0.58,,1.32,
2022-02-02T00:00:00,0.57,,1.32,
2022-02-03T00:00:00,0.53,,1.29,
2022-02-04T00:00:00,0.57,,1.28,
2022-02-05T00:00:00,0.59,,1.31,
2022-02-06T00:00:00,0.62,,1.4,
2022-02-07T00:00:00,0.65,,1.48,
2022-02-08T00:00:00,0.66,,1.49,
2022-02-09T00:00:00,0.64,,1.42,
2022-02-10T00:00:00,0.62,,1.34,
2022-02-11T00:00:00,0.59,,1.24,
2022-02-12T00:00:00,0.56,,1.2,
2022-02-13T00:00:00,0.57,,1.19,
2022-02-14T00:00:00,0.58,,1.21,
2022-02-15T00:00:00,0.63,,1.31,
2022-02-16T00:00:00,0.69,,1.4,
2022-02-17T00:00:00,0.78,,1.62,
2022-02-18T00:00:00,0.94,,1.89,
2022-02-19T00:00:00,0.98,,1.96,
2022-02-20T00:00:00,1.0,,1.99,
2022-02-21T00:00:00,1.0,,1.94,
2022-02-22T00:00:00,1.03,,1.95,
2022-02-23T00:00:00,1.05,,1.93,
2022-02-24T00:00:00,1.04,,1.8,
2022-02-25T00:00:00,1.06,,1.76,
2022-02-26T00:00:00,1.09,,1.78,
2022-02-27T00:00:00,0.99,,2.02,
2022-02-28T00:00:00,1.09,,1.68,
2022-03-01T00:00:00,1.0,,1.65,
2022-03-02T00:00:00,1.01,,1.61,
2022-03-03T00:00:00,0.97,,1.57,
2022-03-04T00:00:00,0.95,,1.51,
2022-03-05T00:00:00,0.87,,1.52,
2022-03-06T00:00:00,0.99,,1.41,
2022-03-07T00:00:00,0.92,,1.41,
2022-03-08T00:00:00,0.84,,1.37,
2022-03-09T00:00:00,0.95,,1.31,
2022-03-10T00:00:00,0.86,,1.3,
2022-03-11T00:00:00,0.91,,1.26,
2022-03-12T00:00:00,0.86,,1.27,
2022-03-13T00:00:00,0.83,,1.25,
2022-03-14T00:00:00,0.8,,1.25,
2022-03-15T00:00:00,0.82,,1.25,
2022-03-16T00:00:00,0.81,,1.25,
2022-03-17T00:00:00,0.82,,1.25,
2022-03-18T00:00:00,0.83,,1.25,
2022-03-19T00:00:00,0.83,,1.25,
2022-03-20T00:00:00,0.84,,1.31,
2022-03-21T00:00:00,0.9,,1.45,
2022-03-22T00:00:00,1.01,,1.65,
2022-03-23T00:00:00,1.08,,1.86,
2022-03-24T00:00:00,1.16,,1.99,
2022-03-25T00:00:00,1.27,,2.21,
2022-03-26T00:00:00,1.61,,2.78,
2022-03-27T00:00:00,1.86,,4.43,
2022-03-28T00:00:00,2.1,,3.27,
2022-03-29T00:00:00,2.2,,3.56,
2022-03-30T00:00:00,2.15,,3.44,
2022-03-31T00:00:00,2.17,,2.85,
2022-04-01T00:00:00,2.06,,2.67,
2022-04-02T00:00:00,1.98,,2.55,
2022-04-03T00:00:00,1.96,,2.3,
2022-04-04T00:00:00,1.89,,1.91,
2022-04-05T00:00:00,1.99,,2.06,
2022-04-06T00:00:00,2.26,,2.16,
2022-04-07T00:00:00,2.11,,2.0,
2022-04-08T00:00:00,2.18,,2.07,
2022-04-09T00:00:00,2.72,,3.11,
2022-04-10T00:00:00,2.8,,3.76,
2022-04-11T00:00:00,2.93,,4.03,
2022-04-12T00:00:00,3.24,,4.51,
2022-04-13T00:00:00,3.46,,5.2,
2022-04-14T00:00:00,3.87,,5.99,
2022-04-15T00:00:00,3.69,,6.25,
2022-04-16T00:00:00,4.11,,6.48,
2022-04-17T00:00:00,4.56,,6.79,
2022-04-18T00:00:00,5.22,,7.42,
2022-04-19T00:00:00,6.2,,8.51,
2022-04-20T00:00:00,7.56,,10.27,
2022-04-21T00:00:00,9.58,,12.72,
2022-04-22T00:00:00,11.28,,14.23,
2022-04-23T00:00:00,12.6,,14.87,
2022-04-24T00:00:00,,,15.22,
2022-04-25T00:00:00,,,14.57,
2022-04-26T00:00:00,,,13.17,
2022-04-27T00:00:00,13.34,,11.17,
2022-04-28T00:00:00,12.3,,8.72,
2022-04-29T00:00:00,10.92,,7.04,
2022-04-30T00:00:00,9.66,,5.94,
2022-05-01T00:00:00,8.69,,5.37,
2022-05-02T00:00:00,8.09,,5.21,
2022-05-03T00:00:00,7.47,,5.0,
2022-05-04T00:00:00,6.62,,4.38,
2022-05-05T00:00:00,5.87,,3.81,
2022-05-06T00:00:00,5.34,,3.49,
2022-05-07T00:00:00,4.98,,3.44,
2022-05-08T00:00:00,4.71,,3.49,
2022-05-09T00:00:00,4.26,,3.2,
2022-05-10T00:00:00,3.82,,2.87,
2022-05-11T00:00:00,3.48,,2.62,
2022-05-12T00:00:00,3.19,,2.46,
2022-05-13T00:00:00,2.95,,2.35,
2022-05-14T00:00:00,2.66,,2.15,
2022-05-15T00:00:00,2.42,,2.04,
2022-05-16T00:00:00,2.21,,2.03,
2022-05-17T00:00:00,2.01,,1.98,
2022-05-18T00:00:00,1.81,,1.81,
2022-05-19T00:00:00,1.66,,1.69,
2022-05-20T00:00:00,1.51,,1.56,
2022-05-21T00:00:00,1.37,,1.45,
2022-05-22T00:00:00,1.25,,1.35,
2022-05-23T00:00:00,1.14,,1.27,
2022-05-24T00:00:00,1.05,,1.21,
2022-05-25T00:00:00,0.96,,1.14,
2022-05-26T00:00:00,0.89,,1.1,
2022-05-27T00:00:00,0.84,,1.1,
2022-05-28T00:00:00,0.79,,1.07,
2022-05-29T00:00:00,0.73,,1.04,
2022-05-30T00:00:00,0.68,,1.01,
2022-05-31T00:00:00,0.63,,1.01,
2022-06-01T00:00:00,0.59,,1.04,
2022-06-02T00:00:00,0.58,,1.1,
2022-06-03T00:00:00,0.56,,1.18,
2022-06-04T00:00:00,0.51,,1.14,
2022-06-05T00:00:00,0.47,,1.15,
2022-06-06T00:00:00,0.43,,1.11,
2022-06-07T00:00:00,0.39,,1.03,
2022-06-08T00:00:00,0.36,,0.96,
2022-06-09T00:00:00,0.38,,1.04,
2022-06-10T00:00:00,0.37,,1.09,
2022-06-11T00:00:00,0.35,,1.04,
2022-06-12T00:00:00,0.32,,0.96,
2022-06-13T00:00:00,0.3,,0.91,
2022-06-14T00:00:00,0.28,,0.85,
2022-06-15T00:00:00,0.29,,1.02,
2022-06-16T00:00:00,0.31,,1.4,
2022-06-17T00:00:00,0.29,,1.32,
2022-06-18T00:00:00,0.28,,1.23,
2022-06-19T00:00:00,0.32,,1.41,
2022-06-20T00:00:00,0.3,,1.33,
2022-06-21T00:00:00,0.28,,1.21,
2022-06-22T00:00:00,0.27,,1.11,
2022-06-23T00:00:00,0.25,,1.02,
2022-06-24T00:00:00,0.24,,0.95,
2022-06-25T00:00:00,0.23,,0.89,
2022-06-26T00:00:00,0.21,,0.82,
2022-06-27T00:00:00,0.2,,0.77,
2022-06-28T00:00:00,0.19,,0.73,
2022-06-29T00:00:00,0.17,,0.69,
2022-06-30T00:00:00,0.16,,0.65,
2022-07-01T00:00:00,0.15,,0.62,
2022-07-02T00:00:00,0.14,,0.6,
2022-07-03T00:00:00,0.13,,0.6,
2022-07-04T00:00:00,0.13,,0.65,
2022-07-05T00:00:00,0.12,,0.63,
2022-07-06T00:00:00,0.12,,0.61,
2022-07-07T00:00:00,0.11,,0.59,
2022-07-08T00:00:00,0.1,,0.57,
2022-07-09T00:00:00,0.09,,0.55,
2022-07-10T00:00:00,0.1,,0.58,
2022-07-11T00:00:00,0.09,,0.62,
2022-07-12T00:00:00,0.09,,0.65,
2022-07-13T00:00:00,0.16,,0.83,
2022-07-14T00:00:00,0.15,,0.94,
2022-07-15T00:00:00,0.15,,1.02,
2022-07-16T00:00:00,0.13,,0.97,
2022-07-17T00:00:00,0.12,,0.92,
2022-07-18T00:00:00,0.13,,0.94,
2022-07-19T00:00:00,0.11,,0.94,
2022-07-20T00:00:00,0.12,,1.0,
2022-07-21T00:00:00,0.1,,0.96,
2022-07-22T00:00:00,0.09,,0.88,
2022-07-23T00:00:00,0.09,,0.85,
2022-07-24T00:00:00,0.09,,0.88,
2022-07-25T00:00:00,0.09,,0.88,
2022-07-26T00:00:00,0.09,,0.82,
2022-07-27T00:00:00,0.09,,0.82,
2022-07-28T00:00:00,0.09,,0.82,
2022-07-29T00:00:00,0.09,,0.82,
2022-07-30T00:00:00,0.08,,0.8,
2022-07-31T00:00:00,0.08,,0.77,
2022-08-01T00:00:00,0.08,,0.73,
2022-08-02T00:00:00,0.07,,0.71,
2022-08-03T00:00:00,0.07,,0.69,
2022-08-04T00:00:00,0.07,,0.66,
2022-08-05T00:00:00,0.07,,0.64,
2022-08-06T00:00:00,0.07,,0.64,
2022-08-07T00:00:00,0.07,,0.65,
2022-08-08T00:00:00,0.06,,0.65,
2022-08-09T00:00:00,0.06,,0.63,
2022-08-10T00:00:00,0.06,,0.61,
2022-08-11T00:00:00,0.05,,0.58,
2022-08-12T00:00:00,0.05,,0.57,
2022-08-13T00:00:00,0.04,,0.57,
2022-08-14T00:00:00,0.04,,0.55,
2022-08-15T00:00:00,0.04,,0.54,
2022-08-16T00:00:00,0.03,,0.53,
2022-08-17T00:00:00,0.03,,0.52,
2022-08-18T00:00:00,0.03,,0.53,
2022-08-19T00:00:00,0.02,,0.53,
2022-08-20T00:00:00,0.02,,0.51,
2022-08-21T00:00:00,0.02,,0.49,
2022-08-22T00:00:00,0.02,,0.49,
2022-08-23T00:00:00,0.02,,0.52,
2022-08-24T00:00:00,0.02,,0.53,
2022-08-25T00:00:00,0.02,,0.56,
2022-08-26T00:00:00,0.02,,0.56,
2022-08-27T00:00:00,0.02,,0.55,
2022-08-28T00:00:00,0.02,,0.56,
2022-08-29T00:00:00,0.02,,0.59,
2022-08-30T00:00:00,0.02,,0.62,
2022-08-31T00:00:00,0.02,,0.64,
2022-09-01T00:00:00,0.05,,0.74,
2022-09-02T00:00:00,0.03,,0.82,
2022-09-03T00:00:00,0.03,,0.77,
2022-09-04T00:00:00,0.02,,0.74,
2022-09-05T00:00:00,0.02,,0.72,
2022-09-06T00:00:00,0.02,,0.69,
2022-09-07T00:00:00,0.02,,0.68,
2022-09-08T00:00:00,0.02,,0.65,
2022-09-09T00:00:00,0.01,,0.63,
2022-09-10T00:00:00,0.01,,0.62,
2022-09-11T00:00:00,0.01,,0.62,
2022-09-12T00:00:00,0.01,,0.61,
2022-09-13T00:00:00,0.01,,0.61,
2022-09-14T00:00:00,0.01,,0.61,
2022-09-15T00:00:00,0.02,,0.64,
2022-09-16T00:00:00,0.04,,0.95,
2022-09-17T00:00:00,0.07,,1.38,
2022-09-18T00:00:00,0.06,,1.47,
2022-09-19T00:00:00,0.05,,1.3,
2022-09-20T00:00:00,0.04,,1.2,
2022-09-21T00:00:00,0.03,,1.07,
2022-09-22T00:00:00,0.03,,0.98,
2022-09-23T00:00:00,0.03,,0.93,
2022-09-24T00:00:00,0.02,,0.88,
2022-09-25T00:00:00,0.02,,0.86,
2022-09-26T00:00:00,0.03,,0.84,
2022-09-27T00:00:00,0.03,,0.83,
2022-09-28T00:00:00,0.03,,0.81,
2022-09-29T00:00:00,0.04,,0.87,
2022-09-30T00:00:00,0.09,,1.05,
2022-10-01T00:00:00,0.1,,1.32,
2022-10-02T00:00:00,0.09,,1.26,
2022-10-03T00:00:00,0.08,,1.19,
2022-10-04T00:00:00,0.09,,1.2,
2022-10-05T00:00:00,0.1,,1.28,
2022-10-06T00:00:00,0.11,,1.3,
2022-10-07T00:00:00,0.12,,1.43,
2022-10-08T00:00:00,0.12,,1.36,
2022-10-09T00:00:00,0.1,,1.29,
2022-10-10T00:00:00,0.1,,1.2,
2022-10-11T00:00:00,0.09,,1.14,
2022-10-12T00:00:00,0.1,,1.14,
2022-10-13T00:00:00,0.1,,1.09,
2022-10-14T00:00:00,0.1,,1.05,
2022-10-15T00:00:00,0.1,,1.04,
2022-10-16T00:00:00,0.11,,1.04,
2022-10-17T00:00:00,0.18,,1.31,
2022-10-18T00:00:00,0.19,,1.47,
2022-10-19T00:00:00,0.18,,1.45,
2022-10-20T00:00:00,0.17,,1.36,
2022-10-21T00:00:00,0.16,,1.28,
2022-10-22T00:00:00,0.15,,1.24,
2022-10-23T00:00:00,0.14,,1.19,
2022-10-24T00:00:00,0.14,,1.15,
2022-10-25T00:00:00,0.14,,1.09,
2022-10-26T00:00:00,0.14,,1.06,
2022-10-27T00:00:00,0.14,,1.07,
2022-10-28T00:00:00,0.16,,1.12,
2022-10-29T00:00:00,0.17,,1.15,
2022-10-30T00:00:00,0.18,,1.23,
2022-10-31T00:00:00,0.17,,1.16,
2022-11-01T00:00:00,0.18,,1.14,
2022-11-02T00:00:00,0.19,,1.15,
2022-11-03T00:00:00,0.2,,1.12,
2022-11-04T00:00:00,0.2,,1.09,
2022-11-05T00:00:00,0.21,,1.06,
2022-11-06T00:00:00,0.22,,1.06,
2022-11-07T00:00:00,0.25,,1.21,
2022-11-08T00:00:00,0.3,,1.39,
2022-11-09T00:00:00,0.36,,1.6,
2022-11-10T00:00:00,0.4,,1.83,
2022-11-11T00:00:00,0.4,,1.8,
2022-11-12T00:00:00,0.43,,1.86,
2022-11-13T00:00:00,0.45,,1.8,
2022-11-14T00:00:00,0.45,,1.62,
2022-11-15T00:00:00,0.64,,1.98,
2022-11-16T00:00:00,0.73,,2.36,
2022-11-17T00:00:00,0.69,,2.25,
2022-11-18T00:00:00,0.66,,2.07,
2022-11-19T00:00:00,0.64,,1.88,
2022-11-20T00:00:00,0.63,,1.7,
2022-11-21T00:00:00,0.6,,1.56,
2022-11-22T00:00:00,0.57,,1.46,
2022-11-23T00:00:00,0.55,,1.38,
2022-11-24T00:00:00,0.52,,1.29,
2022-11-25T00:00:00,0.49,,1.21,
2022-11-26T00:00:00,0.46,,1.16,
2022-11-27T00:00:00,0.44,,1.09,
2022-11-28T00:00:00,0.42,,1.05,
2022-11-29T00:00:00,0.4,,1.01,
2022-11-30T00:00:00,0.39,,1.0,
2022-12-01T00:00:00,0.39,,1.01,
2022-12-02T00:00:00,0.38,,0.99,
2022-12-03T00:00:00,0.36,,0.97,
2022-12-04T00:00:00,0.36,,0.96,
2022-12-05T00:00:00,0.36,,0.98,
2022-12-06T00:00:00,0.35,,0.98,
2022-12-07T00:00:00,0.36,,1.01,
2022-12-08T00:00:00,0.36,,1.03,
2022-12-09T00:00:00,0.36,,1.02,
2022-12-10T00:00:00,0.36,,1.01,
2022-12-11T00:00:00,0.35,,0.99,
2022-12-12T00:00:00,0.35,,0.91,
2022-12-13T00:00:00,,,0.98,
2022-12-14T00:00:00,,,1.0,
2022-12-15T00:00:00,,,1.05,
2022-12-16T00:00:00,,,1.08,
2022-12-17T00:00:00,,,1.05,
2022-12-18T00:00:00,,,1.05,
2022-12-19T00:00:00,,,1.07,
2022-12-20T00:00:00,,,1.06,
2022-12-21T00:00:00,,,1.08,
2022-12-22T00:00:00,,,1.14,
2022-12-23T00:00:00,,,1.37,
2022-12-24T00:00:00,,,1.58,
2022-12-25T00:00:00,,,1.54,
2022-12-26T00:00:00,,,1.57,
2022-12-27T00:00:00,,,1.42,
2022-12-28T00:00:00,,,1.4,
2022-12-29T00:00:00,,,1.35,
2022-12-30T00:00:00,,,1.33,
2022-12-31T00:00:00,,,1.36,
2023-01-01T00:00:00,,,1.73,
2023-01-02T00:00:00,,,2.45,
2023-01-03T00:00:00,,,2.2,
2023-01-04T00:00:00,,,1.66,
2023-01-05T00:00:00,,,1.82,
2023-01-06T00:00:00,,,1.51,
2023-01-07T00:00:00,,,1.33,
2023-01-08T00:00:00,,,1.25,
2023-01-09T00:00:00,,,1.22,
2023-01-10T00:00:00,,,1.23,
2023-01-11T00:00:00,,,1.24,
2023-01-12T00:00:00,,,1.3,
2023-01-13T00:00:00,,,1.43,
2023-01-14T00:00:00,,,1.55,
2023-01-15T00:00:00,,,2.74,
2023-01-16T00:00:00,,,4.37,
2023-01-17T00:00:00,,,5.79,
2023-01-18T00:00:00,,,5.26,
2023-01-19T00:00:00,2.24,,4.62,
2023-01-20T00:00:00,2.55,,4.12,
2023-01-21T00:00:00,2.55,,5.24,
2023-01-22T00:00:00,2.53,,4.54,
2023-01-23T00:00:00,2.44,,2.84,
2023-01-24T00:00:00,2.24,,2.62,
2023-01-25T00:00:00,2.11,,2.46,
2023-01-26T00:00:00,2.12,,2.73,
2023-01-27T00:00:00,2.18,,3.08,
2023-01-28T00:00:00,2.07,,4.46,
2023-01-29T00:00:00,2.01,,2.78,
2023-01-30T00:00:00,1.96,,2.68,
2023-01-31T00:00:00,1.99,,2.73,
2023-02-01T00:00:00,1.89,,2.58,
2023-02-02T00:00:00,1.76,,2.38,
2023-02-03T00:00:00,1.64,,2.33,
2023-02-04T00:00:00,1.53,,2.05,
2023-02-05T00:00:00,1.29,,2.92,
2023-02-06T00:00:00,1.51,,1.81,
2023-02-07T00:00:00,1.31,,1.67,
2023-02-08T00:00:00,1.22,,1.6,
2023-02-09T00:00:00,1.17,,1.57,
2023-02-10T00:00:00,1.14,,1.6,
2023-02-11T00:00:00,1.09,,2.01,
2023-02-12T00:00:00,0.96,,1.76,
2023-02-13T00:00:00,1.09,,1.45,
2023-02-14T00:00:00,0.98,,1.42,
2023-02-15T00:00:00,0.92,,1.36,
2023-02-16T00:00:00,0.89,,1.31,
2023-02-17T00:00:00,0.88,,1.32,
2023-02-18T00:00:00,0.87,,1.32,
2023-02-19T00:00:00,0.84,,1.33,
2023-02-20T00:00:00,0.83,,1.3,
2023-02-21T00:00:00,0.8,,1.28,
2023-02-22T00:00:00,0.75,,1.24,
2023-02-23T00:00:00,0.82,,1.2,
2023-02-24T00:00:00,0.83,,1.22,
2023-02-25T00:00:00,0.79,,1.25,
2023-02-26T00:00:00,0.76,,1.22,
2023-02-27T00:00:00,0.73,,1.17,
2023-02-28T00:00:00,0.74,,1.16,
2023-03-01T00:00:00,0.72,,1.14,
2023-03-02T00:00:00,0.71,,1.13,
2023-03-03T00:00:00,0.71,,1.11,
2023-03-04T00:00:00,0.69,,1.1,
2023-03-05T00:00:00,0.68,,1.08,
2023-03-06T00:00:00,0.66,,1.07,
2023-03-07T00:00:00,0.62,,1.03,
2023-03-08T00:00:00,0.7,,1.02,
2023-03-09T00:00:00,0.72,,1.04,
2023-03-10T00:00:00,0.69,,1.07,
2023-03-11T00:00:00,0.7,,1.09,
2023-03-12T00:00:00,0.73,,1.15,
2023-03-13T00:00:00,0.73,,1.13,
2023-03-14T00:00:00,0.87,,1.4,
2023-03-15T00:00:00,1.5,,2.49,
2023-03-16T00:00:00,1.59,,3.0,
2023-03-17T00:00:00,1.49,,2.88,
2023-03-18T00:00:00,1.38,,2.62,
2023-03-19T00:00:00,1.36,,2.38,
2023-03-20T00:00:00,1.4,,2.31,
2023-03-21T00:00:00,1.58,,2.63,
2023-03-22T00:00:00,1.63,,2.83,
2023-03-23T00:00:00,1.99,,3.71,
2023-03-24T00:00:00,2.72,,5.67,
2023-03-25T00:00:00,3.76,,7.72,
2023-03-26T00:00:00,4.62,,8.94,
2023-03-27T00:00:00,4.51,,7.89,
2023-03-28T00:00:00,4.45,,6.35,
2023-03-29T00:00:00,4.4,,5.19,
2023-03-30T00:00:00,4.15,,4.65,
2023-03-31T00:00:00,3.83,,3.66,
2023-04-01T00:00:00,3.55,,3.37,
2023-04-02T00:00:00,3.24,,2.97,
2023-04-03T00:00:00,2.94,,2.7,
2023-04-04T00:00:00,2.7,,2.44,
2023-04-05T00:00:00,2.49,,2.27,
2023-04-06T00:00:00,2.36,,2.26,
2023-04-07T00:00:00,2.35,,2.54,
2023-04-08T00:00:00,2.42,,2.97,
2023-04-09T00:00:00,2.59,,3.54,
2023-04-10T00:00:00,2.91,,4.31,
2023-04-11T00:00:00,3.16,,5.1,
2023-04-12T00:00:00,3.77,,6.11,
2023-04-13T00:00:00,4.87,,7.48,
2023-04-14T00:00:00,4.87,,7.24,
2023-04-15T00:00:00,4.98,,6.5,
2023-04-16T00:00:00,4.98,,5.99,
2023-04-17T00:00:00,5.09,,5.84,
2023-04-18T00:00:00,5.2,,5.75,
2023-04-19T00:00:00,5.31,,5.69,
2023-04-20T00:00:00,5.43,,5.91,
2023-04-21T00:00:00,5.43,,6.2,
2023-04-22T00:00:00,5.67,,6.45,
2023-04-23T00:00:00,5.79,,6.25,
2023-04-24T00:00:00,5.73,,5.71,
2023-04-25T00:00:00,5.54,,5.27,
2023-04-26T00:00:00,5.26,,4.73,
2023-04-27T00:00:00,4.87,,4.19,
2023-04-28T00:00:00,5.15,,4.74,
2023-04-29T00:00:00,4.81,,4.34,
2023-04-30T00:00:00,4.74,,4.33,
2023-05-01T00:00:00,4.71,,4.39,
2023-05-02T00:00:00,4.31,,3.81,
2023-05-03T00:00:00,4.04,,3.52,
2023-05-04T00:00:00,3.77,,3.15,
2023-05-05T00:00:00,3.43,,2.86,
2023-05-06T00:00:00,3.12,,2.56,
2023-05-07T00:00:00,2.85,,2.31,
2023-05-08T00:00:00,2.58,,2.09,
2023-05-09T00:00:00,2.35,,1.93,
2023-05-10T00:00:00,2.13,,1.77,
2023-05-11T00:00:00,1.94,,1.64,
2023-05-12T00:00:00,1.77,,1.52,
2023-05-13T00:00:00,1.62,,1.41,
2023-05-14T00:00:00,1.48,,1.31,
2023-05-15T00:00:00,1.37,,1.23,
2023-05-16T00:00:00,1.27,,1.17,
2023-05-17T00:00:00,1.35,,1.39,
2023-05-18T00:00:00,1.25,,1.42,
2023-05-19T00:00:00,1.14,,1.32,
2023-05-20T00:00:00,1.05,,1.23,
2023-05-21T00:00:00,0.94,,1.15,
2023-05-22T00:00:00,0.85,,1.08,
2023-05-23T00:00:00,0.76,,1.01,
2023-05-24T00:00:00,0.69,,0.97,
2023-05-25T00:00:00,0.63,,0.93,
2023-05-26T00:00:00,0.58,,0.9,
2023-05-27T00:00:00,0.54,,0.87,
2023-05-28T00:00:00,0.49,,0.83,
2023-05-29T00:00:00,0.46,,0.81,
2023-05-30T00:00:00,0.43,,0.78,
2023-05-31T00:00:00,0.4,,0.75,
2023-06-01T00:00:00,0.38,,0.75,
2023-06-02T00:00:00,0.37,,0.75,
2023-06-03T00:00:00,0.37,,0.79,
2023-06-04T00:00:00,0.36,,0.78,
2023-06-05T00:00:00,0.35,,0.76,
2023-06-06T00:00:00,0.34,,0.74,
2023-06-07T00:00:00,0.33,,0.75,
2023-06-08T00:00:00,0.32,,0.73,
2023-06-09T00:00:00,0.31,,0.73,
2023-06-10T00:00:00,0.3,,0.7,
2023-06-11T00:00:00,0.28,,0.67,
2023-06-12T00:00:00,0.27,,0.63,
2023-06-13T00:00:00,0.25,,0.61,
2023-06-14T00:00:00,0.24,,0.6,
2023-06-15T00:00:00,0.23,,0.58,
2023-06-16T00:00:00,0.22,,0.57,
2023-06-17T00:00:00,0.2,,0.54,
2023-06-18T00:00:00,0.19,,0.51,
2023-06-19T00:00:00,0.17,,0.5,
2023-06-20T00:00:00,0.16,,0.48,
2023-06-21T00:00:00,0.15,,0.47,
2023-06-22T00:00:00,0.14,,0.46,
2023-06-23T00:00:00,0.13,,0.48,
2023-06-24T00:00:00,0.13,,0.48,
2023-06-25T00:00:00,0.13,,0.6,
2023-06-26T00:00:00,0.12,,0.68,
2023-06-27T00:00:00,0.11,,0.64,
2023-06-28T00:00:00,0.1,,0.61,
2023-06-29T00:00:00,0.1,,0.59,
2023-06-30T00:00:00,0.09,,0.63,
2023-07-01T00:00:00,0.1,,0.66,
2023-07-02T00:00:00,0.16,,0.98,
2023-07-03T00:00:00,0.27,,1.55,
2023-07-04T00:00:00,0.4,,1.99,
2023-07-05T00:00:00,0.42,,2.19,
2023-07-06T00:00:00,0.39,,2.03,
2023-07-07T00:00:00,0.43,,1.87,
2023-07-08T00:00:00,0.53,,1.82,
2023-07-09T00:00:00,0.57,,1.75,
2023-07-10T00:00:00,0.56,,1.61,
2023-07-11T00:00:00,0.55,,1.42,
2023-07-12T00:00:00,0.54,,1.25,
2023-07-13T00:00:00,0.52,,1.11,
2023-07-14T00:00:00,0.49,,1.0,
2023-07-15T00:00:00,0.47,,0.92,
2023-07-16T00:00:00,0.44,,0.83,
2023-07-17T00:00:00,0.42,,0.78,
2023-07-18T00:00:00,0.4,,0.77,
2023-07-19T00:00:00,0.37,,0.79,
2023-07-20T00:00:00,0.35,,0.77,
2023-07-21T00:00:00,0.33,,0.74,
2023-07-22T00:00:00,0.32,,0.69,
2023-07-23T00:00:00,0.3,,0.64,
2023-07-24T00:00:00,0.29,,0.62,
2023-07-25T00:00:00,0.27,,0.62,
2023-07-26T00:00:00,0.27,,0.63,
2023-07-27T00:00:00,0.27,,0.7,
2023-07-28T00:00:00,0.28,,0.76,
2023-07-29T00:00:00,0.31,,0.89,
2023-07-30T00:00:00,0.32,,0.93,
2023-07-31T00:00:00,0.3,,0.88,
2023-08-01T00:00:00,0.3,,0.83,
2023-08-02T00:00:00,0.29,,0.77,
2023-08-03T00:00:00,0.29,,0.76,
2023-08-04T00:00:00,0.28,,0.74,
2023-08-05T00:00:00,0.28,,0.72,
2023-08-06T00:00:00,0.27,,0.7,
2023-08-07T00:00:00,0.26,,0.66,
2023-08-08T00:00:00,0.25,,0.64,
2023-08-09T00:00:00,0.23,,0.65,
2023-08-10T00:00:00,0.23,,0.63,
2023-08-11T00:00:00,0.22,,0.61,
2023-08-12T00:00:00,0.22,,0.61,
2023-08-13T00:00:00,0.21,,0.66,
2023-08-14T00:00:00,0.2,,0.65,
2023-08-15T00:00:00,0.19,,0.62,
2023-08-16T00:00:00,0.18,,0.6,
2023-08-17T00:00:00,0.17,,0.6,
2023-08-18T00:00:00,0.16,,0.59,
2023-08-19T00:00:00,0.16,,0.57,
2023-08-20T00:00:00,0.15,,0.55,
2023-08-21T00:00:00,0.14,,0.54,
2023-08-22T00:00:00,0.14,,0.55,
2023-08-23T00:00:00,0.13,,0.59,
2023-08-24T00:00:00,0.13,,0.56,
2023-08-25T00:00:00,0.13,,0.6,
2023-08-26T00:00:00,0.13,,0.68,
2023-08-27T00:00:00,0.12,,0.65,
2023-08-28T00:00:00,,,0.63,
2023-08-29T00:00:00,,,0.63,
2023-08-30T00:00:00,0.12,,0.63,
2023-08-31T00:00:00,0.13,,0.7,
2023-09-01T00:00:00,0.13,,0.8,
2023-09-02T00:00:00,0.13,,0.8,
2023-09-03T00:00:00,0.13,,0.77,
2023-09-04T00:00:00,0.13,,0.74,
2023-09-05T00:00:00,0.13,,0.7,
2023-09-06T00:00:00,0.13,,0.7,
2023-09-07T00:00:00,0.13,,0.67,
2023-09-08T00:00:00,0.12,,0.64,
2023-09-09T00:00:00,0.12,,0.63,
2023-09-10T00:00:00,0.12,,0.62,
2023-09-11T00:00:00,0.12,,0.61,
2023-09-12T00:00:00,0.11,,0.61,
2023-09-13T00:00:00,0.11,,0.63,
2023-09-14T00:00:00,0.36,,0.99,
2023-09-15T00:00:00,0.34,,1.44,
2023-09-16T00:00:00,0.28,,1.38,
2023-09-17T00:00:00,0.27,,1.31,
2023-09-18T00:00:00,0.29,,1.32,
2023-09-19T00:00:00,0.29,,1.24,
2023-09-20T00:00:00,0.39,,1.24,
2023-09-21T00:00:00,0.41,,1.35,
2023-09-22T00:00:00,0.4,,1.29,
2023-09-23T00:00:00,0.41,,1.23,
2023-09-24T00:00:00,0.54,,1.45,
2023-09-25T00:00:00,0.58,,1.57,
2023-09-26T00:00:00,0.55,,1.48,
2023-09-27T00:00:00,0.52,,1.38,
2023-09-28T00:00:00,0.5,,1.31,
2023-09-29T00:00:00,0.49,,1.24,
2023-09-30T00:00:00,0.61,,1.36,
2023-10-01T00:00:00,0.69,,1.83,
2023-10-02T00:00:00,0.63,,1.77,
2023-10-03T00:00:00,0.59,,1.66,
2023-10-04T00:00:00,1.04,,2.34,
2023-10-05T00:00:00,1.3,,3.34,
2023-10-06T00:00:00,1.17,,3.25,
2023-10-07T00:00:00,1.53,,3.59,
2023-10-08T00:00:00,2.69,,5.64,
2023-10-09T00:00:00,2.93,,6.14,
2023-10-10T00:00:00,2.54,,5.33,
2023-10-11T00:00:00,2.55,,4.56,
2023-10-12T00:00:00,2.92,,4.53,
2023-10-13T00:00:00,2.87,,4.03,
2023-10-14T00:00:00,2.84,,3.55,
2023-10-15T00:00:00,3.09,,3.8,
2023-10-16T00:00:00,3.0,,3.59,
2023-10-17T00:00:00,2.79,,3.16,
2023-10-18T00:00:00,2.59,,2.79,
2023-10-19T00:00:00,2.41,,2.49,
2023-10-20T00:00:00,2.21,,2.23,
2023-10-21T00:00:00,2.03,,2.01,
2023-10-22T00:00:00,1.87,,1.85,
2023-10-23T00:00:00,1.74,,1.74,
2023-10-24T00:00:00,,,1.65,
2023-10-25T00:00:00,,,1.55,
2023-10-26T00:00:00,,,1.47,
2023-10-27T00:00:00,,,1.41,
2023-10-28T00:00:00,,,1.36,
2023-10-29T00:00:00,,,1.31,
2023-10-30T00:00:00,,,1.26,
2023-10-31T00:00:00,,,1.23,
2023-11-01T00:00:00,,,2.12,
2023-11-02T00:00:00,2.0,,3.18,
2023-11-03T00:00:00,1.76,,3.2,
2023-11-04T00:00:00,1.7,,2.99,
2023-11-05T00:00:00,1.71,,2.87,
2023-11-06T00:00:00,1.83,,2.87,
2023-11-07T00:00:00,2.33,,3.6,
2023-11-08T00:00:00,2.35,,3.83,
2023-11-09T00:00:00,2.23,,3.54,
2023-11-10T00:00:00,2.31,,3.4,
2023-11-11T00:00:00,2.8,,3.97,
2023-11-12T00:00:00,2.9,,4.2,
2023-11-13T00:00:00,2.91,,4.13,
2023-11-14T00:00:00,2.81,,3.73,
2023-11-15T00:00:00,2.67,,3.28,
2023-11-16T00:00:00,2.51,,2.92,
2023-11-17T00:00:00,2.34,,2.58,
2023-11-18T00:00:00,2.17,,2.29,
2023-11-19T00:00:00,2.04,,2.09,
2023-11-20T00:00:00,1.91,,1.94,
2023-11-21T00:00:00,1.78,,1.82,
2023-11-22T00:00:00,1.65,,1.68,
2023-11-23T00:00:00,1.61,,1.69,
2023-11-24T00:00:00,1.57,,1.68,
2023-11-25T00:00:00,1.54,,1.61,
2023-11-26T00:00:00,2.38,,1.55,
2023-11-27T00:00:00,1.93,,1.42,
2023-11-28T00:00:00,1.37,,1.42,
2023-11-29T00:00:00,1.24,,1.39,
2023-11-30T00:00:00,1.16,,1.39,
2023-12-01T00:00:00,1.1,,1.39,
2023-12-02T00:00:00,1.07,,1.38,
2023-12-03T00:00:00,1.0,,1.33,
2023-12-04T00:00:00,0.97,,1.29,
2023-12-05T00:00:00,0.91,,1.24,
2023-12-06T00:00:00,0.91,,1.23,
2023-12-07T00:00:00,0.86,,1.24,
2023-12-08T00:00:00,0.83,,1.33,
2023-12-09T00:00:00,0.81,,1.42,
2023-12-10T00:00:00,0.78,,1.41,
2023-12-11T00:00:00,0.75,,1.36,
2023-12-12T00:00:00,0.73,,1.33,
2023-12-13T00:00:00,0.72,,1.33,
2023-12-14T00:00:00,0.72,,1.29,
2023-12-15T00:00:00,0.7,,1.24,
2023-12-16T00:00:00,0.68,,1.2,
2023-12-17T00:00:00,0.72,,1.26,
2023-12-18T00:00:00,0.72,,1.31,
2023-12-19T00:00:00,0.79,,1.43,
2023-12-20T00:00:00,0.94,,1.75,
2023-12-21T00:00:00,0.94,,1.87,
2023-12-22T00:00:00,0.94,,1.88,
2023-12-23T00:00:00,0.96,,1.86,
2023-12-24T00:00:00,0.99,,1.81,
2023-12-25T00:00:00,1.01,,1.74,
2023-12-26T00:00:00,1.0,,1.67,
2023-12-27T00:00:00,0.96,,2.8,
2023-12-28T00:00:00,0.95,,2.17,
2023-12-29T00:00:00,0.93,,1.5,
2023-12-30T00:00:00,0.91,,1.5,
2023-12-31T00:00:00,0.83,,1.39,
2024-01-01T00:00:00,,,,
2024-01-02T00:00:00,,,,
2024-01-03T00:00:00,,,,
2024-01-04T00:00:00,,,,
2024-01-05T00:00:00,,,,
2024-01-06T00:00:00,,,,
2024-01-07T00:00:00,,,,
2024-01-08T00:00:00,,,,
2024-01-09T00:00:00,,,,
2024-01-10T00:00:00,,,,
2024-01-11T00:00:00,,,,
2024-01-12T00:00:00,,,,
2024-01-13T00:00:00,,,,
2024-01-14T00:00:00,,,,
2024-01-15T00:00:00,,,,
2024-01-16T00:00:00,,,,
2024-01-17T00:00:00,,,,
2024-01-18T00:00:00,,,,
2024-01-19T00:00:00,,,,
2024-01-20T00:00:00,,,,
2024-01-21T00:00:00,,,,
2024-01-22T00:00:00,,,,
2024-01-23T00:00:00,,,,
2024-01-24T00:00:00,,,,
2024-01-25T00:00:00,,,,
2024-01-26T00:00:00,,,,
2024-01-27T00:00:00,,,,
2024-01-28T00:00:00,,,,
2024-01-29T00:00:00,,,,
2024-01-30T00:00:00,,,,
2024-01-31T00:00:00,,,,
2024-02-01T00:00:00,,,,
2024-02-02T00:00:00,,,,
2024-02-03T00:00:00,,,,
2024-02-04T00:00:00,,,,
2024-02-05T00:00:00,,,,
2024-02-06T00:00:00,,,,
2024-02-07T00:00:00,,,,
2024-02-08T00:00:00,,,,
2024-02-09T00:00:00,,,,
2024-02-10T00:00:00,,,,
2024-02-11T00:00:00,,,,
2024-02-12T00:00:00,,,,
2024-02-13T00:00:00,,,,
2024-02-14T00:00:00,,,,
2024-02-15T00:00:00,,,,
2024-02-16T00:00:00,,,,
2024-02-17T00:00:00,,,,
2024-02-18T00:00:00,,,,
2024-02-19T00:00:00,,,,
2024-02-20T00:00:00,,,,
2024-02-21T00:00:00,,,,
2024-02-22T00:00:00,,,,
2024-02-23T00:00:00,,,,
2024-02-24T00:00:00,,,,
2024-02-25T00:00:00,,,,
2024-02-26T00:00:00,,,,
2024-02-27T00:00:00,,,,
2024-02-28T00:00:00,,,,
2024-02-29T00:00:00,,,,
2024-03-01T00:00:00,,,,
2024-03-02T00:00:00,,,,
2024-03-03T00:00:00,,,,
2024-03-04T00:00:00,,,,
2024-03-05T00:00:00,,,,
2024-03-06T00:00:00,,,,
2024-03-07T00:00:00,,,,
2024-03-08T00:00:00,,,,
2024-03-09T00:00:00,,,,
2024-03-10T00:00:00,,,,
2024-03-11T00:00:00,,,,
2024-03-12T00:00:00,,,,
2024-03-13T00:00:00,,,,
2024-03-14T00:00:00,,,,
2024-03-15T00:00:00,,,,
2024-03-16T00:00:00,,,,
2024-03-17T00:00:00,,,,
2024-03-18T00:00:00,,,,
2024-03-19T00:00:00,,,,
2024-03-20T00:00:00,,,,
2024-03-21T00:00:00,,,,
2024-03-22T00:00:00,,,,
2024-03-23T00:00:00,,,,
2024-03-24T00:00:00,,,,
2024-03-25T00:00:00,,,,
2024-03-26T00:00:00,,,,
2024-03-27T00:00:00,,,,
2024-03-28T00:00:00,,,,
2024-03-29T00:00:00,,,,
2024-03-30T00:00:00,,,,
2024-03-31T00:00:00,,,,
2024-04-01T00:00:00,,,,
2024-04-02T00:00:00,,,,
2024-04-03T00:00:00,,,,
2024-04-04T00:00:00,,,,
2024-04-05T00:00:00,,,,
2024-04-06T00:00:00,,,,
2024-04-07T00:00:00,,,,
2024-04-08T00:00:00,,,,
2024-04-09T00:00:00,,,,
2024-04-10T00:00:00,,,,
2024-04-11T00:00:00,,,,
2024-04-12T00:00:00,,,,
2024-04-13T00:00:00,,,,
2024-04-14T00:00:00,,,,
2024-04-15T00:00:00,,,,
2024-04-16T00:00:00,,,,
2024-04-17T00:00:00,,,,
2024-04-18T00:00:00,,,,
2024-04-19T00:00:00,,,,
2024-04-20T00:00:00,,,,
2024-04-21T00:00:00,,,,
2024-04-22T00:00:00,,,,
2024-04-23T00:00:00,,,,
2024-04-24T00:00:00,,,,
2024-04-25T00:00:00,,,,
2024-04-26T00:00:00,,,,
2024-04-27T00:00:00,,,,
2024-04-28T00:00:00,,,,
2024-04-29T00:00:00,,,,
2024-04-30T00:00:00,,,,
2024-05-01T00:00:00,,,,
2024-05-02T00:00:00,,,,
2024-05-03T00:00:00,,,,
2024-05-04T00:00:00,,,,
2024-05-05T00:00:00,,,,
2024-05-06T00:00:00,,,,
2024-05-07T00:00:00,,,,
2024-05-08T00:00:00,,,,
2024-05-09T00:00:00,,,,
2024-05-10T00:00:00,,,,
2024-05-11T00:00:00,,,,
2024-05-12T00:00:00,,,,
2024-05-13T00:00:00,,,,
2024-05-14T00:00:00,,,,
2024-05-15T00:00:00,,,,
2024-05-16T00:00:00,,,,
2024-05-17T00:00:00,,,,
2024-05-18T00:00:00,,,,
2024-05-19T00:00:00,,,,
2024-05-20T00:00:00,,,,
2024-05-21T00:00:00,,,,
2024-05-22T00:00:00,,,,
2024-05-23T00:00:00,,,,
2024-05-24T00:00:00,,,,
2024-05-25T00:00:00,,,,
2024-05-26T00:00:00,,,,
2024-05-27T00:00:00,,,,
2024-05-28T00:00:00,,,,
2024-05-29T00:00:00,,,,
2024-05-30T00:00:00,,,,
2024-05-31T00:00:00,,,,
2024-06-01T00:00:00,,,,
2024-06-02T00:00:00,,,,
2024-06-03T00:00:00,,,,
2024-06-04T00:00:00,,,,
2024-06-05T00:00:00,,,,
2024-06-06T00:00:00,,,,
2024-06-07T00:00:00,,,,
2024-06-08T00:00:00,,,,
2024-06-09T00:00:00,,,,
2024-06-10T00:00:00,,,,
2024-06-11T00:00:00,,,,
2024-06-12T00:00:00,,,,
2024-06-13T00:00:00,,,,
2024-06-14T00:00:00,,,,
2024-06-15T00:00:00,,,,
2024-06-16T00:00:00,,,,
2024-06-17T00:00:00,,,,
2024-06-18T00:00:00,,,,
2024-06-19T00:00:00,,,,
2024-06-20T00:00:00,,,,
2024-06-21T00:00:00,,,,
2024-06-22T00:00:00,,,,
2024-06-23T00:00:00,,,,
2024-06-24T00:00:00,,,,
2024-06-25T00:00:00,,,,
2024-06-26T00:00:00,,,,
2024-06-27T00:00:00,,,,
2024-06-28T00:00:00,,,,
2024-06-29T00:00:00,,,,
2024-06-30T00:00:00,,,,
2024-07-01T00:00:00,,,,
2024-07-02T00:00:00,,,,
2024-07-03T00:00:00,,,,
2024-07-04T00:00:00,,,,
2024-07-05T00:00:00,,,,
2024-07-06T00:00:00,,,,
2024-07-07T00:00:00,,,,
2024-07-08T00:00:00,,,,
2024-07-09T00:00:00,,,,
2024-07-10T00:00:00,,,,
2024-07-11T00:00:00,,,,
2024-07-12T00:00:00,,,,
2024-07-13T00:00:00,,,,
2024-07-14T00:00:00,,,,
2024-07-15T00:00:00,,,,
2024-07-16T00:00:00,,,,
2024-07-17T00:00:00,,,,
2024-07-18T00:00:00,,,,
2024-07-19T00:00:00,,,,
2024-07-20T00:00:00,,,,
2024-07-21T00:00:00,,,,
2024-07-22T00:00:00,,,,
2024-07-23T00:00:00,,,,
2024-07-24T00:00:00,,,,
2024-07-25T00:00:00,,,,
2024-07-26T00:00:00,,,,
2024-07-27T00:00:00,,,,
2024-07-28T00:00:00,,,,
2024-07-29T00:00:00,,,,
2024-07-30T00:00:00,,,,
2024-07-31T00:00:00,,,,
2024-08-01T00:00:00,,,,
2024-08-02T00:00:00,,,,
2024-08-03T00:00:00,,,,
2024-08-04T00:00:00,,,,
2024-08-05T00:00:00,,,,
2024-08-06T00:00:00,,,,
2024-08-07T00:00:00,,,,
2024-08-08T00:00:00,,,,
2024-08-09T00:00:00,,,,
2024-08-10T00:00:00,,,,
2024-08-11T00:00:00,,,,
2024-08-12T00:00:00,,,,
2024-08-13T00:00:00,,,,
2024-08-14T00:00:00,,,,
2024-08-15T00:00:00,,,,
2024-08-16T00:00:00,,,,
2024-08-17T00:00:00,,,,
2024-08-18T00:00:00,,,,
2024-08-19T00:00:00,,,,
2024-08-20T00:00:00,,,,
2024-08-21T00:00:00,,,,
2024-08-22T00:00:00,,,,
2024-08-23T00:00:00,,,,
2024-08-24T00:00:00,,,,
2024-08-25T00:00:00,,,,
2024-08-26T00:00:00,,,,
2024-08-27T00:00:00,,,,
2024-08-28T00:00:00,,,,
2024-08-29T00:00:00,,,,
2024-08-30T00:00:00,,,,
2024-08-31T00:00:00,,,,
2024-09-01T00:00:00,,,,
2024-09-02T00:00:00,,,,
2024-09-03T00:00:00,,,,
2024-09-04T00:00:00,,,,
2024-09-05T00:00:00,,,,
2024-09-06T00:00:00,,,,
2024-09-07T00:00:00,,,,
2024-09-08T00:00:00,,,,
2024-09-09T00:00:00,,,,
2024-09-10T00:00:00,,,,
2024-09-11T00:00:00,,,,
2024-09-12T00:00:00,,,,
2024-09-13T00:00:00,,,,
2024-09-14T00:00:00,,,,
2024-09-15T00:00:00,,,,
2024-09-16T00:00:00,,,,
2024-09-17T00:00:00,,,,
2024-09-18T00:00:00,,,,
2024-09-19T00:00:00,,,,
2024-09-20T00:00:00,,,,
2024-09-21T00:00:00,,,,
2024-09-22T00:00:00,,,,
2024-09-23T00:00:00,,,,
2024-09-24T00:00:00,,,,
2024-09-25T00:00:00,,,,
2024-09-26T00:00:00,,,,
2024-09-27T00:00:00,,,,
2024-09-28T00:00:00,,,,
2024-09-29T00:00:00,,,,
2024-09-30T00:00:00,,,,
2024-10-01T00:00:00,,,,
2024-10-02T00:00:00,,,,
2024-10-03T00:00:00,,,,
2024-10-04T00:00:00,,,,
2024-10-05T00:00:00,,,,
2024-10-06T00:00:00,,,,
2024-10-07T00:00:00,,,,
2024-10-08T00:00:00,,,,
2024-10-09T00:00:00,,,,
2024-10-10T00:00:00,,,,
2024-10-11T00:00:00,,,,
2024-10-12T00:00:00,,,,
2024-10-13T00:00:00,,,,
2024-10-14T00:00:00,,,,
2024-10-15T00:00:00,,,,
2024-10-16T00:00:00,,,,
2024-10-17T00:00:00,,,,
2024-10-18T00:00:00,,,,
2024-10-19T00:00:00,,,,
2024-10-20T00:00:00,,,,
2024-10-21T00:00:00,,,,
2024-10-22T00:00:00,,,,
2024-10-23T00:00:00,,,,
2024-10-24T00:00:00,,,,
2024-10-25T00:00:00,,,,
2024-10-26T00:00:00,,,,
2024-10-27T00:00:00,,,,
2024-10-28T00:00:00,,,,
2024-10-29T00:00:00,,,,
2024-10-30T00:00:00,,,,
2024-10-31T00:00:00,,,,
2024-11-01T00:00:00,,,,
2024-11-02T00:00:00,,,,
2024-11-03T00:00:00,,,,
2024-11-04T00:00:00,,,,
2024-11-05T00:00:00,,,,
2024-11-06T00:00:00,,,,
2024-11-07T00:00:00,,,,
2024-11-08T00:00:00,,,,
2024-11-09T00:00:00,,,,
2024-11-10T00:00:00,,,,
2024-11-11T00:00:00,,,,
2024-11-12T00:00:00,,,,
2024-11-13T00:00:00,,,,
2024-11-14T00:00:00,,,,
2024-11-15T00:00:00,,,,
2024-11-16T00:00:00,,,,
2024-11-17T00:00:00,,,,
2024-11-18T00:00:00,,,,
2024-11-19T00:00:00,,,,
2024-11-20T00:00:00,,,,
2024-11-21T00:00:00,,,,
2024-11-22T00:00:00,,,,
2024-11-23T00:00:00,,,,
2024-11-24T00:00:00,,,,
2024-11-25T00:00:00,,,,
2024-11-26T00:00:00,,,,
2024-11-27T00:00:00,,,,
2024-11-28T00:00:00,,,,
2024-11-29T00:00:00,,,,
2024-11-30T00:00:00,,,,
2024-12-01T00:00:00,,,,
2024-12-02T00:00:00,,,,
2024-12-03T00:00:00,,,,
2024-12-04T00:00:00,,,,
2024-12-05T00:00:00,,,,
2024-12-06T00:00:00,,,,
2024-12-07T00:00:00,,,,
2024-12-08T00:00:00,,,,
2024-12-09T00:00:00,,,,
2024-12-10T00:00:00,,,,
2024-12-11T00:00:00,,,,
2024-12-12T00:00:00,,,,
2024-12-13T00:00:00,,,,
2024-12-14T00:00:00,,,,
2024-12-15T00:00:00,,,,
2024-12-16T00:00:00,,,,
2024-12-17T00:00:00,,,,
2024-12-18T00:00:00,,,,
2024-12-19T00:00:00,,,,
2024-12-20T00:00:00,,,,
2024-12-21T00:00:00,,,,
2024-12-22T00:00:00,,,,
2024-12-23T00:00:00,,,,
2024-12-24T00:00:00,,,,
2024-12-25T00:00:00,,,,
2024-12-26T00:00:00,,,,
2024-12-27T00:00:00,,,,
2024-12-28T00:00:00,,,,
2024-12-29T00:00:00,,,,
2024-12-30T00:00:00,,,,
2024-12-31T00:00:00,,,,
2025-01-01T00:00:00,,,,
2025-01-02T00:00:00,,,,
2025-01-03T00:00:00,,,,
2025-01-04T00:00:00,,,,
2025-01-05T00:00:00,,,,
2025-01-06T00:00:00,,,,
2025-01-07T00:00:00,,,,
2025-01-08T00:00:00,,,,
2025-01-09T00:00:00,,,,
2025-01-10T00:00:00,,,,
2025-01-11T00:00:00,,,,
2025-01-12T00:00:00,,,,
2025-01-13T00:00:00,,,,
2025-01-14T00:00:00,,,,
2025-01-15T00:00:00,,,,
2025-01-16T00:00:00,,,,
2025-01-17T00:00:00,,,,
2025-01-18T00:00:00,,,,
2025-01-19T00:00:00,,,,
2025-01-20T00:00:00,,,,
2025-01-21T00:00:00,,,,
2025-01-22T00:00:00,,,,
2025-01-23T00:00:00,,,,
2025-01-24T00:00:00,,,,
2025-01-25T00:00:00,,,,
2025-01-26T00:00:00,,,,
2025-01-27T00:00:00,,,,
2025-01-28T00:00:00,,,,
2025-01-29T00:00:00,,,,
2025-01-30T00:00:00,,,,
2025-01-31T00:00:00,,,,
2025-02-01T00:00:00,,,,
2025-02-02T00:00:00,,,,
2025-02-03T00:00:00,,,,
2025-02-04T00:00:00,,,,
2025-02-05T00:00:00,,,,
2025-02-06T00:00:00,,,,
2025-02-07T00:00:00,,,,
2025-02-08T00:00:00,,,,
2025-02-09T00:00:00,,,,
2025-02-10T00:00:00,,,,
2025-02-11T00:00:00,,,,
2025-02-12T00:00:00,,,,
2025-02-13T00:00:00,,,,
2025-02-14T00:00:00,,,,
2025-02-15T00:00:00,,,,
2025-02-16T00:00:00,,,,
2025-02-17T00:00:00,,,,
2025-02-18T00:00:00,,,,
2025-02-19T00:00:00,,,,
2025-02-20T00:00:00,,,,
2025-02-21T00:00:00,,,,
2025-02-22T00:00:00,,,,
2025-02-23T00:00:00,,,,
2025-02-24T00:00:00,,,,
2025-02-25T00:00:00,,,,
2025-02-26T00:00:00,,,,
2025-02-27T00:00:00,,,,
2025-02-28T00:00:00,,,,
2025-03-01T00:00:00,,,,
2025-03-02T00:00:00,,,,
2025-03-03T00:00:00,,,,
2025-03-04T00:00:00,,,,
2025-03-05T00:00:00,,,,
2025-03-06T00:00:00,,,,
2025-03-07T00:00:00,,,,
2025-03-08T00:00:00,,,,
2025-03-09T00:00:00,,,,
2025-03-10T00:00:00,,,,
2025-03-11T00:00:00,,,,
2025-03-12T00:00:00,,,,
2025-03-13T00:00:00,,,,
2025-03-14T00:00:00,,,,
2025-03-15T00:00:00,,,,
2025-03-16T00:00:00,,,,
2025-03-17T00:00:00,,,,
2025-03-18T00:00:00,,,,
2025-03-19T00:00:00,,,,
2025-03-20T00:00:00,,,,
2025-03-21T00:00:00,,,,
2025-03-22T00:00:00,,,,
2025-03-23T00:00:00,,,,
2025-03-24T00:00:00,,,,
2025-03-25T00:00:00,,,,
2025-03-26T00:00:00,,,,
2025-03-27T00:00:00,,,,
2025-03-28T00:00:00,,,,
2025-03-29T00:00:00,,,,
2025-03-30T00:00:00,,,,
2025-03-31T00:00:00,,,,
2025-04-01T00:00:00,,,,
2025-04-02T00:00:00,,,,
2025-04-03T00:00:00,,,,
2025-04-04T00:00:00,,,,
2025-04-05T00:00:00,,,,
2025-04-06T00:00:00,,,,
2025-04-07T00:00:00,,,,
2025-04-08T00:00:00,,,,
2025-04-09T00:00:00,,,,
2025-04-10T00:00:00,,,,
2025-04-11T00:00:00,,,,
2025-04-12T00:00:00,,,,
2025-04-13T00:00:00,,,,
2025-04-14T00:00:00,,,,
2025-04-15T00:00:00,,,,
2025-04-16T00:00:00,,,,
2025-04-17T00:00:00,,,,
2025-04-18T00:00:00,,,,
2025-04-19T00:00:00,,,,
2025-04-20T00:00:00,,,,
2025-04-21T00:00:00,,,,
2025-04-22T00:00:00,,,,
2025-04-23T00:00:00,,,,
2025-04-24T00:00:00,,,,
2025-04-25T00:00:00,,,,
2025-04-26T00:00:00,,,,
2025-04-27T00:00:00,,,,
2025-04-28T00:00:00,,,,
2025-04-29T00:00:00,,,,
2025-04-30T00:00:00,,,,
2025-05-01T00:00:00,,,,
2025-05-02T00:00:00,,,,
2025-05-03T00:00:00,,,,
2025-05-04T00:00:00,,,,
2025-05-05T00:00:00,,,,
2025-05-06T00:00:00,,,,
2025-05-07T00:00:00,,,,
2025-05-08T00:00:00,,,,
2025-05-09T00:00:00,,,,
2025-05-10T00:00:00,,,,
2025-05-11T00:00:00,,,,
2025-05-12T00:00:00,,,,
2025-05-13T00:00:00,,,,
2025-05-14T00:00:00,,,,
2025-05-15T00:00:00,,,,
2025-05-16T00:00:00,,,,
2025-05-17T00:00:00,,,,
2025-05-18T00:00:00,,,,
2025-05-19T00:00:00,,,,
2025-05-20T00:00:00,,,,
2025-05-21T00:00:00,,,,
2025-05-22T00:00:00,,,,
2025-05-23T00:00:00,,,,
2025-05-24T00:00:00,,,,
2025-05-25T00:00:00,,,,
2025-05-26T00:00:00,,,,
2025-05-27T00:00:00,,,,
2025-05-28T00:00:00,,,,
2025-05-29T00:00:00,,,,
2025-05-30T00:00:00,,,,
2025-05-31T00:00:00,,,,
2025-06-01T00:00:00,,,,
2025-06-02T00:00:00,,,,
2025-06-03T00:00:00,,,,
2025-06-04T00:00:00,,,,
2025-06-05T00:00:00,,,,
2025-06-06T00:00:00,,,,
2025-06-07T00:00:00,,,,
2025-06-08T00:00:00,,,,
2025-06-09T00:00:00,,,,
2025-06-10T00:00:00,,,,
2025-06-11T00:00:00,,,,
2025-06-12T00:00:00,,,,
2025-06-13T00:00:00,,,,
2025-06-14T00:00:00,,,,
2025-06-15T00:00:00,,,,
2025-06-16T00:00:00,,,,
2025-06-17T00:00:00,,,,
2025-06-18T00:00:00,,,,
2025-06-19T00:00:00,,,,
2025-06-20T00:00:00,,,,
2025-06-21T00:00:00,,,,
2025-06-22T00:00:00,,,,
2025-06-23T00:00:00,,,,
2025-06-24T00:00:00,,,,
2025-06-25T00:00:00,,,,
2025-06-26T00:00:00,,,,
2025-06-27T00:00:00,,,,
2025-06-28T00:00:00,,,,
2025-06-29T00:00:00,,,,
2025-06-30T00:00:00,,,,
2025-07-01T00:00:00,,,,
2025-07-02T00:00:00,,,,
2025-07-03T00:00:00,,,,
2025-07-04T00:00:00,,,,
2025-07-05T00:00:00,,,,
2025-07-06T00:00:00,,,,
2025-07-07T00:00:00,,,,
2025-07-08T00:00:00,,,,
2025-07-09T00:00:00,,,,
2025-07-10T00:00:00,,,,
2025-07-11T00:00:00,,,,
2025-07-12T00:00:00,,,,
2025-07-13T00:00:00,,,,
2025-07-14T00:00:00,,,,
2025-07-15T00:00:00,,,,
2025-07-16T00:00:00,,,,
2025-07-17T00:00:00,,,,
2025-07-18T00:00:00,,,,
2025-07-19T00:00:00,,,,
2025-07-20T00:00:00,,,,
2025-07-21T00:00:00,,,,
2025-07-22T00:00:00,,,,
2025-07-23T00:00:00,,,,
2025-07-24T00:00:00,,,,
2025-07-25T00:00:00,,,,
2025-07-26T00:00:00,,,,
2025-07-27T00:00:00,,,,
2025-07-28T00:00:00,,,,
2025-07-29T00:00:00,,,,
2025-07-30T00:00:00,,,,
2025-07-31T00:00:00,,,,
2025-08-01T00:00:00,,,,
2025-08-02T00:00:00,,,,
2025-08-03T00:00:00,,,,
2025-08-04T00:00:00,,,,
2025-08-05T00:00:00,,,,
2025-08-06T00:00:00,,,,
2025-08-07T00:00:00,,,,
2025-08-08T00:00:00,,,,
2025-08-09T00:00:00,,,,
2025-08-10T00:00:00,,,,
2025-08-11T00:00:00,,,,
2025-08-12T00:00:00,,,,
2025-08-13T00:00:00,,,,
2025-08-14T00:00:00,,,,
2025-08-15T00:00:00,,,,
2025-08-16T00:00:00,,,,
2025-08-17T00:00:00,,,,
2025-08-18T00:00:00,,,,
2025-08-19T00:00:00,,,,
2025-08-20T00:00:00,,,,
2025-08-21T00:00:00,,,,
2025-08-22T00:00:00,,,,
2025-08-23T00:00:00,,,,
2025-08-24T00:00:00,,,,
2025-08-25T00:00:00,,,,
2025-08-26T00:00:00,,,,
2025-08-27T00:00:00,,,,
2025-08-28T00:00:00,,,,
2025-08-29T00:00:00,,,,
2025-08-30T00:00:00,,,,
2025-08-31T00:00:00,,,,
2025-09-01T00:00:00,,,,
2025-09-02T00:00:00,,,,
2025-09-03T00:00:00,,,,
2025-09-04T00:00:00,,,,
2025-09-05T00:00:00,,,,
2025-09-06T00:00:00,,,,
2025-09-07T00:00:00,,,,
2025-09-08T00:00:00,,,,
2025-09-09T00:00:00,,,,
2025-09-10T00:00:00,,,,
2025-09-11T00:00:00,,,,
2025-09-12T00:00:00,,,,
2025-09-13T00:00:00,,,,
2025-09-14T00:00:00,,,,
2025-09-15T00:00:00,,,,
2025-09-16T00:00:00,,,,
2025-09-17T00:00:00,,,,
2025-09-18T00:00:00,,,,
2025-09-19T00:00:00,,,,
2025-09-20T00:00:00,,,,
2025-09-21T00:00:00,,,,
2025-09-22T00:00:00,,,,
2025-09-23T00:00:00,,,,
2025-09-24T00:00:00,,,,
2025-09-25T00:00:00,,,,
2025-09-26T00:00:00,,,,
2025-09-27T00:00:00,,,,
2025-09-28T00:00:00,,,,
2025-09-29T00:00:00,,,,
2025-09-30T00:00:00,,,,
2025-10-01T00:00:00,,,,
2025-10-02T00:00:00,,,,
2025-10-03T00:00:00,,,,
2025-10-04T00:00:00,,,,
2025-10-05T00:00:00,,,,
2025-10-06T00:00:00,,,,
2025-10-07T00:00:00,,,,
2025-10-08T00:00:00,,,,
2025-10-09T00:00:00,,,,
2025-10-10T00:00:00,,,,
2025-10-11T00:00:00,,,,
2025-10-12T00:00:00,,,,
2025-10-13T00:00:00,,,,
2025-10-14T00:00:00,,,,
2025-10-15T00:00:00,,,,
2025-10-16T00:00:00,,,,
2025-10-17T00:00:00,,,,
2025-10-18T00:00:00,,,,
2025-10-19T00:00:00,,,,
2025-10-20T00:00:00,,,,
2025-10-21T00:00:00,,,,
2025-10-22T00:00:00,,,,
2025-10-23T00:00:00,,,,
2025-10-24T00:00:00,,,,
2025-10-25T00:00:00,,,,
2025-10-26T00:00:00,,,,
2025-10-27T00:00:00,,,,
2025-10-28T00:00:00,,,,
2025-10-29T00:00:00,,,,
2025-10-30T00:00:00,,,,
2025-10-31T00:00:00,,,,
2025-11-01T00:00:00,,,,
2025-11-02T00:00:00,,,,
2025-11-03T00:00:00,,,,
2025-11-04T00:00:00,,,,
2025-11-05T00:00:00,,,,
2025-11-06T00:00:00,,,,
2025-11-07T00:00:00,,,,
2025-11-08T00:00:00,,,,
2025-11-09T00:00:00,,,,
2025-11-10T00:00:00,,,,
2025-11-11T00:00:00,,,,
2025-11-12T00:00:00,,,,
2025-11-13T00:00:00,,,,
2025-11-14T00:00:00,,,,
2025-11-15T00:00:00,,,,
2025-11-16T00:00:00,,,,
2025-11-17T00:00:00,,,,
2025-11-18T00:00:00,,,,
2025-11-19T00:00:00,,,,
2025-11-20T00:00:00,,,,
2025-11-21T00:00:00,,,,
2025-11-22T00:00:00,,,,
2025-11-23T00:00:00,,,,
2025-11-24T00:00:00,,,,
2025-11-25T00:00:00,,,,
2025-11-26T00:00:00,,,,
2025-11-27T00:00:00,,,,
2025-11-28T00:00:00,,,,
2025-11-29T00:00:00,,,,
2025-11-30T00:00:00,,,,
2025-12-01T00:00:00,,,,
2025-12-02T00:00:00,,,,
2025-12-03T00:00:00,,,,
2025-12-04T00:00:00,,,,
2025-12-05T00:00:00,,,,
2025-12-06T00:00:00,,,,
2025-12-07T00:00:00,,,,
2025-12-08T00:00:00,,,,
2025-12-09T00:00:00,,,,
2025-12-10T00:00:00,,,,
2025-12-11T00:00:00,,,,
2025-12-12T00:00:00,,,,
2025-12-13T00:00:00,,,,
2025-12-14T00:00:00,,,,
2025-12-15T00:00:00,,,,
2025-12-16T00:00:00,,,,
2025-12-17T00:00:00,,,,
2025-12-18T00:00:00,,,,
2025-12-19T00:00:00,,,,
2025-12-20T00:00:00,,,,
2025-12-21T00:00:00,,,,
2025-12-22T00:00:00,,,,
2025-12-23T00:00:00,,,,
2025-12-24T00:00:00,,,,
2025-12-25T00:00:00,,,,
2025-12-26T00:00:00,,,,
2025-12-27T00:00:00,,,,
2025-12-28T00:00:00,,,,
2025-12-29T00:00:00,,,,
2025-12-30T00:00:00,,,,
2025-12-31T00:00:00,,,,
