Date,2000110,simulated_1014
2016-01-01T00:00:00,,0
2016-01-02T00:00:00,,0
2016-01-03T00:00:00,,0
2016-01-04T00:00:00,,0
2016-01-05T00:00:00,,0
2016-01-06T00:00:00,,0
2016-01-07T00:00:00,,0
2016-01-08T00:00:00,,0
2016-01-09T00:00:00,,0
2016-01-10T00:00:00,,0
2016-01-11T00:00:00,,0
2016-01-12T00:00:00,,0
2016-01-13T00:00:00,,0
2016-01-14T00:00:00,,0
2016-01-15T00:00:00,,0
2016-01-16T00:00:00,,0
2016-01-17T00:00:00,,0
2016-01-18T00:00:00,,0
2016-01-19T00:00:00,,0
2016-01-20T00:00:00,,0
2016-01-21T00:00:00,,0
2016-01-22T00:00:00,,0
2016-01-23T00:00:00,,0
2016-01-24T00:00:00,,0
2016-01-25T00:00:00,,0
2016-01-26T00:00:00,,0.081
2016-01-27T00:00:00,,0.145
2016-01-28T00:00:00,,0.175
2016-01-29T00:00:00,,0.196
2016-01-30T00:00:00,,0.236
2016-01-31T00:00:00,,0.25
2016-02-01T00:00:00,,0.249
2016-02-02T00:00:00,,0.271
2016-02-03T00:00:00,,0.28
2016-02-04T00:00:00,,0.279
2016-02-05T00:00:00,,0.275
2016-02-06T00:00:00,,0.271
2016-02-07T00:00:00,,0.291
2016-02-08T00:00:00,,0.33
2016-02-09T00:00:00,,0.445
2016-02-10T00:00:00,,0.733
2016-02-11T00:00:00,,0.899
2016-02-12T00:00:00,,0.967
2016-02-13T00:00:00,,0.987
2016-02-14T00:00:00,,1.014
2016-02-15T00:00:00,,0.988
2016-02-16T00:00:00,,0.933
2016-02-17T00:00:00,,0.873
2016-02-18T00:00:00,,0.816
2016-02-19T00:00:00,,0.772
2016-02-20T00:00:00,,0.777
2016-02-21T00:00:00,,0.806
2016-02-22T00:00:00,,0.793
2016-02-23T00:00:00,,0.751
2016-02-24T00:00:00,,0.703
2016-02-25T00:00:00,,0.661
2016-02-26T00:00:00,,0.63
2016-02-27T00:00:00,,0.603
2016-02-28T00:00:00,,0.578
2016-02-29T00:00:00,,0.555
2016-03-01T00:00:00,,0.532
2016-03-02T00:00:00,,0.511
2016-03-03T00:00:00,,0.49
2016-03-04T00:00:00,,0.47
2016-03-05T00:00:00,,0.452
2016-03-06T00:00:00,,0.439
2016-03-07T00:00:00,,0.442
2016-03-08T00:00:00,,0.446
2016-03-09T00:00:00,,0.453
2016-03-10T00:00:00,,0.451
2016-03-11T00:00:00,,0.439
2016-03-12T00:00:00,,0.424
2016-03-13T00:00:00,,0.41
2016-03-14T00:00:00,,0.412
2016-03-15T00:00:00,,0.418
2016-03-16T00:00:00,,0.442
2016-03-17T00:00:00,,0.452
2016-03-18T00:00:00,,0.445
2016-03-19T00:00:00,,0.433
2016-03-20T00:00:00,,0.419
2016-03-21T00:00:00,,0.406
2016-03-22T00:00:00,,0.393
2016-03-23T00:00:00,,0.379
2016-03-24T00:00:00,,0.365
2016-03-25T00:00:00,,0.365
2016-03-26T00:00:00,,0.379
2016-03-27T00:00:00,,0.406
2016-03-28T00:00:00,,0.434
2016-03-29T00:00:00,,0.459
2016-03-30T00:00:00,,0.464
2016-03-31T00:00:00,,0.452
2016-04-01T00:00:00,,0.442
2016-04-02T00:00:00,,0.436
2016-04-03T00:00:00,,0.439
2016-04-04T00:00:00,,0.44
2016-04-05T00:00:00,,0.445
2016-04-06T00:00:00,,0.467
2016-04-07T00:00:00,,0.46
2016-04-08T00:00:00,,0.44
2016-04-09T00:00:00,,0.423
2016-04-10T00:00:00,,0.404
2016-04-11T00:00:00,,0.386
2016-04-12T00:00:00,,0.371
2016-04-13T00:00:00,,0.356
2016-04-14T00:00:00,,0.343
2016-04-15T00:00:00,,0.33
2016-04-16T00:00:00,,0.317
2016-04-17T00:00:00,,0.308
2016-04-18T00:00:00,,0.299
2016-04-19T00:00:00,,0.29
2016-04-20T00:00:00,,0.28
2016-04-21T00:00:00,,0.269
2016-04-22T00:00:00,,0.265
2016-04-23T00:00:00,,0.264
2016-04-24T00:00:00,,0.35
2016-04-25T00:00:00,,0.389
2016-04-26T00:00:00,,0.513
2016-04-27T00:00:00,,0.558
2016-04-28T00:00:00,,0.546
2016-04-29T00:00:00,,0.523
2016-04-30T00:00:00,,0.497
2016-05-01T00:00:00,,0.473
2016-05-02T00:00:00,,0.455
2016-05-03T00:00:00,,0.438
2016-05-04T00:00:00,,0.422
2016-05-05T00:00:00,,0.407
2016-05-06T00:00:00,,0.391
2016-05-07T00:00:00,,0.376
2016-05-08T00:00:00,,0.361
2016-05-09T00:00:00,,0.346
2016-05-10T00:00:00,,0.332
2016-05-11T00:00:00,,0.319
2016-05-12T00:00:00,,0.307
2016-05-13T00:00:00,,0.296
2016-05-14T00:00:00,,0.285
2016-05-15T00:00:00,,0.275
2016-05-16T00:00:00,,0.264
2016-05-17T00:00:00,,0.254
2016-05-18T00:00:00,,0.244
2016-05-19T00:00:00,,0.234
2016-05-20T00:00:00,,0.225
2016-05-21T00:00:00,,0.215
2016-05-22T00:00:00,,0.206
2016-05-23T00:00:00,,0.197
2016-05-24T00:00:00,,0.188
2016-05-25T00:00:00,,0.18
2016-05-26T00:00:00,,0.172
2016-05-27T00:00:00,,0.165
2016-05-28T00:00:00,,0.158
2016-05-29T00:00:00,,0.151
2016-05-30T00:00:00,,0.145
2016-05-31T00:00:00,,0.138
2016-06-01T00:00:00,,0.132
2016-06-02T00:00:00,,0.126
2016-06-03T00:00:00,,0.121
2016-06-04T00:00:00,,0.116
2016-06-05T00:00:00,,0.111
2016-06-06T00:00:00,,0.107
2016-06-07T00:00:00,,0.103
2016-06-08T00:00:00,,0.099
2016-06-09T00:00:00,,0.096
2016-06-10T00:00:00,,0.092
2016-06-11T00:00:00,,0.089
2016-06-12T00:00:00,,0.085
2016-06-13T00:00:00,,0.081
2016-06-14T00:00:00,,0.058
2016-06-15T00:00:00,,0.043
2016-06-16T00:00:00,,0.038
2016-06-17T00:00:00,,0.037
2016-06-18T00:00:00,,0.037
2016-06-19T00:00:00,,0.037
2016-06-20T00:00:00,,0.034
2016-06-21T00:00:00,,0.032
2016-06-22T00:00:00,,0.029
2016-06-23T00:00:00,,0.027
2016-06-24T00:00:00,,0.024
2016-06-25T00:00:00,,0.015
2016-06-26T00:00:00,,0.01
2016-06-27T00:00:00,,0.008
2016-06-28T00:00:00,,0.008
2016-06-29T00:00:00,,0.007
2016-06-30T00:00:00,,0.006
2016-07-01T00:00:00,,0.005
2016-07-02T00:00:00,,0.02
2016-07-03T00:00:00,,0.026
2016-07-04T00:00:00,,0.031
2016-07-05T00:00:00,,0.032
2016-07-06T00:00:00,,0.031
2016-07-07T00:00:00,,0.03
2016-07-08T00:00:00,,0.029
2016-07-09T00:00:00,,0.028
2016-07-10T00:00:00,,0.042
2016-07-11T00:00:00,,0.048
2016-07-12T00:00:00,,0.103
2016-07-13T00:00:00,,0.125
2016-07-14T00:00:00,,0.125
2016-07-15T00:00:00,,0.207
2016-07-16T00:00:00,,0.241
2016-07-17T00:00:00,,0.242
2016-07-18T00:00:00,,0.237
2016-07-19T00:00:00,,0.231
2016-07-20T00:00:00,,0.226
2016-07-21T00:00:00,,0.22
2016-07-22T00:00:00,,0.214
2016-07-23T00:00:00,,0.208
2016-07-24T00:00:00,,0.202
2016-07-25T00:00:00,,0.196
2016-07-26T00:00:00,,0.19
2016-07-27T00:00:00,,0.183
2016-07-28T00:00:00,,0.177
2016-07-29T00:00:00,,0.172
2016-07-30T00:00:00,,0.166
2016-07-31T00:00:00,,0.162
2016-08-01T00:00:00,,0.159
2016-08-02T00:00:00,,0.153
2016-08-03T00:00:00,,0.149
2016-08-04T00:00:00,,0.145
2016-08-05T00:00:00,,0.139
2016-08-06T00:00:00,,0.134
2016-08-07T00:00:00,,0.129
2016-08-08T00:00:00,,0.124
2016-08-09T00:00:00,,0.119
2016-08-10T00:00:00,,0.115
2016-08-11T00:00:00,,0.11
2016-08-12T00:00:00,,0.106
2016-08-13T00:00:00,,0.09
2016-08-14T00:00:00,,0.362
2016-08-15T00:00:00,,0.336
2016-08-16T00:00:00,,0.284
2016-08-17T00:00:00,,0.271
2016-08-18T00:00:00,,0.265
2016-08-19T00:00:00,,0.257
2016-08-20T00:00:00,,0.249
2016-08-21T00:00:00,,0.24
2016-08-22T00:00:00,,0.232
2016-08-23T00:00:00,,0.224
2016-08-24T00:00:00,,0.216
2016-08-25T00:00:00,,0.208
2016-08-26T00:00:00,,0.204
2016-08-27T00:00:00,,0.199
2016-08-28T00:00:00,,0.191
2016-08-29T00:00:00,,0.19
2016-08-30T00:00:00,,0.191
2016-08-31T00:00:00,,0.187
2016-09-01T00:00:00,,0.18
2016-09-02T00:00:00,,0.173
2016-09-03T00:00:00,,0.567
2016-09-04T00:00:00,,0.55
2016-09-05T00:00:00,,0.471
2016-09-06T00:00:00,,0.435
2016-09-07T00:00:00,,0.413
2016-09-08T00:00:00,,0.397
2016-09-09T00:00:00,,0.384
2016-09-10T00:00:00,,0.372
2016-09-11T00:00:00,,0.359
2016-09-12T00:00:00,,0.346
2016-09-13T00:00:00,,0.334
2016-09-14T00:00:00,,0.322
2016-09-15T00:00:00,,0.31
2016-09-16T00:00:00,,0.299
2016-09-17T00:00:00,,0.288
2016-09-18T00:00:00,,0.277
2016-09-19T00:00:00,,0.266
2016-09-20T00:00:00,,0.256
2016-09-21T00:00:00,,0.247
2016-09-22T00:00:00,,0.237
2016-09-23T00:00:00,,0.228
2016-09-24T00:00:00,,0.219
2016-09-25T00:00:00,,0.211
2016-09-26T00:00:00,,0.203
2016-09-27T00:00:00,,0.194
2016-09-28T00:00:00,,0.188
2016-09-29T00:00:00,,0.182
2016-09-30T00:00:00,,0.175
2016-10-01T00:00:00,,0.168
2016-10-02T00:00:00,,0.161
2016-10-03T00:00:00,,0.155
2016-10-04T00:00:00,,0.149
2016-10-05T00:00:00,,0.143
2016-10-06T00:00:00,,0.137
2016-10-07T00:00:00,,0.132
2016-10-08T00:00:00,,0.127
2016-10-09T00:00:00,,0.122
2016-10-10T00:00:00,,0.117
2016-10-11T00:00:00,,0.113
2016-10-12T00:00:00,,0.108
2016-10-13T00:00:00,,0.104
2016-10-14T00:00:00,,0.1
2016-10-15T00:00:00,,0.097
2016-10-16T00:00:00,,0.076
2016-10-17T00:00:00,,0.059
2016-10-18T00:00:00,,0.053
2016-10-19T00:00:00,,0.049
2016-10-20T00:00:00,,0.047
2016-10-21T00:00:00,,0.044
2016-10-22T00:00:00,,0.042
2016-10-23T00:00:00,,0.04
2016-10-24T00:00:00,,0.038
2016-10-25T00:00:00,,0.037
2016-10-26T00:00:00,,0.035
2016-10-27T00:00:00,,0.034
2016-10-28T00:00:00,,0.033
2016-10-29T00:00:00,,0.032
2016-10-30T00:00:00,,0.031
2016-10-31T00:00:00,,0.028
2016-11-01T00:00:00,,0.021
2016-11-02T00:00:00,,0.016
2016-11-03T00:00:00,,0.014
2016-11-04T00:00:00,,0.013
2016-11-05T00:00:00,,0.012
2016-11-06T00:00:00,,0.011
2016-11-07T00:00:00,,0.011
2016-11-08T00:00:00,,0.011
2016-11-09T00:00:00,,0.012
2016-11-10T00:00:00,,0.011
2016-11-11T00:00:00,,0.011
2016-11-12T00:00:00,,0.01
2016-11-13T00:00:00,,0.01
2016-11-14T00:00:00,,0.009
2016-11-15T00:00:00,,0.009
2016-11-16T00:00:00,,0.017
2016-11-17T00:00:00,,0.026
2016-11-18T00:00:00,,0.049
2016-11-19T00:00:00,,0.132
2016-11-20T00:00:00,,0.244
2016-11-21T00:00:00,,0.325
2016-11-22T00:00:00,,0.347
2016-11-23T00:00:00,,0.349
2016-11-24T00:00:00,,0.346
2016-11-25T00:00:00,,0.341
2016-11-26T00:00:00,,0.406
2016-11-27T00:00:00,,0.431
2016-11-28T00:00:00,,0.43
2016-11-29T00:00:00,,0.423
2016-11-30T00:00:00,,0.419
2016-12-01T00:00:00,,0.412
2016-12-02T00:00:00,,0.402
2016-12-03T00:00:00,,0.391
2016-12-04T00:00:00,,0.38
2016-12-05T00:00:00,,0.383
2016-12-06T00:00:00,,0.378
2016-12-07T00:00:00,,0.368
2016-12-08T00:00:00,,0.361
2016-12-09T00:00:00,,0.355
2016-12-10T00:00:00,,0.345
2016-12-11T00:00:00,,0.333
2016-12-12T00:00:00,,0.322
2016-12-13T00:00:00,,0.311
2016-12-14T00:00:00,,0.3
2016-12-15T00:00:00,,0.289
2016-12-16T00:00:00,,0.279
2016-12-17T00:00:00,,0.268
2016-12-18T00:00:00,,0.258
2016-12-19T00:00:00,,0.254
2016-12-20T00:00:00,,0.263
2016-12-21T00:00:00,,0.27
2016-12-22T00:00:00,,0.269
2016-12-23T00:00:00,,0.262
2016-12-24T00:00:00,,0.307
2016-12-25T00:00:00,,0.324
2016-12-26T00:00:00,,0.324
2016-12-27T00:00:00,,0.317
2016-12-28T00:00:00,,0.308
2016-12-29T00:00:00,,0.299
2016-12-30T00:00:00,,0.29
2016-12-31T00:00:00,,0.28
2017-01-01T00:00:00,,0.271
2017-01-02T00:00:00,,0.262
2017-01-03T00:00:00,,0.255
2017-01-04T00:00:00,,0.247
2017-01-05T00:00:00,,0.238
2017-01-06T00:00:00,,0.229
2017-01-07T00:00:00,,0.222
2017-01-08T00:00:00,,0.214
2017-01-09T00:00:00,,0.206
2017-01-10T00:00:00,,0.206
2017-01-11T00:00:00,,0.203
2017-01-12T00:00:00,,0.196
2017-01-13T00:00:00,0.01,0.228
2017-01-14T00:00:00,,0.241
2017-01-15T00:00:00,,0.238
2017-01-16T00:00:00,,0.231
2017-01-17T00:00:00,,0.224
2017-01-18T00:00:00,,0.224
2017-01-19T00:00:00,,0.229
2017-01-20T00:00:00,,0.226
2017-01-21T00:00:00,,0.22
2017-01-22T00:00:00,,0.213
2017-01-23T00:00:00,,0.206
2017-01-24T00:00:00,,0.199
2017-01-25T00:00:00,,0.193
2017-01-26T00:00:00,,0.186
2017-01-27T00:00:00,,0.184
2017-01-28T00:00:00,,0.183
2017-01-29T00:00:00,,0.183
2017-01-30T00:00:00,,0.202
2017-01-31T00:00:00,,0.208
2017-02-01T00:00:00,,0.203
2017-02-02T00:00:00,,0.197
2017-02-03T00:00:00,,0.191
2017-02-04T00:00:00,,0.192
2017-02-05T00:00:00,,0.189
2017-02-06T00:00:00,,0.183
2017-02-07T00:00:00,,0.177
2017-02-08T00:00:00,,0.172
2017-02-09T00:00:00,,0.166
2017-02-10T00:00:00,,0.16
2017-02-11T00:00:00,,0.154
2017-02-12T00:00:00,,0.149
2017-02-13T00:00:00,,0.155
2017-02-14T00:00:00,,0.19
2017-02-15T00:00:00,,0.202
2017-02-16T00:00:00,,0.199
2017-02-17T00:00:00,,0.201
2017-02-18T00:00:00,,0.211
2017-02-19T00:00:00,,0.243
2017-02-20T00:00:00,,0.257
2017-02-21T00:00:00,,0.256
2017-02-22T00:00:00,,0.252
2017-02-23T00:00:00,,0.249
2017-02-24T00:00:00,,0.242
2017-02-25T00:00:00,,0.235
2017-02-26T00:00:00,,0.228
2017-02-27T00:00:00,,0.221
2017-02-28T00:00:00,,0.271
2017-03-01T00:00:00,,0.337
2017-03-02T00:00:00,,0.358
2017-03-03T00:00:00,,0.365
2017-03-04T00:00:00,,0.362
2017-03-05T00:00:00,,0.354
2017-03-06T00:00:00,,0.345
2017-03-07T00:00:00,,0.336
2017-03-08T00:00:00,,0.336
2017-03-09T00:00:00,,0.33
2017-03-10T00:00:00,,0.329
2017-03-11T00:00:00,,0.333
2017-03-12T00:00:00,,0.328
2017-03-13T00:00:00,,0.323
2017-03-14T00:00:00,,0.333
2017-03-15T00:00:00,,0.377
2017-03-16T00:00:00,,0.408
2017-03-17T00:00:00,,0.448
2017-03-18T00:00:00,,0.459
2017-03-19T00:00:00,,0.451
2017-03-20T00:00:00,,0.44
2017-03-21T00:00:00,,0.459
2017-03-22T00:00:00,0.8,0.482
2017-03-23T00:00:00,,0.482
2017-03-24T00:00:00,,0.47
2017-03-25T00:00:00,,0.464
2017-03-26T00:00:00,,0.468
2017-03-27T00:00:00,,0.483
2017-03-28T00:00:00,,0.478
2017-03-29T00:00:00,,0.463
2017-03-30T00:00:00,,0.446
2017-03-31T00:00:00,,0.432
2017-04-01T00:00:00,,0.429
2017-04-02T00:00:00,,0.432
2017-04-03T00:00:00,,0.427
2017-04-04T00:00:00,,0.417
2017-04-05T00:00:00,,0.405
2017-04-06T00:00:00,,0.392
2017-04-07T00:00:00,,0.38
2017-04-08T00:00:00,,0.367
2017-04-09T00:00:00,,0.353
2017-04-10T00:00:00,,0.34
2017-04-11T00:00:00,,0.328
2017-04-12T00:00:00,0.04,0.315
2017-04-13T00:00:00,,0.303
2017-04-14T00:00:00,,0.292
2017-04-15T00:00:00,,0.281
2017-04-16T00:00:00,,0.271
2017-04-17T00:00:00,,0.261
2017-04-18T00:00:00,,0.251
2017-04-19T00:00:00,,0.241
2017-04-20T00:00:00,,0.232
2017-04-21T00:00:00,,0.223
2017-04-22T00:00:00,,0.214
2017-04-23T00:00:00,,0.21
2017-04-24T00:00:00,,0.207
2017-04-25T00:00:00,,0.261
2017-04-26T00:00:00,,0.297
2017-04-27T00:00:00,,0.3
2017-04-28T00:00:00,,0.293
2017-04-29T00:00:00,,0.325
2017-04-30T00:00:00,,0.347
2017-05-01T00:00:00,,0.347
2017-05-02T00:00:00,,0.338
2017-05-03T00:00:00,,0.328
2017-05-04T00:00:00,,0.318
2017-05-05T00:00:00,,0.307
2017-05-06T00:00:00,,0.296
2017-05-07T00:00:00,,0.286
2017-05-08T00:00:00,,0.276
2017-05-09T00:00:00,,0.267
2017-05-10T00:00:00,,0.258
2017-05-11T00:00:00,,0.249
2017-05-12T00:00:00,,0.24
2017-05-13T00:00:00,,0.231
2017-05-14T00:00:00,,0.222
2017-05-15T00:00:00,,0.213
2017-05-16T00:00:00,,0.205
2017-05-17T00:00:00,,0.196
2017-05-18T00:00:00,,0.188
2017-05-19T00:00:00,,0.18
2017-05-20T00:00:00,,0.172
2017-05-21T00:00:00,,0.164
2017-05-22T00:00:00,,0.157
2017-05-23T00:00:00,,0.151
2017-05-24T00:00:00,,0.144
2017-05-25T00:00:00,,0.138
2017-05-26T00:00:00,,0.133
2017-05-27T00:00:00,,0.128
2017-05-28T00:00:00,,0.122
2017-05-29T00:00:00,,0.117
2017-05-30T00:00:00,,0.113
2017-05-31T00:00:00,,0.109
2017-06-01T00:00:00,,0.105
2017-06-02T00:00:00,,0.101
2017-06-03T00:00:00,,0.097
2017-06-04T00:00:00,,0.093
2017-06-05T00:00:00,,0.09
2017-06-06T00:00:00,,0.086
2017-06-07T00:00:00,,0.068
2017-06-08T00:00:00,,0.05
2017-06-09T00:00:00,,0.042
2017-06-10T00:00:00,,0.038
2017-06-11T00:00:00,,0.035
2017-06-12T00:00:00,,0.035
2017-06-13T00:00:00,,0.035
2017-06-14T00:00:00,,0.033
2017-06-15T00:00:00,,0.031
2017-06-16T00:00:00,,0.029
2017-06-17T00:00:00,,0.027
2017-06-18T00:00:00,,0.025
2017-06-19T00:00:00,,0.018
2017-06-20T00:00:00,,0.011
2017-06-21T00:00:00,,0.009
2017-06-22T00:00:00,,0.009
2017-06-23T00:00:00,,0.008
2017-06-24T00:00:00,,0.007
2017-06-25T00:00:00,,0.023
2017-06-26T00:00:00,,0.046
2017-06-27T00:00:00,,0.052
2017-06-28T00:00:00,,0.051
2017-06-29T00:00:00,,0.049
2017-06-30T00:00:00,,0.047
2017-07-01T00:00:00,,0.045
2017-07-02T00:00:00,,0.043
2017-07-03T00:00:00,,0.042
2017-07-04T00:00:00,,0.04
2017-07-05T00:00:00,,0.039
2017-07-06T00:00:00,,0.037
2017-07-07T00:00:00,,0.036
2017-07-08T00:00:00,,0.034
2017-07-09T00:00:00,,0.032
2017-07-10T00:00:00,,0.031
2017-07-11T00:00:00,,0.03
2017-07-12T00:00:00,,0.029
2017-07-13T00:00:00,,0.028
2017-07-14T00:00:00,,0.026
2017-07-15T00:00:00,,0.025
2017-07-16T00:00:00,,0.024
2017-07-17T00:00:00,,0.023
2017-07-18T00:00:00,,0.022
2017-07-19T00:00:00,,0.021
2017-07-20T00:00:00,,0.02
2017-07-21T00:00:00,,0.019
2017-07-22T00:00:00,,0.017
2017-07-23T00:00:00,,0.015
2017-07-24T00:00:00,,0.013
2017-07-25T00:00:00,,0.013
2017-07-26T00:00:00,,0.012
2017-07-27T00:00:00,,0.008
2017-07-28T00:00:00,,0.003
2017-07-29T00:00:00,,0.001
2017-07-30T00:00:00,,0.001
2017-07-31T00:00:00,,0.001
2017-08-01T00:00:00,,0
2017-08-02T00:00:00,,0.001
2017-08-03T00:00:00,,0.001
2017-08-04T00:00:00,,0.027
2017-08-05T00:00:00,,0.039
2017-08-06T00:00:00,,0.042
2017-08-07T00:00:00,,0.042
2017-08-08T00:00:00,,0.041
2017-08-09T00:00:00,,0.039
2017-08-10T00:00:00,,0.038
2017-08-11T00:00:00,,0.036
2017-08-12T00:00:00,,0.035
2017-08-13T00:00:00,,0.033
2017-08-14T00:00:00,,0.032
2017-08-15T00:00:00,,0.031
2017-08-16T00:00:00,,0.029
2017-08-17T00:00:00,,0.028
2017-08-18T00:00:00,,0.027
2017-08-19T00:00:00,,0.026
2017-08-20T00:00:00,,0.025
2017-08-21T00:00:00,,0.024
2017-08-22T00:00:00,,0.023
2017-08-23T00:00:00,,0.022
2017-08-24T00:00:00,,0.021
2017-08-25T00:00:00,,0.02
2017-08-26T00:00:00,,0.02
2017-08-27T00:00:00,,0.019
2017-08-28T00:00:00,,0.018
2017-08-29T00:00:00,,0.015
2017-08-30T00:00:00,,0.013
2017-08-31T00:00:00,,0.013
2017-09-01T00:00:00,,0.012
2017-09-02T00:00:00,,0.011
2017-09-03T00:00:00,,0.01
2017-09-04T00:00:00,,0.003
2017-09-05T00:00:00,,0.001
2017-09-06T00:00:00,,0.001
2017-09-07T00:00:00,,0
2017-09-08T00:00:00,,0
2017-09-09T00:00:00,,0.001
2017-09-10T00:00:00,,0.001
2017-09-11T00:00:00,,0.001
2017-09-12T00:00:00,,0.089
2017-09-13T00:00:00,0.06,0.126
2017-09-14T00:00:00,,0.128
2017-09-15T00:00:00,,0.125
2017-09-16T00:00:00,,0.122
2017-09-17T00:00:00,,0.119
2017-09-18T00:00:00,,0.116
2017-09-19T00:00:00,,0.113
2017-09-20T00:00:00,,0.11
2017-09-21T00:00:00,,0.107
2017-09-22T00:00:00,,0.104
2017-09-23T00:00:00,,0.102
2017-09-24T00:00:00,,0.099
2017-09-25T00:00:00,,0.079
2017-09-26T00:00:00,,0.063
2017-09-27T00:00:00,,0.058
2017-09-28T00:00:00,,0.055
2017-09-29T00:00:00,,0.053
2017-09-30T00:00:00,,0.051
2017-10-01T00:00:00,,0.049
2017-10-02T00:00:00,,0.047
2017-10-03T00:00:00,,0.128
2017-10-04T00:00:00,,0.256
2017-10-05T00:00:00,,0.301
2017-10-06T00:00:00,,0.304
2017-10-07T00:00:00,,0.303
2017-10-08T00:00:00,,0.439
2017-10-09T00:00:00,,0.633
2017-10-10T00:00:00,,1.143
2017-10-11T00:00:00,,1.322
2017-10-12T00:00:00,,1.227
2017-10-13T00:00:00,,1.159
2017-10-14T00:00:00,,1.142
2017-10-15T00:00:00,,1.076
2017-10-16T00:00:00,,1.054
2017-10-17T00:00:00,,1.009
2017-10-18T00:00:00,,0.947
2017-10-19T00:00:00,,0.872
2017-10-20T00:00:00,,0.798
2017-10-21T00:00:00,,0.741
2017-10-22T00:00:00,,0.696
2017-10-23T00:00:00,,0.657
2017-10-24T00:00:00,,0.625
2017-10-25T00:00:00,,0.606
2017-10-26T00:00:00,,0.585
2017-10-27T00:00:00,,0.563
2017-10-28T00:00:00,,0.665
2017-10-29T00:00:00,,0.759
2017-10-30T00:00:00,,0.756
2017-10-31T00:00:00,,0.712
2017-11-01T00:00:00,,0.672
2017-11-02T00:00:00,,0.643
2017-11-03T00:00:00,,0.621
2017-11-04T00:00:00,,0.605
2017-11-05T00:00:00,,0.586
2017-11-06T00:00:00,,0.569
2017-11-07T00:00:00,,0.551
2017-11-08T00:00:00,,0.53
2017-11-09T00:00:00,,0.51
2017-11-10T00:00:00,,0.507
2017-11-11T00:00:00,,0.6
2017-11-12T00:00:00,,0.701
2017-11-13T00:00:00,,0.711
2017-11-14T00:00:00,,0.68
2017-11-15T00:00:00,,0.665
2017-11-16T00:00:00,,0.647
2017-11-17T00:00:00,,0.658
2017-11-18T00:00:00,,0.734
2017-11-19T00:00:00,,0.997
2017-11-20T00:00:00,,1.105
2017-11-21T00:00:00,,1.08
2017-11-22T00:00:00,,1.028
2017-11-23T00:00:00,,0.966
2017-11-24T00:00:00,,1.074
2017-11-25T00:00:00,,1.122
2017-11-26T00:00:00,,1.173
2017-11-27T00:00:00,,1.257
2017-11-28T00:00:00,,1.323
2017-11-29T00:00:00,,1.332
2017-11-30T00:00:00,,1.251
2017-12-01T00:00:00,,1.203
2017-12-02T00:00:00,,1.147
2017-12-03T00:00:00,,1.255
2017-12-04T00:00:00,,1.229
2017-12-05T00:00:00,,1.144
2017-12-06T00:00:00,,1.059
2017-12-07T00:00:00,,0.977
2017-12-08T00:00:00,,1.086
2017-12-09T00:00:00,,1.099
2017-12-10T00:00:00,,1.034
2017-12-11T00:00:00,,0.958
2017-12-12T00:00:00,,1.155
2017-12-13T00:00:00,,1.215
2017-12-14T00:00:00,,1.208
2017-12-15T00:00:00,,1.248
2017-12-16T00:00:00,,1.347
2017-12-17T00:00:00,,1.284
2017-12-18T00:00:00,,1.193
2017-12-19T00:00:00,,1.108
2017-12-20T00:00:00,0.21,1.061
2017-12-21T00:00:00,,1.044
2017-12-22T00:00:00,,0.988
2017-12-23T00:00:00,,0.955
2017-12-24T00:00:00,,0.902
2017-12-25T00:00:00,,0.849
2017-12-26T00:00:00,,0.823
2017-12-27T00:00:00,,0.904
2017-12-28T00:00:00,,0.958
2017-12-29T00:00:00,,1.031
2017-12-30T00:00:00,,1.07
2017-12-31T00:00:00,,1.032
2018-01-01T00:00:00,,1.011
2018-01-02T00:00:00,,1.029
2018-01-03T00:00:00,,1.032
2018-01-04T00:00:00,,0.983
2018-01-05T00:00:00,,1.112
2018-01-06T00:00:00,,1.125
2018-01-07T00:00:00,,1.052
2018-01-08T00:00:00,,0.972
2018-01-09T00:00:00,0.25,0.899
2018-01-10T00:00:00,,0.83
2018-01-11T00:00:00,,0.766
2018-01-12T00:00:00,,0.717
2018-01-13T00:00:00,,0.676
2018-01-14T00:00:00,,0.642
2018-01-15T00:00:00,,0.612
2018-01-16T00:00:00,,0.586
2018-01-17T00:00:00,,0.562
2018-01-18T00:00:00,,0.54
2018-01-19T00:00:00,,0.518
2018-01-20T00:00:00,,0.496
2018-01-21T00:00:00,,0.476
2018-01-22T00:00:00,,0.458
2018-01-23T00:00:00,,0.44
2018-01-24T00:00:00,,0.427
2018-01-25T00:00:00,,0.466
2018-01-26T00:00:00,,0.499
2018-01-27T00:00:00,,0.513
2018-01-28T00:00:00,,0.511
2018-01-29T00:00:00,,0.499
2018-01-30T00:00:00,,0.484
2018-01-31T00:00:00,,0.469
2018-02-01T00:00:00,,0.452
2018-02-02T00:00:00,,0.444
2018-02-03T00:00:00,,0.431
2018-02-04T00:00:00,,0.417
2018-02-05T00:00:00,,0.402
2018-02-06T00:00:00,,0.387
2018-02-07T00:00:00,,0.374
2018-02-08T00:00:00,,0.36
2018-02-09T00:00:00,,0.347
2018-02-10T00:00:00,,0.333
2018-02-11T00:00:00,,0.321
2018-02-12T00:00:00,,0.31
2018-02-13T00:00:00,,0.299
2018-02-14T00:00:00,,0.287
2018-02-15T00:00:00,,0.275
2018-02-16T00:00:00,,0.264
2018-02-17T00:00:00,,0.254
2018-02-18T00:00:00,,0.244
2018-02-19T00:00:00,,0.235
2018-02-20T00:00:00,,0.225
2018-02-21T00:00:00,,0.217
2018-02-22T00:00:00,,0.208
2018-02-23T00:00:00,,0.2
2018-02-24T00:00:00,,0.192
2018-02-25T00:00:00,,0.185
2018-02-26T00:00:00,,0.178
2018-02-27T00:00:00,,0.171
2018-02-28T00:00:00,,0.164
2018-03-01T00:00:00,,0.158
2018-03-02T00:00:00,,0.152
2018-03-03T00:00:00,,0.146
2018-03-04T00:00:00,,0.14
2018-03-05T00:00:00,,0.135
2018-03-06T00:00:00,,0.13
2018-03-07T00:00:00,,0.125
2018-03-08T00:00:00,,0.12
2018-03-09T00:00:00,,0.118
2018-03-10T00:00:00,,0.116
2018-03-11T00:00:00,,0.113
2018-03-12T00:00:00,,0.112
2018-03-13T00:00:00,,0.167
2018-03-14T00:00:00,,0.19
2018-03-15T00:00:00,,0.19
2018-03-16T00:00:00,,0.185
2018-03-17T00:00:00,,0.181
2018-03-18T00:00:00,,0.176
2018-03-19T00:00:00,,0.173
2018-03-20T00:00:00,,0.169
2018-03-21T00:00:00,,0.164
2018-03-22T00:00:00,,0.159
2018-03-23T00:00:00,,0.154
2018-03-24T00:00:00,,0.149
2018-03-25T00:00:00,,0.16
2018-03-26T00:00:00,,0.163
2018-03-27T00:00:00,,0.159
2018-03-28T00:00:00,,0.154
2018-03-29T00:00:00,,0.15
2018-03-30T00:00:00,,0.145
2018-03-31T00:00:00,,0.14
2018-04-01T00:00:00,,0.135
2018-04-02T00:00:00,,0.142
2018-04-03T00:00:00,,0.144
2018-04-04T00:00:00,,0.146
2018-04-05T00:00:00,,0.181
2018-04-06T00:00:00,,0.218
2018-04-07T00:00:00,,0.254
2018-04-08T00:00:00,,0.304
2018-04-09T00:00:00,,0.393
2018-04-10T00:00:00,,0.429
2018-04-11T00:00:00,1.0,0.434
2018-04-12T00:00:00,,0.429
2018-04-13T00:00:00,,0.432
2018-04-14T00:00:00,,0.446
2018-04-15T00:00:00,,0.439
2018-04-16T00:00:00,,0.441
2018-04-17T00:00:00,,0.43
2018-04-18T00:00:00,,0.417
2018-04-19T00:00:00,,0.403
2018-04-20T00:00:00,,0.39
2018-04-21T00:00:00,,0.376
2018-04-22T00:00:00,,0.364
2018-04-23T00:00:00,,0.351
2018-04-24T00:00:00,,0.339
2018-04-25T00:00:00,,0.328
2018-04-26T00:00:00,,0.316
2018-04-27T00:00:00,,0.312
2018-04-28T00:00:00,,0.304
2018-04-29T00:00:00,,0.294
2018-04-30T00:00:00,,0.283
2018-05-01T00:00:00,,0.272
2018-05-02T00:00:00,,0.272
2018-05-03T00:00:00,,0.267
2018-05-04T00:00:00,,0.257
2018-05-05T00:00:00,,0.247
2018-05-06T00:00:00,,0.236
2018-05-07T00:00:00,,0.226
2018-05-08T00:00:00,,0.217
2018-05-09T00:00:00,,0.207
2018-05-10T00:00:00,,0.199
2018-05-11T00:00:00,,0.191
2018-05-12T00:00:00,,0.183
2018-05-13T00:00:00,,0.175
2018-05-14T00:00:00,,0.167
2018-05-15T00:00:00,,0.159
2018-05-16T00:00:00,,0.152
2018-05-17T00:00:00,,0.145
2018-05-18T00:00:00,,0.139
2018-05-19T00:00:00,,0.134
2018-05-20T00:00:00,,0.128
2018-05-21T00:00:00,,0.122
2018-05-22T00:00:00,,0.117
2018-05-23T00:00:00,,0.112
2018-05-24T00:00:00,,0.107
2018-05-25T00:00:00,,0.102
2018-05-26T00:00:00,,0.098
2018-05-27T00:00:00,,0.094
2018-05-28T00:00:00,,0.088
2018-05-29T00:00:00,,0.063
2018-05-30T00:00:00,,0.049
2018-05-31T00:00:00,,0.045
2018-06-01T00:00:00,,0.042
2018-06-02T00:00:00,,0.039
2018-06-03T00:00:00,,0.037
2018-06-04T00:00:00,,0.034
2018-06-05T00:00:00,,0.033
2018-06-06T00:00:00,,0.031
2018-06-07T00:00:00,,0.029
2018-06-08T00:00:00,,0.028
2018-06-09T00:00:00,,0.027
2018-06-10T00:00:00,,0.025
2018-06-11T00:00:00,,0.024
2018-06-12T00:00:00,,0.021
2018-06-13T00:00:00,,0.019
2018-06-14T00:00:00,,0.017
2018-06-15T00:00:00,,0.016
2018-06-16T00:00:00,,0.015
2018-06-17T00:00:00,,0.014
2018-06-18T00:00:00,,0.007
2018-06-19T00:00:00,,0.003
2018-06-20T00:00:00,,0.002
2018-06-21T00:00:00,,0.002
2018-06-22T00:00:00,,0.002
2018-06-23T00:00:00,,0.001
2018-06-24T00:00:00,,0.001
2018-06-25T00:00:00,,0.001
2018-06-26T00:00:00,,0.001
2018-06-27T00:00:00,,0.001
2018-06-28T00:00:00,,0.001
2018-06-29T00:00:00,,0.001
2018-06-30T00:00:00,,0.001
2018-07-01T00:00:00,,0.001
2018-07-02T00:00:00,,0.001
2018-07-03T00:00:00,,0.001
2018-07-04T00:00:00,,0
2018-07-05T00:00:00,,0
2018-07-06T00:00:00,,0
2018-07-07T00:00:00,,0
2018-07-08T00:00:00,,0
2018-07-09T00:00:00,,0
2018-07-10T00:00:00,,0
2018-07-11T00:00:00,,0
2018-07-12T00:00:00,,0
2018-07-13T00:00:00,,0
2018-07-14T00:00:00,,0
2018-07-15T00:00:00,,0
2018-07-16T00:00:00,,0
2018-07-17T00:00:00,,0
2018-07-18T00:00:00,,0
2018-07-19T00:00:00,,0
2018-07-20T00:00:00,,0
2018-07-21T00:00:00,,0.107
2018-07-22T00:00:00,,0.089
2018-07-23T00:00:00,,0.066
2018-07-24T00:00:00,,0.053
2018-07-25T00:00:00,,0.033
2018-07-26T00:00:00,,0.024
2018-07-27T00:00:00,,0.022
2018-07-28T00:00:00,,0.021
2018-07-29T00:00:00,,0.02
2018-07-30T00:00:00,,0.019
2018-07-31T00:00:00,,0.019
2018-08-01T00:00:00,,0.018
2018-08-02T00:00:00,,0.016
2018-08-03T00:00:00,,0.014
2018-08-04T00:00:00,,0.012
2018-08-05T00:00:00,,0.012
2018-08-06T00:00:00,,0.011
2018-08-07T00:00:00,,0.011
2018-08-08T00:00:00,,0.01
2018-08-09T00:00:00,,0.007
2018-08-10T00:00:00,,0.002
2018-08-11T00:00:00,,0
2018-08-12T00:00:00,,0
2018-08-13T00:00:00,,0
2018-08-14T00:00:00,,0
2018-08-15T00:00:00,,0
2018-08-16T00:00:00,,0
2018-08-17T00:00:00,,0
2018-08-18T00:00:00,,0
2018-08-19T00:00:00,,0
2018-08-20T00:00:00,,0
2018-08-21T00:00:00,,0
2018-08-22T00:00:00,,0
2018-08-23T00:00:00,,0
2018-08-24T00:00:00,,0
2018-08-25T00:00:00,,0.008
2018-08-26T00:00:00,,0.025
2018-08-27T00:00:00,,0.03
2018-08-28T00:00:00,,0.029
2018-08-29T00:00:00,,0.028
2018-08-30T00:00:00,,0.027
2018-08-31T00:00:00,,0.026
2018-09-01T00:00:00,,0.025
2018-09-02T00:00:00,,0.024
2018-09-03T00:00:00,,0.023
2018-09-04T00:00:00,,0.022
2018-09-05T00:00:00,,0.021
2018-09-06T00:00:00,,0.02
2018-09-07T00:00:00,,0.02
2018-09-08T00:00:00,,0.019
2018-09-09T00:00:00,,0.018
2018-09-10T00:00:00,,0.017
2018-09-11T00:00:00,,0.014
2018-09-12T00:00:00,,0.036
2018-09-13T00:00:00,,0.044
2018-09-14T00:00:00,,0.044
2018-09-15T00:00:00,,0.049
2018-09-16T00:00:00,,0.05
2018-09-17T00:00:00,,0.062
2018-09-18T00:00:00,,0.065
2018-09-19T00:00:00,,0.063
2018-09-20T00:00:00,,0.061
2018-09-21T00:00:00,,0.058
2018-09-22T00:00:00,,0.056
2018-09-23T00:00:00,,0.054
2018-09-24T00:00:00,,0.052
2018-09-25T00:00:00,,0.05
2018-09-26T00:00:00,,0.049
2018-09-27T00:00:00,,0.048
2018-09-28T00:00:00,,0.046
2018-09-29T00:00:00,,0.045
2018-09-30T00:00:00,,0.043
2018-10-01T00:00:00,,0.042
2018-10-02T00:00:00,,0.049
2018-10-03T00:00:00,,0.113
2018-10-04T00:00:00,,0.139
2018-10-05T00:00:00,,0.151
2018-10-06T00:00:00,,0.153
2018-10-07T00:00:00,,0.15
2018-10-08T00:00:00,,0.169
2018-10-09T00:00:00,,0.184
2018-10-10T00:00:00,,0.186
2018-10-11T00:00:00,,0.182
2018-10-12T00:00:00,,0.178
2018-10-13T00:00:00,,0.174
2018-10-14T00:00:00,,0.17
2018-10-15T00:00:00,,0.166
2018-10-16T00:00:00,,0.161
2018-10-17T00:00:00,,0.157
2018-10-18T00:00:00,,0.153
2018-10-19T00:00:00,,0.148
2018-10-20T00:00:00,,0.144
2018-10-21T00:00:00,,0.14
2018-10-22T00:00:00,,0.136
2018-10-23T00:00:00,,0.138
2018-10-24T00:00:00,,0.141
2018-10-25T00:00:00,,0.138
2018-10-26T00:00:00,,0.136
2018-10-27T00:00:00,,0.132
2018-10-28T00:00:00,,0.128
2018-10-29T00:00:00,,0.124
2018-10-30T00:00:00,,0.121
2018-10-31T00:00:00,,0.118
2018-11-01T00:00:00,,0.108
2018-11-02T00:00:00,,0.089
2018-11-03T00:00:00,,0.078
2018-11-04T00:00:00,,0.074
2018-11-05T00:00:00,,0.07
2018-11-06T00:00:00,,0.067
2018-11-07T00:00:00,,0.065
2018-11-08T00:00:00,,0.062
2018-11-09T00:00:00,,0.061
2018-11-10T00:00:00,,0.061
2018-11-11T00:00:00,,0.091
2018-11-12T00:00:00,,0.137
2018-11-13T00:00:00,,0.214
2018-11-14T00:00:00,,0.242
2018-11-15T00:00:00,,0.242
2018-11-16T00:00:00,,0.238
2018-11-17T00:00:00,,0.233
2018-11-18T00:00:00,,0.228
2018-11-19T00:00:00,,0.223
2018-11-20T00:00:00,,0.217
2018-11-21T00:00:00,,0.212
2018-11-22T00:00:00,,0.206
2018-11-23T00:00:00,,0.2
2018-11-24T00:00:00,,0.194
2018-11-25T00:00:00,,0.188
2018-11-26T00:00:00,,0.182
2018-11-27T00:00:00,,0.177
2018-11-28T00:00:00,,0.171
2018-11-29T00:00:00,,0.165
2018-11-30T00:00:00,,0.159
2018-12-01T00:00:00,,0.154
2018-12-02T00:00:00,,0.149
2018-12-03T00:00:00,,0.143
2018-12-04T00:00:00,,0.161
2018-12-05T00:00:00,,0.183
2018-12-06T00:00:00,,0.187
2018-12-07T00:00:00,,0.191
2018-12-08T00:00:00,,0.268
2018-12-09T00:00:00,,0.342
2018-12-10T00:00:00,,0.375
2018-12-11T00:00:00,,0.378
2018-12-12T00:00:00,,0.372
2018-12-13T00:00:00,,0.364
2018-12-14T00:00:00,,0.355
2018-12-15T00:00:00,,0.346
2018-12-16T00:00:00,,0.337
2018-12-17T00:00:00,,0.333
2018-12-18T00:00:00,,0.328
2018-12-19T00:00:00,,0.328
2018-12-20T00:00:00,,0.322
2018-12-21T00:00:00,,0.313
2018-12-22T00:00:00,,0.303
2018-12-23T00:00:00,,0.292
2018-12-24T00:00:00,,0.282
2018-12-25T00:00:00,,0.279
2018-12-26T00:00:00,,0.273
2018-12-27T00:00:00,,0.264
2018-12-28T00:00:00,,0.255
2018-12-29T00:00:00,,0.246
2018-12-30T00:00:00,,0.237
2018-12-31T00:00:00,,0.229
2019-01-01T00:00:00,,0.278
2019-01-02T00:00:00,,0.296
2019-01-03T00:00:00,,0.293
2019-01-04T00:00:00,,0.285
2019-01-05T00:00:00,,0.277
2019-01-06T00:00:00,,0.268
2019-01-07T00:00:00,,0.261
2019-01-08T00:00:00,,0.272
2019-01-09T00:00:00,,0.273
2019-01-10T00:00:00,,0.267
2019-01-11T00:00:00,,0.264
2019-01-12T00:00:00,,0.259
2019-01-13T00:00:00,,0.251
2019-01-14T00:00:00,,0.243
2019-01-15T00:00:00,,0.234
2019-01-16T00:00:00,,0.226
2019-01-17T00:00:00,,0.22
2019-01-18T00:00:00,,0.214
2019-01-19T00:00:00,,0.207
2019-01-20T00:00:00,,0.199
2019-01-21T00:00:00,,0.191
2019-01-22T00:00:00,,0.184
2019-01-23T00:00:00,,0.177
2019-01-24T00:00:00,,0.171
2019-01-25T00:00:00,,0.164
2019-01-26T00:00:00,,0.158
2019-01-27T00:00:00,,0.152
2019-01-28T00:00:00,,0.146
2019-01-29T00:00:00,,0.142
2019-01-30T00:00:00,,0.137
2019-01-31T00:00:00,,0.132
2019-02-01T00:00:00,,0.127
2019-02-02T00:00:00,,0.122
2019-02-03T00:00:00,,0.128
2019-02-04T00:00:00,,0.129
2019-02-05T00:00:00,,0.136
2019-02-06T00:00:00,,0.135
2019-02-07T00:00:00,,0.137
2019-02-08T00:00:00,,0.156
2019-02-09T00:00:00,,0.211
2019-02-10T00:00:00,,0.295
2019-02-11T00:00:00,,0.338
2019-02-12T00:00:00,,0.344
2019-02-13T00:00:00,,0.34
2019-02-14T00:00:00,,0.348
2019-02-15T00:00:00,,0.385
2019-02-16T00:00:00,,0.415
2019-02-17T00:00:00,,0.418
2019-02-18T00:00:00,,0.411
2019-02-19T00:00:00,,0.438
2019-02-20T00:00:00,,0.446
2019-02-21T00:00:00,,0.438
2019-02-22T00:00:00,,0.427
2019-02-23T00:00:00,,0.432
2019-02-24T00:00:00,,0.446
2019-02-25T00:00:00,,0.484
2019-02-26T00:00:00,,0.501
2019-02-27T00:00:00,,0.522
2019-02-28T00:00:00,,0.525
2019-03-01T00:00:00,,0.515
2019-03-02T00:00:00,,0.501
2019-03-03T00:00:00,,0.487
2019-03-04T00:00:00,,0.471
2019-03-05T00:00:00,,0.457
2019-03-06T00:00:00,,0.442
2019-03-07T00:00:00,,0.439
2019-03-08T00:00:00,,0.499
2019-03-09T00:00:00,,0.525
2019-03-10T00:00:00,,0.52
2019-03-11T00:00:00,,0.506
2019-03-12T00:00:00,,0.491
2019-03-13T00:00:00,,0.475
2019-03-14T00:00:00,,0.478
2019-03-15T00:00:00,,0.503
2019-03-16T00:00:00,,0.544
2019-03-17T00:00:00,,0.682
2019-03-18T00:00:00,,0.774
2019-03-19T00:00:00,,0.826
2019-03-20T00:00:00,,0.829
2019-03-21T00:00:00,,0.851
2019-03-22T00:00:00,,0.876
2019-03-23T00:00:00,,0.886
2019-03-24T00:00:00,,0.907
2019-03-25T00:00:00,,0.876
2019-03-26T00:00:00,,0.823
2019-03-27T00:00:00,,0.77
2019-03-28T00:00:00,,0.806
2019-03-29T00:00:00,,0.97
2019-03-30T00:00:00,,1.191
2019-03-31T00:00:00,,1.225
2019-04-01T00:00:00,,1.133
2019-04-02T00:00:00,,1.05
2019-04-03T00:00:00,,0.988
2019-04-04T00:00:00,,0.953
2019-04-05T00:00:00,,0.933
2019-04-06T00:00:00,,0.946
2019-04-07T00:00:00,,0.94
2019-04-08T00:00:00,,0.862
2019-04-09T00:00:00,,0.794
2019-04-10T00:00:00,,0.738
2019-04-11T00:00:00,,0.694
2019-04-12T00:00:00,,0.658
2019-04-13T00:00:00,,0.622
2019-04-14T00:00:00,,0.586
2019-04-15T00:00:00,,0.553
2019-04-16T00:00:00,,0.522
2019-04-17T00:00:00,,0.493
2019-04-18T00:00:00,,0.469
2019-04-19T00:00:00,,0.447
2019-04-20T00:00:00,,0.427
2019-04-21T00:00:00,,0.409
2019-04-22T00:00:00,,0.392
2019-04-23T00:00:00,,0.375
2019-04-24T00:00:00,,0.359
2019-04-25T00:00:00,,0.343
2019-04-26T00:00:00,,0.329
2019-04-27T00:00:00,,0.315
2019-04-28T00:00:00,,0.302
2019-04-29T00:00:00,,0.29
2019-04-30T00:00:00,,0.279
2019-05-01T00:00:00,,0.268
2019-05-02T00:00:00,,0.261
2019-05-03T00:00:00,,0.253
2019-05-04T00:00:00,,0.243
2019-05-05T00:00:00,,0.233
2019-05-06T00:00:00,,0.224
2019-05-07T00:00:00,,0.215
2019-05-08T00:00:00,,0.206
2019-05-09T00:00:00,,0.197
2019-05-10T00:00:00,,0.189
2019-05-11T00:00:00,,0.194
2019-05-12T00:00:00,,0.192
2019-05-13T00:00:00,,0.185
2019-05-14T00:00:00,,0.177
2019-05-15T00:00:00,,0.17
2019-05-16T00:00:00,,0.163
2019-05-17T00:00:00,,0.155
2019-05-18T00:00:00,,0.148
2019-05-19T00:00:00,,0.142
2019-05-20T00:00:00,,0.135
2019-05-21T00:00:00,,0.129
2019-05-22T00:00:00,,0.123
2019-05-23T00:00:00,,0.118
2019-05-24T00:00:00,,0.113
2019-05-25T00:00:00,,0.11
2019-05-26T00:00:00,,0.109
2019-05-27T00:00:00,,0.106
2019-05-28T00:00:00,,0.102
2019-05-29T00:00:00,,0.098
2019-05-30T00:00:00,,0.081
2019-05-31T00:00:00,,0.064
2019-06-01T00:00:00,,0.056
2019-06-02T00:00:00,,0.052
2019-06-03T00:00:00,,0.049
2019-06-04T00:00:00,,0.046
2019-06-05T00:00:00,,0.043
2019-06-06T00:00:00,,0.04
2019-06-07T00:00:00,,0.037
2019-06-08T00:00:00,,0.034
2019-06-09T00:00:00,,0.032
2019-06-10T00:00:00,,0.03
2019-06-11T00:00:00,,0.026
2019-06-12T00:00:00,,0.023
2019-06-13T00:00:00,,0.022
2019-06-14T00:00:00,,0.021
2019-06-15T00:00:00,,0.019
2019-06-16T00:00:00,,0.018
2019-06-17T00:00:00,,0.017
2019-06-18T00:00:00,,0.016
2019-06-19T00:00:00,,0.015
2019-06-20T00:00:00,,0.014
2019-06-21T00:00:00,,0.01
2019-06-22T00:00:00,,0.004
2019-06-23T00:00:00,,0.002
2019-06-24T00:00:00,,0.001
2019-06-25T00:00:00,,0.001
2019-06-26T00:00:00,,0.001
2019-06-27T00:00:00,,0.001
2019-06-28T00:00:00,,0
2019-06-29T00:00:00,,0
2019-06-30T00:00:00,,0
2019-07-01T00:00:00,,0
2019-07-02T00:00:00,,0
2019-07-03T00:00:00,,0
2019-07-04T00:00:00,,0
2019-07-05T00:00:00,,0
2019-07-06T00:00:00,,0
2019-07-07T00:00:00,,0.01
2019-07-08T00:00:00,,0.014
2019-07-09T00:00:00,,0.014
2019-07-10T00:00:00,,0.013
2019-07-11T00:00:00,,0.012
2019-07-12T00:00:00,,0.012
2019-07-13T00:00:00,,0.011
2019-07-14T00:00:00,,0.011
2019-07-15T00:00:00,,0.01
2019-07-16T00:00:00,,0.003
2019-07-17T00:00:00,,0.001
2019-07-18T00:00:00,,0
2019-07-19T00:00:00,,0
2019-07-20T00:00:00,,0
2019-07-21T00:00:00,,0
2019-07-22T00:00:00,,0
2019-07-23T00:00:00,,0
2019-07-24T00:00:00,,0
2019-07-25T00:00:00,,0
2019-07-26T00:00:00,,0
2019-07-27T00:00:00,,0
2019-07-28T00:00:00,,0
2019-07-29T00:00:00,,0
2019-07-30T00:00:00,,0
2019-07-31T00:00:00,,0
2019-08-01T00:00:00,,0
2019-08-02T00:00:00,,0
2019-08-03T00:00:00,,0
2019-08-04T00:00:00,,0
2019-08-05T00:00:00,,0
2019-08-06T00:00:00,,0
2019-08-07T00:00:00,,0
2019-08-08T00:00:00,,0
2019-08-09T00:00:00,,0
2019-08-10T00:00:00,,0
2019-08-11T00:00:00,,0
2019-08-12T00:00:00,,0
2019-08-13T00:00:00,,0
2019-08-14T00:00:00,,0.008
2019-08-15T00:00:00,,0.011
2019-08-16T00:00:00,,0.011
2019-08-17T00:00:00,,0.011
2019-08-18T00:00:00,,0.01
2019-08-19T00:00:00,,0.003
2019-08-20T00:00:00,,0
2019-08-21T00:00:00,,0.015
2019-08-22T00:00:00,,0.021
2019-08-23T00:00:00,,0.208
2019-08-24T00:00:00,,0.221
2019-08-25T00:00:00,,0.197
2019-08-26T00:00:00,,0.186
2019-08-27T00:00:00,,0.18
2019-08-28T00:00:00,,0.174
2019-08-29T00:00:00,,0.169
2019-08-30T00:00:00,,0.164
2019-08-31T00:00:00,,0.16
2019-09-01T00:00:00,,0.156
2019-09-02T00:00:00,,0.152
2019-09-03T00:00:00,,0.148
2019-09-04T00:00:00,,0.144
2019-09-05T00:00:00,,0.141
2019-09-06T00:00:00,,0.138
2019-09-07T00:00:00,,0.135
2019-09-08T00:00:00,,0.131
2019-09-09T00:00:00,,0.128
2019-09-10T00:00:00,,0.124
2019-09-11T00:00:00,,0.14
2019-09-12T00:00:00,,0.149
2019-09-13T00:00:00,,0.149
2019-09-14T00:00:00,,0.146
2019-09-15T00:00:00,,0.187
2019-09-16T00:00:00,,0.203
2019-09-17T00:00:00,,0.201
2019-09-18T00:00:00,,0.196
2019-09-19T00:00:00,,0.191
2019-09-20T00:00:00,,0.185
2019-09-21T00:00:00,,0.182
2019-09-22T00:00:00,,0.178
2019-09-23T00:00:00,,0.173
2019-09-24T00:00:00,,0.172
2019-09-25T00:00:00,,0.17
2019-09-26T00:00:00,,0.166
2019-09-27T00:00:00,,0.161
2019-09-28T00:00:00,,0.155
2019-09-29T00:00:00,,0.154
2019-09-30T00:00:00,,0.151
2019-10-01T00:00:00,,0.178
2019-10-02T00:00:00,,0.189
2019-10-03T00:00:00,,0.194
2019-10-04T00:00:00,,0.199
2019-10-05T00:00:00,,0.197
2019-10-06T00:00:00,,0.193
2019-10-07T00:00:00,,0.187
2019-10-08T00:00:00,,0.181
2019-10-09T00:00:00,,0.175
2019-10-10T00:00:00,,0.17
2019-10-11T00:00:00,,0.244
2019-10-12T00:00:00,,0.382
2019-10-13T00:00:00,,0.428
2019-10-14T00:00:00,,0.428
2019-10-15T00:00:00,,0.423
2019-10-16T00:00:00,,0.418
2019-10-17T00:00:00,,0.432
2019-10-18T00:00:00,,0.439
2019-10-19T00:00:00,,0.464
2019-10-20T00:00:00,,0.557
2019-10-21T00:00:00,,0.582
2019-10-22T00:00:00,,0.568
2019-10-23T00:00:00,,0.546
2019-10-24T00:00:00,,0.526
2019-10-25T00:00:00,,0.51
2019-10-26T00:00:00,,0.55
2019-10-27T00:00:00,,0.607
2019-10-28T00:00:00,,0.611
2019-10-29T00:00:00,,0.59
2019-10-30T00:00:00,,0.565
2019-10-31T00:00:00,,0.546
2019-11-01T00:00:00,,0.527
2019-11-02T00:00:00,,0.546
2019-11-03T00:00:00,,0.546
2019-11-04T00:00:00,,0.531
2019-11-05T00:00:00,,0.513
2019-11-06T00:00:00,,0.496
2019-11-07T00:00:00,,0.478
2019-11-08T00:00:00,,0.467
2019-11-09T00:00:00,,0.474
2019-11-10T00:00:00,,0.524
2019-11-11T00:00:00,,0.537
2019-11-12T00:00:00,,0.59
2019-11-13T00:00:00,,0.895
2019-11-14T00:00:00,,1.081
2019-11-15T00:00:00,,1.069
2019-11-16T00:00:00,,1.006
2019-11-17T00:00:00,,0.955
2019-11-18T00:00:00,,0.892
2019-11-19T00:00:00,,0.822
2019-11-20T00:00:00,,0.754
2019-11-21T00:00:00,,0.704
2019-11-22T00:00:00,,0.664
2019-11-23T00:00:00,,0.633
2019-11-24T00:00:00,,0.606
2019-11-25T00:00:00,,0.58
2019-11-26T00:00:00,,0.558
2019-11-27T00:00:00,,0.565
2019-11-28T00:00:00,,0.633
2019-11-29T00:00:00,,0.767
2019-11-30T00:00:00,,0.786
2019-12-01T00:00:00,,0.746
2019-12-02T00:00:00,,0.7
2019-12-03T00:00:00,,0.663
2019-12-04T00:00:00,,0.636
2019-12-05T00:00:00,,0.611
2019-12-06T00:00:00,,0.604
2019-12-07T00:00:00,,0.686
2019-12-08T00:00:00,,0.843
2019-12-09T00:00:00,,0.878
2019-12-10T00:00:00,,0.834
2019-12-11T00:00:00,,0.801
2019-12-12T00:00:00,,0.804
2019-12-13T00:00:00,,0.821
2019-12-14T00:00:00,,0.846
2019-12-15T00:00:00,,0.977
2019-12-16T00:00:00,,1.011
2019-12-17T00:00:00,,1.024
2019-12-18T00:00:00,,1.563
2019-12-19T00:00:00,,1.59
2019-12-20T00:00:00,,1.398
2019-12-21T00:00:00,,1.246
2019-12-22T00:00:00,,1.152
2019-12-23T00:00:00,,1.062
2019-12-24T00:00:00,,1.036
2019-12-25T00:00:00,,1.001
2019-12-26T00:00:00,,0.937
2019-12-27T00:00:00,,0.865
2019-12-28T00:00:00,,0.797
2019-12-29T00:00:00,,0.749
2019-12-30T00:00:00,,0.712
2019-12-31T00:00:00,,0.676
2020-01-01T00:00:00,,0.644
2020-01-02T00:00:00,,0.616
2020-01-03T00:00:00,,0.591
2020-01-04T00:00:00,,0.567
2020-01-05T00:00:00,,0.544
2020-01-06T00:00:00,,0.523
2020-01-07T00:00:00,,0.521
2020-01-08T00:00:00,,0.532
2020-01-09T00:00:00,0.02,0.525
2020-01-10T00:00:00,,0.508
2020-01-11T00:00:00,,0.491
2020-01-12T00:00:00,,0.525
2020-01-13T00:00:00,,0.531
2020-01-14T00:00:00,,0.518
2020-01-15T00:00:00,,0.565
2020-01-16T00:00:00,,0.579
2020-01-17T00:00:00,,0.567
2020-01-18T00:00:00,,0.552
2020-01-19T00:00:00,,0.539
2020-01-20T00:00:00,,0.522
2020-01-21T00:00:00,,0.504
2020-01-22T00:00:00,,0.486
2020-01-23T00:00:00,,0.469
2020-01-24T00:00:00,,0.452
2020-01-25T00:00:00,,0.435
2020-01-26T00:00:00,,0.42
2020-01-27T00:00:00,,0.405
2020-01-28T00:00:00,,0.394
2020-01-29T00:00:00,,0.4
2020-01-30T00:00:00,,0.446
2020-01-31T00:00:00,,0.467
2020-02-01T00:00:00,,0.522
2020-02-02T00:00:00,,0.562
2020-02-03T00:00:00,,0.563
2020-02-04T00:00:00,,0.55
2020-02-05T00:00:00,,0.535
2020-02-06T00:00:00,,0.519
2020-02-07T00:00:00,,0.503
2020-02-08T00:00:00,,0.487
2020-02-09T00:00:00,,0.505
2020-02-10T00:00:00,,0.67
2020-02-11T00:00:00,,0.711
2020-02-12T00:00:00,,0.777
2020-02-13T00:00:00,,0.799
2020-02-14T00:00:00,,0.766
2020-02-15T00:00:00,,0.762
2020-02-16T00:00:00,,1.175
2020-02-17T00:00:00,,1.623
2020-02-18T00:00:00,,1.547
2020-02-19T00:00:00,,1.338
2020-02-20T00:00:00,,1.198
2020-02-21T00:00:00,,1.178
2020-02-22T00:00:00,,1.767
2020-02-23T00:00:00,,1.778
2020-02-24T00:00:00,,1.516
2020-02-25T00:00:00,,1.32
2020-02-26T00:00:00,,1.193
2020-02-27T00:00:00,,1.091
2020-02-28T00:00:00,,1
2020-02-29T00:00:00,,0.916
2020-03-01T00:00:00,,0.979
2020-03-02T00:00:00,,1
2020-03-03T00:00:00,,0.945
2020-03-04T00:00:00,,1.042
2020-03-05T00:00:00,,1.101
2020-03-06T00:00:00,,1.059
2020-03-07T00:00:00,,0.985
2020-03-08T00:00:00,,0.91
2020-03-09T00:00:00,,0.86
2020-03-10T00:00:00,,0.796
2020-03-11T00:00:00,,0.874
2020-03-12T00:00:00,,0.977
2020-03-13T00:00:00,,0.963
2020-03-14T00:00:00,,0.902
2020-03-15T00:00:00,,0.841
2020-03-16T00:00:00,,0.82
2020-03-17T00:00:00,,0.773
2020-03-18T00:00:00,,0.728
2020-03-19T00:00:00,,0.686
2020-03-20T00:00:00,,0.653
2020-03-21T00:00:00,,0.625
2020-03-22T00:00:00,,0.6
2020-03-23T00:00:00,,0.575
2020-03-24T00:00:00,,0.554
2020-03-25T00:00:00,,0.532
2020-03-26T00:00:00,,0.51
2020-03-27T00:00:00,,0.489
2020-03-28T00:00:00,,0.469
2020-03-29T00:00:00,,0.45
2020-03-30T00:00:00,,0.433
2020-03-31T00:00:00,,0.416
2020-04-01T00:00:00,,0.4
2020-04-02T00:00:00,,0.387
2020-04-03T00:00:00,,0.379
2020-04-04T00:00:00,,0.37
2020-04-05T00:00:00,,0.357
2020-04-06T00:00:00,,0.343
2020-04-07T00:00:00,,0.329
2020-04-08T00:00:00,,0.315
2020-04-09T00:00:00,,0.302
2020-04-10T00:00:00,,0.29
2020-04-11T00:00:00,,0.279
2020-04-12T00:00:00,,0.272
2020-04-13T00:00:00,,0.264
2020-04-14T00:00:00,,0.254
2020-04-15T00:00:00,,0.251
2020-04-16T00:00:00,,0.331
2020-04-17T00:00:00,,0.366
2020-04-18T00:00:00,,0.363
2020-04-19T00:00:00,,0.353
2020-04-20T00:00:00,,0.342
2020-04-21T00:00:00,,0.331
2020-04-22T00:00:00,,0.32
2020-04-23T00:00:00,,0.309
2020-04-24T00:00:00,,0.298
2020-04-25T00:00:00,,0.288
2020-04-26T00:00:00,,0.277
2020-04-27T00:00:00,,0.267
2020-04-28T00:00:00,,0.258
2020-04-29T00:00:00,,0.249
2020-04-30T00:00:00,,0.24
2020-05-01T00:00:00,,0.231
2020-05-02T00:00:00,,0.223
2020-05-03T00:00:00,,0.215
2020-05-04T00:00:00,,0.206
2020-05-05T00:00:00,,0.198
2020-05-06T00:00:00,,0.19
2020-05-07T00:00:00,,0.182
2020-05-08T00:00:00,,0.174
2020-05-09T00:00:00,,0.167
2020-05-10T00:00:00,,0.16
2020-05-11T00:00:00,,0.166
2020-05-12T00:00:00,,0.167
2020-05-13T00:00:00,,0.163
2020-05-14T00:00:00,,0.157
2020-05-15T00:00:00,,0.165
2020-05-16T00:00:00,,0.199
2020-05-17T00:00:00,,0.264
2020-05-18T00:00:00,,0.302
2020-05-19T00:00:00,,0.306
2020-05-20T00:00:00,,0.3
2020-05-21T00:00:00,,0.292
2020-05-22T00:00:00,,0.283
2020-05-23T00:00:00,,0.274
2020-05-24T00:00:00,,0.265
2020-05-25T00:00:00,,0.255
2020-05-26T00:00:00,,0.246
2020-05-27T00:00:00,,0.237
2020-05-28T00:00:00,,0.229
2020-05-29T00:00:00,,0.22
2020-05-30T00:00:00,,0.212
2020-05-31T00:00:00,,0.203
2020-06-01T00:00:00,,0.195
2020-06-02T00:00:00,,0.188
2020-06-03T00:00:00,,0.181
2020-06-04T00:00:00,,0.174
2020-06-05T00:00:00,,0.168
2020-06-06T00:00:00,,0.163
2020-06-07T00:00:00,,0.158
2020-06-08T00:00:00,,0.151
2020-06-09T00:00:00,,0.145
2020-06-10T00:00:00,,0.138
2020-06-11T00:00:00,,0.132
2020-06-12T00:00:00,,0.126
2020-06-13T00:00:00,,0.12
2020-06-14T00:00:00,,0.115
2020-06-15T00:00:00,,0.11
2020-06-16T00:00:00,,0.105
2020-06-17T00:00:00,,0.1
2020-06-18T00:00:00,,0.097
2020-06-19T00:00:00,,0.094
2020-06-20T00:00:00,,0.09
2020-06-21T00:00:00,,0.073
2020-06-22T00:00:00,,0.054
2020-06-23T00:00:00,,0.045
2020-06-24T00:00:00,,0.042
2020-06-25T00:00:00,,0.038
2020-06-26T00:00:00,,0.036
2020-06-27T00:00:00,,0.033
2020-06-28T00:00:00,,0.031
2020-06-29T00:00:00,,0.029
2020-06-30T00:00:00,,0.027
2020-07-01T00:00:00,,0.028
2020-07-02T00:00:00,,0.033
2020-07-03T00:00:00,,0.033
2020-07-04T00:00:00,,0.034
2020-07-05T00:00:00,,0.115
2020-07-06T00:00:00,,0.15
2020-07-07T00:00:00,,0.151
2020-07-08T00:00:00,,0.148
2020-07-09T00:00:00,,0.144
2020-07-10T00:00:00,,0.141
2020-07-11T00:00:00,,0.216
2020-07-12T00:00:00,,0.248
2020-07-13T00:00:00,,0.265
2020-07-14T00:00:00,,0.268
2020-07-15T00:00:00,,0.263
2020-07-16T00:00:00,,0.256
2020-07-17T00:00:00,,0.249
2020-07-18T00:00:00,,0.241
2020-07-19T00:00:00,,0.234
2020-07-20T00:00:00,,0.226
2020-07-21T00:00:00,,0.219
2020-07-22T00:00:00,,0.212
2020-07-23T00:00:00,,0.205
2020-07-24T00:00:00,,0.199
2020-07-25T00:00:00,,0.193
2020-07-26T00:00:00,,0.186
2020-07-27T00:00:00,,0.179
2020-07-28T00:00:00,,0.172
2020-07-29T00:00:00,,0.167
2020-07-30T00:00:00,,0.162
2020-07-31T00:00:00,,0.156
2020-08-01T00:00:00,,0.15
2020-08-02T00:00:00,,0.144
2020-08-03T00:00:00,,0.139
2020-08-04T00:00:00,,0.134
2020-08-05T00:00:00,,0.129
2020-08-06T00:00:00,,0.124
2020-08-07T00:00:00,,0.118
2020-08-08T00:00:00,,0.113
2020-08-09T00:00:00,,0.109
2020-08-10T00:00:00,,0.104
2020-08-11T00:00:00,,0.096
2020-08-12T00:00:00,,0.073
2020-08-13T00:00:00,,0.062
2020-08-14T00:00:00,,0.058
2020-08-15T00:00:00,,0.054
2020-08-16T00:00:00,,0.051
2020-08-17T00:00:00,,0.048
2020-08-18T00:00:00,,0.045
2020-08-19T00:00:00,,0.043
2020-08-20T00:00:00,,0.04
2020-08-21T00:00:00,,0.038
2020-08-22T00:00:00,,0.038
2020-08-23T00:00:00,,0.052
2020-08-24T00:00:00,,0.078
2020-08-25T00:00:00,,0.086
2020-08-26T00:00:00,,0.084
2020-08-27T00:00:00,,0.081
2020-08-28T00:00:00,,0.078
2020-08-29T00:00:00,,0.076
2020-08-30T00:00:00,,0.084
2020-08-31T00:00:00,,0.091
2020-09-01T00:00:00,,0.091
2020-09-02T00:00:00,,0.088
2020-09-03T00:00:00,,0.085
2020-09-04T00:00:00,,0.087
2020-09-05T00:00:00,,0.173
2020-09-06T00:00:00,,0.236
2020-09-07T00:00:00,,0.249
2020-09-08T00:00:00,,0.247
2020-09-09T00:00:00,,0.25
2020-09-10T00:00:00,,0.249
2020-09-11T00:00:00,,0.244
2020-09-12T00:00:00,,0.391
2020-09-13T00:00:00,,0.448
2020-09-14T00:00:00,,0.44
2020-09-15T00:00:00,,0.424
2020-09-16T00:00:00,,0.412
2020-09-17T00:00:00,,0.402
2020-09-18T00:00:00,,0.392
2020-09-19T00:00:00,,0.381
2020-09-20T00:00:00,,0.37
2020-09-21T00:00:00,,0.358
2020-09-22T00:00:00,,0.346
2020-09-23T00:00:00,,0.334
2020-09-24T00:00:00,,0.323
2020-09-25T00:00:00,,0.311
2020-09-26T00:00:00,,0.3
2020-09-27T00:00:00,,0.289
2020-09-28T00:00:00,,0.278
2020-09-29T00:00:00,,0.268
2020-09-30T00:00:00,,0.258
2020-10-01T00:00:00,,0.248
2020-10-02T00:00:00,,0.239
2020-10-03T00:00:00,,0.229
2020-10-04T00:00:00,,0.221
2020-10-05T00:00:00,,0.213
2020-10-06T00:00:00,,0.205
2020-10-07T00:00:00,,0.198
2020-10-08T00:00:00,,0.191
2020-10-09T00:00:00,,0.185
2020-10-10T00:00:00,,0.178
2020-10-11T00:00:00,,0.182
2020-10-12T00:00:00,,0.179
2020-10-13T00:00:00,,0.173
2020-10-14T00:00:00,,0.167
2020-10-15T00:00:00,,0.16
2020-10-16T00:00:00,,0.154
2020-10-17T00:00:00,,0.148
2020-10-18T00:00:00,,0.147
2020-10-19T00:00:00,,0.144
2020-10-20T00:00:00,,0.139
2020-10-21T00:00:00,,0.144
2020-10-22T00:00:00,,0.187
2020-10-23T00:00:00,,0.228
2020-10-24T00:00:00,,0.237
2020-10-25T00:00:00,,0.233
2020-10-26T00:00:00,,0.23
2020-10-27T00:00:00,,0.225
2020-10-28T00:00:00,,0.259
2020-10-29T00:00:00,,0.276
2020-10-30T00:00:00,,0.274
2020-10-31T00:00:00,,0.267
2020-11-01T00:00:00,,0.26
2020-11-02T00:00:00,,0.276
2020-11-03T00:00:00,,0.283
2020-11-04T00:00:00,,0.288
2020-11-05T00:00:00,,0.285
2020-11-06T00:00:00,,0.278
2020-11-07T00:00:00,,0.269
2020-11-08T00:00:00,,0.261
2020-11-09T00:00:00,,0.252
2020-11-10T00:00:00,,0.244
2020-11-11T00:00:00,,0.24
2020-11-12T00:00:00,,0.234
2020-11-13T00:00:00,,0.226
2020-11-14T00:00:00,,0.218
2020-11-15T00:00:00,,0.21
2020-11-16T00:00:00,,0.202
2020-11-17T00:00:00,,0.196
2020-11-18T00:00:00,,0.268
2020-11-19T00:00:00,,0.367
2020-11-20T00:00:00,,0.399
2020-11-21T00:00:00,,0.502
2020-11-22T00:00:00,,0.574
2020-11-23T00:00:00,,0.579
2020-11-24T00:00:00,,0.563
2020-11-25T00:00:00,,0.569
2020-11-26T00:00:00,,0.566
2020-11-27T00:00:00,,0.549
2020-11-28T00:00:00,,0.533
2020-11-29T00:00:00,,0.518
2020-11-30T00:00:00,,0.506
2020-12-01T00:00:00,,0.493
2020-12-02T00:00:00,,0.493
2020-12-03T00:00:00,,0.485
2020-12-04T00:00:00,,0.48
2020-12-05T00:00:00,,0.48
2020-12-06T00:00:00,,0.469
2020-12-07T00:00:00,,0.454
2020-12-08T00:00:00,,0.438
2020-12-09T00:00:00,,0.423
2020-12-10T00:00:00,,0.408
2020-12-11T00:00:00,,0.393
2020-12-12T00:00:00,,0.378
2020-12-13T00:00:00,,0.364
2020-12-14T00:00:00,,0.35
2020-12-15T00:00:00,,0.337
2020-12-16T00:00:00,,0.376
2020-12-17T00:00:00,,0.388
2020-12-18T00:00:00,,0.434
2020-12-19T00:00:00,,0.454
2020-12-20T00:00:00,,0.452
2020-12-21T00:00:00,,0.461
2020-12-22T00:00:00,,0.457
2020-12-23T00:00:00,,0.473
2020-12-24T00:00:00,,0.474
2020-12-25T00:00:00,,0.462
2020-12-26T00:00:00,,0.448
2020-12-27T00:00:00,,0.437
2020-12-28T00:00:00,,0.431
2020-12-29T00:00:00,,0.423
2020-12-30T00:00:00,,0.49
2020-12-31T00:00:00,,0.527
2021-01-01T00:00:00,,0.528
2021-01-02T00:00:00,,0.523
2021-01-03T00:00:00,,0.513
2021-01-04T00:00:00,,0.498
2021-01-05T00:00:00,,0.482
2021-01-06T00:00:00,,0.465
2021-01-07T00:00:00,,0.449
2021-01-08T00:00:00,,0.434
2021-01-09T00:00:00,,0.418
2021-01-10T00:00:00,,0.403
2021-01-11T00:00:00,,0.401
2021-01-12T00:00:00,,0.392
2021-01-13T00:00:00,,0.38
2021-01-14T00:00:00,,0.367
2021-01-15T00:00:00,,0.353
2021-01-16T00:00:00,,0.339
2021-01-17T00:00:00,,0.326
2021-01-18T00:00:00,,0.313
2021-01-19T00:00:00,,0.301
2021-01-20T00:00:00,,0.289
2021-01-21T00:00:00,,0.279
2021-01-22T00:00:00,,0.291
2021-01-23T00:00:00,,0.311
2021-01-24T00:00:00,,0.339
2021-01-25T00:00:00,,0.376
2021-01-26T00:00:00,,0.389
2021-01-27T00:00:00,,0.386
2021-01-28T00:00:00,,0.378
2021-01-29T00:00:00,,0.368
2021-01-30T00:00:00,,0.359
2021-01-31T00:00:00,,0.349
2021-02-01T00:00:00,,0.337
2021-02-02T00:00:00,,0.325
2021-02-03T00:00:00,,0.314
2021-02-04T00:00:00,,0.303
2021-02-05T00:00:00,,0.292
2021-02-06T00:00:00,,0.281
2021-02-07T00:00:00,,0.27
2021-02-08T00:00:00,,0.26
2021-02-09T00:00:00,,0.25
2021-02-10T00:00:00,,0.241
2021-02-11T00:00:00,,0.231
2021-02-12T00:00:00,,0.223
2021-02-13T00:00:00,,0.214
2021-02-14T00:00:00,,0.206
2021-02-15T00:00:00,,0.198
2021-02-16T00:00:00,,0.19
2021-02-17T00:00:00,,0.183
2021-02-18T00:00:00,,0.176
2021-02-19T00:00:00,,0.169
2021-02-20T00:00:00,,0.164
2021-02-21T00:00:00,,0.163
2021-02-22T00:00:00,,0.159
2021-02-23T00:00:00,,0.153
2021-02-24T00:00:00,,0.147
2021-02-25T00:00:00,,0.171
2021-02-26T00:00:00,,0.202
2021-02-27T00:00:00,,0.223
2021-02-28T00:00:00,,0.261
2021-03-01T00:00:00,,0.296
2021-03-02T00:00:00,,0.326
2021-03-03T00:00:00,,0.346
2021-03-04T00:00:00,,0.348
2021-03-05T00:00:00,,0.342
2021-03-06T00:00:00,,0.334
2021-03-07T00:00:00,,0.327
2021-03-08T00:00:00,,0.318
2021-03-09T00:00:00,,0.309
2021-03-10T00:00:00,,0.3
2021-03-11T00:00:00,,0.291
2021-03-12T00:00:00,,0.282
2021-03-13T00:00:00,,0.29
2021-03-14T00:00:00,,0.31
2021-03-15T00:00:00,,0.319
2021-03-16T00:00:00,,0.314
2021-03-17T00:00:00,,0.306
2021-03-18T00:00:00,,0.297
2021-03-19T00:00:00,,0.288
2021-03-20T00:00:00,,0.279
2021-03-21T00:00:00,,0.277
2021-03-22T00:00:00,,0.272
2021-03-23T00:00:00,,0.263
2021-03-24T00:00:00,,0.271
2021-03-25T00:00:00,,0.3
2021-03-26T00:00:00,,0.329
2021-03-27T00:00:00,,0.38
2021-03-28T00:00:00,,0.433
2021-03-29T00:00:00,,0.539
2021-03-30T00:00:00,,0.584
2021-03-31T00:00:00,,0.603
2021-04-01T00:00:00,,0.61
2021-04-02T00:00:00,,0.607
2021-04-03T00:00:00,,0.6
2021-04-04T00:00:00,,0.592
2021-04-05T00:00:00,,0.631
2021-04-06T00:00:00,,0.632
2021-04-07T00:00:00,,0.611
2021-04-08T00:00:00,,0.583
2021-04-09T00:00:00,,0.636
2021-04-10T00:00:00,,0.69
2021-04-11T00:00:00,,0.686
2021-04-12T00:00:00,,0.656
2021-04-13T00:00:00,,0.62
2021-04-14T00:00:00,,0.587
2021-04-15T00:00:00,,0.557
2021-04-16T00:00:00,,0.534
2021-04-17T00:00:00,,0.512
2021-04-18T00:00:00,,0.492
2021-04-19T00:00:00,0.01,0.472
2021-04-20T00:00:00,,0.453
2021-04-21T00:00:00,,0.436
2021-04-22T00:00:00,,0.419
2021-04-23T00:00:00,,0.41
2021-04-24T00:00:00,,0.412
2021-04-25T00:00:00,,0.421
2021-04-26T00:00:00,,0.415
2021-04-27T00:00:00,,0.401
2021-04-28T00:00:00,,0.386
2021-04-29T00:00:00,,0.371
2021-04-30T00:00:00,,0.356
2021-05-01T00:00:00,,0.342
2021-05-02T00:00:00,,0.329
2021-05-03T00:00:00,,0.316
2021-05-04T00:00:00,,0.303
2021-05-05T00:00:00,,0.3
2021-05-06T00:00:00,,0.293
2021-05-07T00:00:00,,0.282
2021-05-08T00:00:00,,0.271
2021-05-09T00:00:00,,0.262
2021-05-10T00:00:00,,0.257
2021-05-11T00:00:00,,0.249
2021-05-12T00:00:00,,0.238
2021-05-13T00:00:00,,0.227
2021-05-14T00:00:00,,0.217
2021-05-15T00:00:00,,0.208
2021-05-16T00:00:00,,0.199
2021-05-17T00:00:00,,0.197
2021-05-18T00:00:00,,0.193
2021-05-19T00:00:00,,0.191
2021-05-20T00:00:00,,0.2
2021-05-21T00:00:00,,0.227
2021-05-22T00:00:00,,0.233
2021-05-23T00:00:00,,0.226
2021-05-24T00:00:00,,0.218
2021-05-25T00:00:00,,0.21
2021-05-26T00:00:00,,0.368
2021-05-27T00:00:00,,0.397
2021-05-28T00:00:00,,0.376
2021-05-29T00:00:00,,0.361
2021-05-30T00:00:00,,0.351
2021-05-31T00:00:00,,0.34
2021-06-01T00:00:00,,0.33
2021-06-02T00:00:00,,0.319
2021-06-03T00:00:00,,0.307
2021-06-04T00:00:00,,0.296
2021-06-05T00:00:00,,0.285
2021-06-06T00:00:00,,0.274
2021-06-07T00:00:00,,0.264
2021-06-08T00:00:00,,0.254
2021-06-09T00:00:00,,0.245
2021-06-10T00:00:00,,0.235
2021-06-11T00:00:00,,0.225
2021-06-12T00:00:00,,0.216
2021-06-13T00:00:00,,0.209
2021-06-14T00:00:00,,0.202
2021-06-15T00:00:00,,0.194
2021-06-16T00:00:00,,0.186
2021-06-17T00:00:00,,0.178
2021-06-18T00:00:00,,0.17
2021-06-19T00:00:00,,0.163
2021-06-20T00:00:00,,0.155
2021-06-21T00:00:00,,0.148
2021-06-22T00:00:00,,0.141
2021-06-23T00:00:00,,0.136
2021-06-24T00:00:00,,0.131
2021-06-25T00:00:00,,0.125
2021-06-26T00:00:00,,0.119
2021-06-27T00:00:00,,0.114
2021-06-28T00:00:00,,0.109
2021-06-29T00:00:00,,0.105
2021-06-30T00:00:00,,0.1
2021-07-01T00:00:00,,0.096
2021-07-02T00:00:00,,0.091
2021-07-03T00:00:00,,0.087
2021-07-04T00:00:00,,0.064
2021-07-05T00:00:00,,0.049
2021-07-06T00:00:00,,0.043
2021-07-07T00:00:00,,0.04
2021-07-08T00:00:00,,0.037
2021-07-09T00:00:00,,0.035
2021-07-10T00:00:00,,0.033
2021-07-11T00:00:00,,0.031
2021-07-12T00:00:00,,0.029
2021-07-13T00:00:00,,0.027
2021-07-14T00:00:00,,0.025
2021-07-15T00:00:00,,0.024
2021-07-16T00:00:00,,0.022
2021-07-17T00:00:00,,0.021
2021-07-18T00:00:00,,0.02
2021-07-19T00:00:00,,0.019
2021-07-20T00:00:00,,0.018
2021-07-21T00:00:00,,0.016
2021-07-22T00:00:00,,0.008
2021-07-23T00:00:00,,0.003
2021-07-24T00:00:00,,0.002
2021-07-25T00:00:00,,0.001
2021-07-26T00:00:00,,0.001
2021-07-27T00:00:00,,0.001
2021-07-28T00:00:00,,0.001
2021-07-29T00:00:00,,0.001
2021-07-30T00:00:00,,0.001
2021-07-31T00:00:00,,0.001
2021-08-01T00:00:00,,0.001
2021-08-02T00:00:00,,0.001
2021-08-03T00:00:00,,0.001
2021-08-04T00:00:00,,0.001
2021-08-05T00:00:00,,0.001
2021-08-06T00:00:00,,0
2021-08-07T00:00:00,,0
2021-08-08T00:00:00,,0
2021-08-09T00:00:00,,0
2021-08-10T00:00:00,,0
2021-08-11T00:00:00,,0
2021-08-12T00:00:00,,0
2021-08-13T00:00:00,,0
2021-08-14T00:00:00,,0.01
2021-08-15T00:00:00,,0.036
2021-08-16T00:00:00,,0.084
2021-08-17T00:00:00,,0.1
2021-08-18T00:00:00,,0.221
2021-08-19T00:00:00,,0.341
2021-08-20T00:00:00,,0.367
2021-08-21T00:00:00,,0.363
2021-08-22T00:00:00,,0.357
2021-08-23T00:00:00,,0.352
2021-08-24T00:00:00,,0.347
2021-08-25T00:00:00,,0.692
2021-08-26T00:00:00,,0.977
2021-08-27T00:00:00,,0.951
2021-08-28T00:00:00,,0.846
2021-08-29T00:00:00,,0.76
2021-08-30T00:00:00,,0.707
2021-08-31T00:00:00,,0.668
2021-09-01T00:00:00,,0.632
2021-09-02T00:00:00,,0.607
2021-09-03T00:00:00,,0.588
2021-09-04T00:00:00,,0.562
2021-09-05T00:00:00,,0.538
2021-09-06T00:00:00,,0.516
2021-09-07T00:00:00,,0.496
2021-09-08T00:00:00,,0.476
2021-09-09T00:00:00,,0.457
2021-09-10T00:00:00,,0.439
2021-09-11T00:00:00,,0.421
2021-09-12T00:00:00,,0.406
2021-09-13T00:00:00,,0.408
2021-09-14T00:00:00,,0.401
2021-09-15T00:00:00,,0.386
2021-09-16T00:00:00,,0.371
2021-09-17T00:00:00,,0.356
2021-09-18T00:00:00,,0.342
2021-09-19T00:00:00,,0.329
2021-09-20T00:00:00,,0.316
2021-09-21T00:00:00,,0.303
2021-09-22T00:00:00,,0.292
2021-09-23T00:00:00,,0.291
2021-09-24T00:00:00,,0.372
2021-09-25T00:00:00,,0.403
2021-09-26T00:00:00,,0.398
2021-09-27T00:00:00,,0.387
2021-09-28T00:00:00,,0.375
2021-09-29T00:00:00,,0.363
2021-09-30T00:00:00,,0.351
2021-10-01T00:00:00,,0.339
2021-10-02T00:00:00,,0.327
2021-10-03T00:00:00,,0.315
2021-10-04T00:00:00,,0.303
2021-10-05T00:00:00,,0.292
2021-10-06T00:00:00,,0.281
2021-10-07T00:00:00,,0.27
2021-10-08T00:00:00,,0.26
2021-10-09T00:00:00,,0.25
2021-10-10T00:00:00,,0.241
2021-10-11T00:00:00,,0.232
2021-10-12T00:00:00,,0.223
2021-10-13T00:00:00,,0.215
2021-10-14T00:00:00,,0.207
2021-10-15T00:00:00,,0.21
2021-10-16T00:00:00,,0.208
2021-10-17T00:00:00,,0.201
2021-10-18T00:00:00,,0.193
2021-10-19T00:00:00,,0.186
2021-10-20T00:00:00,,0.232
2021-10-21T00:00:00,,0.317
2021-10-22T00:00:00,,0.407
2021-10-23T00:00:00,,0.439
2021-10-24T00:00:00,,0.45
2021-10-25T00:00:00,,0.453
2021-10-26T00:00:00,,0.446
2021-10-27T00:00:00,,0.463
2021-10-28T00:00:00,,0.481
2021-10-29T00:00:00,,0.478
2021-10-30T00:00:00,,0.466
2021-10-31T00:00:00,,0.452
2021-11-01T00:00:00,,0.438
2021-11-02T00:00:00,,0.424
2021-11-03T00:00:00,,0.428
2021-11-04T00:00:00,,0.427
2021-11-05T00:00:00,,0.535
2021-11-06T00:00:00,,0.574
2021-11-07T00:00:00,,0.57
2021-11-08T00:00:00,,0.553
2021-11-09T00:00:00,,0.534
2021-11-10T00:00:00,,0.54
2021-11-11T00:00:00,,0.533
2021-11-12T00:00:00,,0.518
2021-11-13T00:00:00,,0.501
2021-11-14T00:00:00,,0.484
2021-11-15T00:00:00,,0.467
2021-11-16T00:00:00,,0.45
2021-11-17T00:00:00,,0.443
2021-11-18T00:00:00,,0.467
2021-11-19T00:00:00,,0.485
2021-11-20T00:00:00,,0.48
2021-11-21T00:00:00,,0.466
2021-11-22T00:00:00,,0.451
2021-11-23T00:00:00,,0.439
2021-11-24T00:00:00,,0.432
2021-11-25T00:00:00,,0.446
2021-11-26T00:00:00,,0.444
2021-11-27T00:00:00,,0.431
2021-11-28T00:00:00,,0.417
2021-11-29T00:00:00,,0.403
2021-11-30T00:00:00,,0.388
2021-12-01T00:00:00,,0.374
2021-12-02T00:00:00,,0.361
2021-12-03T00:00:00,,0.347
2021-12-04T00:00:00,,0.335
2021-12-05T00:00:00,,0.322
2021-12-06T00:00:00,,0.31
2021-12-07T00:00:00,,0.298
2021-12-08T00:00:00,,0.287
2021-12-09T00:00:00,,0.276
2021-12-10T00:00:00,,0.266
2021-12-11T00:00:00,,0.262
2021-12-12T00:00:00,,0.26
2021-12-13T00:00:00,,0.26
2021-12-14T00:00:00,,0.274
2021-12-15T00:00:00,,0.285
2021-12-16T00:00:00,,0.281
2021-12-17T00:00:00,,0.273
2021-12-18T00:00:00,,0.269
2021-12-19T00:00:00,,0.263
2021-12-20T00:00:00,,0.255
2021-12-21T00:00:00,,0.246
2021-12-22T00:00:00,,0.238
2021-12-23T00:00:00,,0.23
2021-12-24T00:00:00,,0.223
2021-12-25T00:00:00,,0.215
2021-12-26T00:00:00,,0.207
2021-12-27T00:00:00,,0.2
2021-12-28T00:00:00,,0.192
2021-12-29T00:00:00,,0.185
2021-12-30T00:00:00,,0.179
2021-12-31T00:00:00,,0.174
2022-01-01T00:00:00,,0.169
2022-01-02T00:00:00,,0.163
2022-01-03T00:00:00,,0.157
2022-01-04T00:00:00,,0.151
2022-01-05T00:00:00,,0.147
2022-01-06T00:00:00,,0.143
2022-01-07T00:00:00,,0.137
2022-01-08T00:00:00,,0.132
2022-01-09T00:00:00,,0.128
2022-01-10T00:00:00,,0.123
2022-01-11T00:00:00,,0.118
2022-01-12T00:00:00,,0.113
2022-01-13T00:00:00,,0.152
2022-01-14T00:00:00,,0.18
2022-01-15T00:00:00,,0.185
2022-01-16T00:00:00,,0.184
2022-01-17T00:00:00,,0.181
2022-01-18T00:00:00,,0.178
2022-01-19T00:00:00,,0.181
2022-01-20T00:00:00,,0.199
2022-01-21T00:00:00,,0.204
2022-01-22T00:00:00,,0.2
2022-01-23T00:00:00,,0.195
2022-01-24T00:00:00,,0.205
2022-01-25T00:00:00,,0.207
2022-01-26T00:00:00,,0.204
2022-01-27T00:00:00,,0.224
2022-01-28T00:00:00,,0.231
2022-01-29T00:00:00,,0.23
2022-01-30T00:00:00,,0.229
2022-01-31T00:00:00,,0.225
2022-02-01T00:00:00,,0.217
2022-02-02T00:00:00,,0.209
2022-02-03T00:00:00,,0.201
2022-02-04T00:00:00,,0.195
2022-02-05T00:00:00,,0.197
2022-02-06T00:00:00,,0.215
2022-02-07T00:00:00,,0.218
2022-02-08T00:00:00,,0.212
2022-02-09T00:00:00,,0.205
2022-02-10T00:00:00,,0.197
2022-02-11T00:00:00,,0.19
2022-02-12T00:00:00,,0.183
2022-02-13T00:00:00,,0.198
2022-02-14T00:00:00,,0.256
2022-02-15T00:00:00,,0.29
2022-02-16T00:00:00,,0.328
2022-02-17T00:00:00,,0.456
2022-02-18T00:00:00,,0.505
2022-02-19T00:00:00,,0.504
2022-02-20T00:00:00,,0.496
2022-02-21T00:00:00,,0.499
2022-02-22T00:00:00,,0.499
2022-02-23T00:00:00,,0.487
2022-02-24T00:00:00,,0.495
2022-02-25T00:00:00,,0.543
2022-02-26T00:00:00,,0.551
2022-02-27T00:00:00,,0.538
2022-02-28T00:00:00,,0.522
2022-03-01T00:00:00,,0.506
2022-03-02T00:00:00,,0.491
2022-03-03T00:00:00,,0.475
2022-03-04T00:00:00,,0.458
2022-03-05T00:00:00,,0.442
2022-03-06T00:00:00,,0.426
2022-03-07T00:00:00,,0.41
2022-03-08T00:00:00,,0.395
2022-03-09T00:00:00,,0.38
2022-03-10T00:00:00,,0.366
2022-03-11T00:00:00,,0.358
2022-03-12T00:00:00,,0.351
2022-03-13T00:00:00,,0.34
2022-03-14T00:00:00,,0.338
2022-03-15T00:00:00,,0.331
2022-03-16T00:00:00,,0.32
2022-03-17T00:00:00,,0.309
2022-03-18T00:00:00,,0.306
2022-03-19T00:00:00,,0.322
2022-03-20T00:00:00,,0.376
2022-03-21T00:00:00,,0.425
2022-03-22T00:00:00,,0.435
2022-03-23T00:00:00,,0.432
2022-03-24T00:00:00,,0.461
2022-03-25T00:00:00,,0.521
2022-03-26T00:00:00,,0.536
2022-03-27T00:00:00,,0.528
2022-03-28T00:00:00,,0.527
2022-03-29T00:00:00,,0.517
2022-03-30T00:00:00,,0.503
2022-03-31T00:00:00,,0.488
2022-04-01T00:00:00,,0.473
2022-04-02T00:00:00,,0.457
2022-04-03T00:00:00,,0.442
2022-04-04T00:00:00,,0.484
2022-04-05T00:00:00,,0.504
2022-04-06T00:00:00,,0.497
2022-04-07T00:00:00,,0.483
2022-04-08T00:00:00,,0.582
2022-04-09T00:00:00,,0.653
2022-04-10T00:00:00,,0.764
2022-04-11T00:00:00,,0.876
2022-04-12T00:00:00,,0.87
2022-04-13T00:00:00,,0.904
2022-04-14T00:00:00,,0.946
2022-04-15T00:00:00,,0.986
2022-04-16T00:00:00,,1.026
2022-04-17T00:00:00,,1.132
2022-04-18T00:00:00,,1.318
2022-04-19T00:00:00,,1.26
2022-04-20T00:00:00,,1.555
2022-04-21T00:00:00,,1.905
2022-04-22T00:00:00,,1.842
2022-04-23T00:00:00,,1.653
2022-04-24T00:00:00,,1.523
2022-04-25T00:00:00,,1.438
2022-04-26T00:00:00,,1.311
2022-04-27T00:00:00,,1.163
2022-04-28T00:00:00,,1.044
2022-04-29T00:00:00,,0.94
2022-04-30T00:00:00,,0.852
2022-05-01T00:00:00,,0.784
2022-05-02T00:00:00,,0.729
2022-05-03T00:00:00,,0.68
2022-05-04T00:00:00,,0.637
2022-05-05T00:00:00,,0.597
2022-05-06T00:00:00,,0.56
2022-05-07T00:00:00,,0.533
2022-05-08T00:00:00,,0.51
2022-05-09T00:00:00,,0.487
2022-05-10T00:00:00,,0.466
2022-05-11T00:00:00,,0.451
2022-05-12T00:00:00,,0.436
2022-05-13T00:00:00,,0.418
2022-05-14T00:00:00,,0.401
2022-05-15T00:00:00,,0.383
2022-05-16T00:00:00,,0.368
2022-05-17T00:00:00,,0.353
2022-05-18T00:00:00,,0.338
2022-05-19T00:00:00,,0.324
2022-05-20T00:00:00,,0.31
2022-05-21T00:00:00,,0.298
2022-05-22T00:00:00,,0.285
2022-05-23T00:00:00,,0.273
2022-05-24T00:00:00,,0.262
2022-05-25T00:00:00,,0.251
2022-05-26T00:00:00,,0.305
2022-05-27T00:00:00,,0.345
2022-05-28T00:00:00,,0.395
2022-05-29T00:00:00,,0.399
2022-05-30T00:00:00,,0.386
2022-05-31T00:00:00,,0.373
2022-06-01T00:00:00,,0.36
2022-06-02T00:00:00,,0.451
2022-06-03T00:00:00,,0.479
2022-06-04T00:00:00,,0.466
2022-06-05T00:00:00,,0.439
2022-06-06T00:00:00,,0.418
2022-06-07T00:00:00,,0.402
2022-06-08T00:00:00,,0.388
2022-06-09T00:00:00,,0.374
2022-06-10T00:00:00,,0.359
2022-06-11T00:00:00,,0.344
2022-06-12T00:00:00,,0.331
2022-06-13T00:00:00,,0.317
2022-06-14T00:00:00,,0.305
2022-06-15T00:00:00,,0.293
2022-06-16T00:00:00,,0.281
2022-06-17T00:00:00,,0.27
2022-06-18T00:00:00,,0.261
2022-06-19T00:00:00,,0.252
2022-06-20T00:00:00,,0.242
2022-06-21T00:00:00,,0.233
2022-06-22T00:00:00,,0.224
2022-06-23T00:00:00,,0.214
2022-06-24T00:00:00,,0.205
2022-06-25T00:00:00,,0.195
2022-06-26T00:00:00,,0.187
2022-06-27T00:00:00,,0.178
2022-06-28T00:00:00,,0.17
2022-06-29T00:00:00,,0.163
2022-06-30T00:00:00,,0.156
2022-07-01T00:00:00,,0.149
2022-07-02T00:00:00,,0.142
2022-07-03T00:00:00,,0.136
2022-07-04T00:00:00,,0.13
2022-07-05T00:00:00,,0.124
2022-07-06T00:00:00,,0.119
2022-07-07T00:00:00,,0.115
2022-07-08T00:00:00,,0.112
2022-07-09T00:00:00,,0.107
2022-07-10T00:00:00,,0.103
2022-07-11T00:00:00,,0.099
2022-07-12T00:00:00,,0.095
2022-07-13T00:00:00,,0.091
2022-07-14T00:00:00,,0.087
2022-07-15T00:00:00,,0.076
2022-07-16T00:00:00,,0.057
2022-07-17T00:00:00,,0.047
2022-07-18T00:00:00,,0.043
2022-07-19T00:00:00,,0.04
2022-07-20T00:00:00,,0.037
2022-07-21T00:00:00,,0.035
2022-07-22T00:00:00,,0.032
2022-07-23T00:00:00,,0.03
2022-07-24T00:00:00,,0.028
2022-07-25T00:00:00,,0.027
2022-07-26T00:00:00,,0.025
2022-07-27T00:00:00,,0.023
2022-07-28T00:00:00,,0.022
2022-07-29T00:00:00,,0.019
2022-07-30T00:00:00,,0.014
2022-07-31T00:00:00,,0.008
2022-08-01T00:00:00,,0.005
2022-08-02T00:00:00,,0.004
2022-08-03T00:00:00,,0.004
2022-08-04T00:00:00,,0.003
2022-08-05T00:00:00,,0.003
2022-08-06T00:00:00,,0.002
2022-08-07T00:00:00,,0.002
2022-08-08T00:00:00,,0.002
2022-08-09T00:00:00,,0.002
2022-08-10T00:00:00,,0.001
2022-08-11T00:00:00,,0.001
2022-08-12T00:00:00,,0.001
2022-08-13T00:00:00,,0.001
2022-08-14T00:00:00,,0
2022-08-15T00:00:00,,0
2022-08-16T00:00:00,,0
2022-08-17T00:00:00,,0
2022-08-18T00:00:00,,0
2022-08-19T00:00:00,,0
2022-08-20T00:00:00,,0
2022-08-21T00:00:00,,0
2022-08-22T00:00:00,,0
2022-08-23T00:00:00,,0
2022-08-24T00:00:00,,0
2022-08-25T00:00:00,,0
2022-08-26T00:00:00,,0
2022-08-27T00:00:00,,0
2022-08-28T00:00:00,,0
2022-08-29T00:00:00,,0
2022-08-30T00:00:00,,0
2022-08-31T00:00:00,,0
2022-09-01T00:00:00,,0
2022-09-02T00:00:00,,0
2022-09-03T00:00:00,,0
2022-09-04T00:00:00,,0
2022-09-05T00:00:00,,0
2022-09-06T00:00:00,,0
2022-09-07T00:00:00,,0
2022-09-08T00:00:00,,0
2022-09-09T00:00:00,,0
2022-09-10T00:00:00,,0
2022-09-11T00:00:00,,0
2022-09-12T00:00:00,,0
2022-09-13T00:00:00,,0
2022-09-14T00:00:00,,0
2022-09-15T00:00:00,,0
2022-09-16T00:00:00,,0
2022-09-17T00:00:00,,0.009
2022-09-18T00:00:00,,0.012
2022-09-19T00:00:00,,0.012
2022-09-20T00:00:00,,0.012
2022-09-21T00:00:00,,0.012
2022-09-22T00:00:00,,0.011
2022-09-23T00:00:00,,0.011
2022-09-24T00:00:00,,0.009
2022-09-25T00:00:00,,0.003
2022-09-26T00:00:00,,0
2022-09-27T00:00:00,,0
2022-09-28T00:00:00,,0
2022-09-29T00:00:00,,0.013
2022-09-30T00:00:00,,0.021
2022-10-01T00:00:00,,0.023
2022-10-02T00:00:00,,0.022
2022-10-03T00:00:00,,0.021
2022-10-04T00:00:00,,0.02
2022-10-05T00:00:00,,0.02
2022-10-06T00:00:00,,0.025
2022-10-07T00:00:00,,0.026
2022-10-08T00:00:00,,0.026
2022-10-09T00:00:00,,0.025
2022-10-10T00:00:00,,0.024
2022-10-11T00:00:00,,0.023
2022-10-12T00:00:00,,0.022
2022-10-13T00:00:00,,0.021
2022-10-14T00:00:00,,0.026
2022-10-15T00:00:00,,0.028
2022-10-16T00:00:00,,0.042
2022-10-17T00:00:00,,0.078
2022-10-18T00:00:00,,0.091
2022-10-19T00:00:00,,0.09
2022-10-20T00:00:00,,0.088
2022-10-21T00:00:00,,0.085
2022-10-22T00:00:00,,0.081
2022-10-23T00:00:00,,0.058
2022-10-24T00:00:00,,0.046
2022-10-25T00:00:00,,0.044
2022-10-26T00:00:00,,0.071
2022-10-27T00:00:00,,0.067
2022-10-28T00:00:00,,0.053
2022-10-29T00:00:00,,0.075
2022-10-30T00:00:00,,0.085
2022-10-31T00:00:00,,0.068
2022-11-01T00:00:00,,0.053
2022-11-02T00:00:00,,0.049
2022-11-03T00:00:00,,0.049
2022-11-04T00:00:00,,0.049
2022-11-05T00:00:00,,0.078
2022-11-06T00:00:00,,0.141
2022-11-07T00:00:00,,0.195
2022-11-08T00:00:00,,0.209
2022-11-09T00:00:00,,0.226
2022-11-10T00:00:00,,0.23
2022-11-11T00:00:00,,0.242
2022-11-12T00:00:00,,0.244
2022-11-13T00:00:00,,0.24
2022-11-14T00:00:00,,0.236
2022-11-15T00:00:00,,0.231
2022-11-16T00:00:00,,0.225
2022-11-17T00:00:00,,0.22
2022-11-18T00:00:00,,0.214
2022-11-19T00:00:00,,0.208
2022-11-20T00:00:00,,0.203
2022-11-21T00:00:00,,0.198
2022-11-22T00:00:00,,0.193
2022-11-23T00:00:00,,0.187
2022-11-24T00:00:00,,0.181
2022-11-25T00:00:00,,0.175
2022-11-26T00:00:00,,0.169
2022-11-27T00:00:00,,0.163
2022-11-28T00:00:00,,0.158
2022-11-29T00:00:00,,0.152
2022-11-30T00:00:00,,0.147
2022-12-01T00:00:00,,0.142
2022-12-02T00:00:00,,0.137
2022-12-03T00:00:00,,0.132
2022-12-04T00:00:00,,0.127
2022-12-05T00:00:00,,0.122
2022-12-06T00:00:00,,0.118
2022-12-07T00:00:00,,0.115
2022-12-08T00:00:00,,0.113
2022-12-09T00:00:00,,0.111
2022-12-10T00:00:00,,0.108
2022-12-11T00:00:00,,0.105
2022-12-12T00:00:00,,0.102
2022-12-13T00:00:00,,0.099
2022-12-14T00:00:00,,0.076
2022-12-15T00:00:00,,0.06
2022-12-16T00:00:00,,0.053
2022-12-17T00:00:00,,0.05
2022-12-18T00:00:00,,0.074
2022-12-19T00:00:00,,0.083
2022-12-20T00:00:00,,0.082
2022-12-21T00:00:00,,0.123
2022-12-22T00:00:00,,0.162
2022-12-23T00:00:00,,0.193
2022-12-24T00:00:00,,0.201
2022-12-25T00:00:00,,0.199
2022-12-26T00:00:00,,0.194
2022-12-27T00:00:00,,0.19
2022-12-28T00:00:00,,0.185
2022-12-29T00:00:00,,0.206
2022-12-30T00:00:00,,0.258
2022-12-31T00:00:00,,0.326
2023-01-01T00:00:00,,0.347
2023-01-02T00:00:00,,0.345
2023-01-03T00:00:00,,0.338
2023-01-04T00:00:00,,0.331
2023-01-05T00:00:00,,0.323
2023-01-06T00:00:00,,0.315
2023-01-07T00:00:00,,0.306
2023-01-08T00:00:00,,0.298
2023-01-09T00:00:00,,0.291
2023-01-10T00:00:00,,0.283
2023-01-11T00:00:00,,0.321
2023-01-12T00:00:00,,0.395
2023-01-13T00:00:00,,0.487
2023-01-14T00:00:00,,0.641
2023-01-15T00:00:00,,0.903
2023-01-16T00:00:00,,1.095
2023-01-17T00:00:00,,1.158
2023-01-18T00:00:00,,1.249
2023-01-19T00:00:00,,1.341
2023-01-20T00:00:00,,1.273
2023-01-21T00:00:00,,1.162
2023-01-22T00:00:00,,1.071
2023-01-23T00:00:00,,0.99
2023-01-24T00:00:00,,0.914
2023-01-25T00:00:00,,0.89
2023-01-26T00:00:00,,0.868
2023-01-27T00:00:00,,0.819
2023-01-28T00:00:00,,0.769
2023-01-29T00:00:00,,0.736
2023-01-30T00:00:00,,0.778
2023-01-31T00:00:00,,0.767
2023-02-01T00:00:00,,0.724
2023-02-02T00:00:00,,0.678
2023-02-03T00:00:00,,0.644
2023-02-04T00:00:00,,0.617
2023-02-05T00:00:00,,0.592
2023-02-06T00:00:00,,0.569
2023-02-07T00:00:00,,0.546
2023-02-08T00:00:00,,0.544
2023-02-09T00:00:00,,0.549
2023-02-10T00:00:00,,0.547
2023-02-11T00:00:00,,0.535
2023-02-12T00:00:00,,0.518
2023-02-13T00:00:00,,0.539
2023-02-14T00:00:00,,0.551
2023-02-15T00:00:00,,0.542
2023-02-16T00:00:00,,0.542
2023-02-17T00:00:00,,0.56
2023-02-18T00:00:00,,0.574
2023-02-19T00:00:00,,0.57
2023-02-20T00:00:00,,0.554
2023-02-21T00:00:00,,0.534
2023-02-22T00:00:00,,0.515
2023-02-23T00:00:00,,0.498
2023-02-24T00:00:00,,0.481
2023-02-25T00:00:00,,0.462
2023-02-26T00:00:00,,0.445
2023-02-27T00:00:00,,0.427
2023-02-28T00:00:00,,0.422
2023-03-01T00:00:00,,0.412
2023-03-02T00:00:00,,0.414
2023-03-03T00:00:00,,0.418
2023-03-04T00:00:00,,0.411
2023-03-05T00:00:00,,0.399
2023-03-06T00:00:00,,0.385
2023-03-07T00:00:00,,0.371
2023-03-08T00:00:00,,0.359
2023-03-09T00:00:00,,0.346
2023-03-10T00:00:00,,0.333
2023-03-11T00:00:00,,0.321
2023-03-12T00:00:00,,0.31
2023-03-13T00:00:00,,0.3
2023-03-14T00:00:00,,0.298
2023-03-15T00:00:00,,0.295
2023-03-16T00:00:00,,0.286
2023-03-17T00:00:00,,0.276
2023-03-18T00:00:00,,0.303
2023-03-19T00:00:00,,0.341
2023-03-20T00:00:00,,0.371
2023-03-21T00:00:00,,0.377
2023-03-22T00:00:00,,0.422
2023-03-23T00:00:00,,0.486
2023-03-24T00:00:00,,0.68
2023-03-25T00:00:00,,0.855
2023-03-26T00:00:00,,0.879
2023-03-27T00:00:00,,0.844
2023-03-28T00:00:00,,0.801
2023-03-29T00:00:00,,0.754
2023-03-30T00:00:00,,0.708
2023-03-31T00:00:00,,0.666
2023-04-01T00:00:00,,0.635
2023-04-02T00:00:00,,0.61
2023-04-03T00:00:00,,0.586
2023-04-04T00:00:00,,0.563
2023-04-05T00:00:00,,0.559
2023-04-06T00:00:00,,0.561
2023-04-07T00:00:00,,0.583
2023-04-08T00:00:00,,0.618
2023-04-09T00:00:00,,0.697
2023-04-10T00:00:00,,0.797
2023-04-11T00:00:00,,0.778
2023-04-12T00:00:00,,0.993
2023-04-13T00:00:00,,1.032
2023-04-14T00:00:00,,0.955
2023-04-15T00:00:00,,0.888
2023-04-16T00:00:00,,0.848
2023-04-17T00:00:00,,0.86
2023-04-18T00:00:00,,0.859
2023-04-19T00:00:00,,0.899
2023-04-20T00:00:00,,0.868
2023-04-21T00:00:00,,0.781
2023-04-22T00:00:00,,0.709
2023-04-23T00:00:00,,0.658
2023-04-24T00:00:00,,0.615
2023-04-25T00:00:00,,0.575
2023-04-26T00:00:00,,0.553
2023-04-27T00:00:00,,0.525
2023-04-28T00:00:00,,0.493
2023-04-29T00:00:00,,0.469
2023-04-30T00:00:00,,0.454
2023-05-01T00:00:00,,0.444
2023-05-02T00:00:00,,0.428
2023-05-03T00:00:00,,0.41
2023-05-04T00:00:00,,0.393
2023-05-05T00:00:00,,0.378
2023-05-06T00:00:00,,0.362
2023-05-07T00:00:00,,0.347
2023-05-08T00:00:00,,0.333
2023-05-09T00:00:00,,0.32
2023-05-10T00:00:00,,0.306
2023-05-11T00:00:00,,0.293
2023-05-12T00:00:00,,0.28
2023-05-13T00:00:00,,0.268
2023-05-14T00:00:00,,0.256
2023-05-15T00:00:00,,0.245
2023-05-16T00:00:00,,0.235
2023-05-17T00:00:00,,0.225
2023-05-18T00:00:00,,0.216
2023-05-19T00:00:00,,0.207
2023-05-20T00:00:00,,0.199
2023-05-21T00:00:00,,0.19
2023-05-22T00:00:00,,0.183
2023-05-23T00:00:00,,0.176
2023-05-24T00:00:00,,0.168
2023-05-25T00:00:00,,0.161
2023-05-26T00:00:00,,0.155
2023-05-27T00:00:00,,0.15
2023-05-28T00:00:00,,0.143
2023-05-29T00:00:00,,0.137
2023-05-30T00:00:00,,0.132
2023-05-31T00:00:00,,0.126
2023-06-01T00:00:00,,0.121
2023-06-02T00:00:00,,0.116
2023-06-03T00:00:00,,0.112
2023-06-04T00:00:00,,0.107
2023-06-05T00:00:00,,0.103
2023-06-06T00:00:00,,0.098
2023-06-07T00:00:00,,0.094
2023-06-08T00:00:00,,0.09
2023-06-09T00:00:00,,0.087
2023-06-10T00:00:00,,0.062
2023-06-11T00:00:00,,0.048
2023-06-12T00:00:00,,0.043
2023-06-13T00:00:00,,0.04
2023-06-14T00:00:00,,0.037
2023-06-15T00:00:00,,0.034
2023-06-16T00:00:00,,0.031
2023-06-17T00:00:00,,0.027
2023-06-18T00:00:00,,0.024
2023-06-19T00:00:00,,0.022
2023-06-20T00:00:00,,0.021
2023-06-21T00:00:00,,0.019
2023-06-22T00:00:00,,0.018
2023-06-23T00:00:00,,0.017
2023-06-24T00:00:00,,0.016
2023-06-25T00:00:00,,0.013
2023-06-26T00:00:00,,0.006
2023-06-27T00:00:00,,0.004
2023-06-28T00:00:00,,0.003
2023-06-29T00:00:00,,0.002
2023-06-30T00:00:00,,0.002
2023-07-01T00:00:00,,0.002
2023-07-02T00:00:00,,0.003
2023-07-03T00:00:00,,0.003
2023-07-04T00:00:00,,0.002
2023-07-05T00:00:00,,0.002
2023-07-06T00:00:00,,0.002
2023-07-07T00:00:00,,0.001
2023-07-08T00:00:00,,0.001
2023-07-09T00:00:00,,0.001
2023-07-10T00:00:00,,0.001
2023-07-11T00:00:00,,0.001
2023-07-12T00:00:00,,0
2023-07-13T00:00:00,,0
2023-07-14T00:00:00,,0
2023-07-15T00:00:00,,0
2023-07-16T00:00:00,,0
2023-07-17T00:00:00,,0
2023-07-18T00:00:00,,0
2023-07-19T00:00:00,,0
2023-07-20T00:00:00,,0
2023-07-21T00:00:00,,0
2023-07-22T00:00:00,,0
2023-07-23T00:00:00,,0
2023-07-24T00:00:00,,0
2023-07-25T00:00:00,,0
2023-07-26T00:00:00,,0
2023-07-27T00:00:00,,0
2023-07-28T00:00:00,,0
2023-07-29T00:00:00,,0
2023-07-30T00:00:00,,0
2023-07-31T00:00:00,,0
2023-08-01T00:00:00,,0
2023-08-02T00:00:00,,0
2023-08-03T00:00:00,,0
2023-08-04T00:00:00,,0.008
2023-08-05T00:00:00,,0.011
2023-08-06T00:00:00,,0.011
2023-08-07T00:00:00,,0.011
2023-08-08T00:00:00,,0.008
2023-08-09T00:00:00,,0.002
2023-08-10T00:00:00,,0
2023-08-11T00:00:00,,0
2023-08-12T00:00:00,,0
2023-08-13T00:00:00,,0
2023-08-14T00:00:00,,0
2023-08-15T00:00:00,,0
2023-08-16T00:00:00,,0
2023-08-17T00:00:00,,0
2023-08-18T00:00:00,,0
2023-08-19T00:00:00,,0
2023-08-20T00:00:00,,0
2023-08-21T00:00:00,,0
2023-08-22T00:00:00,,0
2023-08-23T00:00:00,,0
2023-08-24T00:00:00,,0.033
2023-08-25T00:00:00,,0.045
2023-08-26T00:00:00,,0.045
2023-08-27T00:00:00,,0.119
2023-08-28T00:00:00,,0.599
2023-08-29T00:00:00,,0.607
2023-08-30T00:00:00,,0.581
2023-08-31T00:00:00,,0.961
2023-09-01T00:00:00,,1.024
2023-09-02T00:00:00,,0.999
2023-09-03T00:00:00,,0.911
2023-09-04T00:00:00,,0.808
2023-09-05T00:00:00,,0.74
2023-09-06T00:00:00,,0.695
2023-09-07T00:00:00,,0.657
2023-09-08T00:00:00,,0.62
2023-09-09T00:00:00,,0.587
2023-09-10T00:00:00,,0.562
2023-09-11T00:00:00,,0.539
2023-09-12T00:00:00,,0.518
2023-09-13T00:00:00,,0.579
2023-09-14T00:00:00,,0.599
2023-09-15T00:00:00,,0.576
2023-09-16T00:00:00,,0.544
2023-09-17T00:00:00,,0.524
2023-09-18T00:00:00,,0.503
2023-09-19T00:00:00,,0.483
2023-09-20T00:00:00,,0.47
2023-09-21T00:00:00,,0.454
2023-09-22T00:00:00,,0.437
2023-09-23T00:00:00,,0.431
2023-09-24T00:00:00,,0.42
2023-09-25T00:00:00,,0.404
2023-09-26T00:00:00,,0.388
2023-09-27T00:00:00,,0.372
2023-09-28T00:00:00,,0.358
2023-09-29T00:00:00,,0.344
2023-09-30T00:00:00,,0.332
2023-10-01T00:00:00,,0.319
2023-10-02T00:00:00,,0.307
2023-10-03T00:00:00,,0.295
2023-10-04T00:00:00,,0.293
2023-10-05T00:00:00,,0.287
2023-10-06T00:00:00,,0.45
2023-10-07T00:00:00,,0.602
2023-10-08T00:00:00,,0.634
2023-10-09T00:00:00,,0.619
2023-10-10T00:00:00,,0.596
2023-10-11T00:00:00,,0.779
2023-10-12T00:00:00,,0.889
2023-10-13T00:00:00,,0.893
2023-10-14T00:00:00,,1.063
2023-10-15T00:00:00,,1.063
2023-10-16T00:00:00,,0.983
2023-10-17T00:00:00,,0.906
2023-10-18T00:00:00,,0.836
2023-10-19T00:00:00,,0.775
2023-10-20T00:00:00,,0.727
2023-10-21T00:00:00,,0.687
2023-10-22T00:00:00,,0.674
2023-10-23T00:00:00,,0.65
2023-10-24T00:00:00,,0.62
2023-10-25T00:00:00,,0.593
2023-10-26T00:00:00,,0.569
2023-10-27T00:00:00,,0.547
2023-10-28T00:00:00,,0.525
2023-10-29T00:00:00,,0.504
2023-10-30T00:00:00,,0.486
2023-10-31T00:00:00,,0.471
2023-11-01T00:00:00,,0.463
2023-11-02T00:00:00,,0.45
2023-11-03T00:00:00,,0.435
2023-11-04T00:00:00,,0.498
2023-11-05T00:00:00,,0.521
2023-11-06T00:00:00,,0.511
2023-11-07T00:00:00,,0.496
2023-11-08T00:00:00,,0.48
2023-11-09T00:00:00,,0.467
2023-11-10T00:00:00,,0.532
2023-11-11T00:00:00,,0.61
2023-11-12T00:00:00,,0.693
2023-11-13T00:00:00,,0.695
2023-11-14T00:00:00,,0.667
2023-11-15T00:00:00,,0.638
2023-11-16T00:00:00,,0.613
2023-11-17T00:00:00,,0.592
2023-11-18T00:00:00,,0.571
2023-11-19T00:00:00,,0.552
2023-11-20T00:00:00,,0.533
2023-11-21T00:00:00,,0.514
2023-11-22T00:00:00,,0.497
2023-11-23T00:00:00,,0.503
2023-11-24T00:00:00,,0.496
2023-11-25T00:00:00,,0.48
2023-11-26T00:00:00,,0.462
2023-11-27T00:00:00,,0.446
2023-11-28T00:00:00,,0.43
2023-11-29T00:00:00,,0.414
2023-11-30T00:00:00,,0.398
2023-12-01T00:00:00,,0.384
2023-12-02T00:00:00,,0.369
2023-12-03T00:00:00,,0.354
2023-12-04T00:00:00,,0.341
2023-12-05T00:00:00,,0.327
2023-12-06T00:00:00,,0.314
2023-12-07T00:00:00,,0.302
2023-12-08T00:00:00,,0.29
2023-12-09T00:00:00,,0.279
2023-12-10T00:00:00,,0.268
2023-12-11T00:00:00,,0.258
2023-12-12T00:00:00,,0.248
2023-12-13T00:00:00,,0.239
2023-12-14T00:00:00,,0.23
2023-12-15T00:00:00,,0.221
2023-12-16T00:00:00,,0.213
2023-12-17T00:00:00,,0.215
2023-12-18T00:00:00,,0.218
2023-12-19T00:00:00,,0.235
2023-12-20T00:00:00,,0.238
2023-12-21T00:00:00,,0.236
2023-12-22T00:00:00,,0.271
2023-12-23T00:00:00,,0.294
2023-12-24T00:00:00,,0.295
2023-12-25T00:00:00,,0.288
2023-12-26T00:00:00,,0.28
2023-12-27T00:00:00,,0.271
2023-12-28T00:00:00,,0.263
2023-12-29T00:00:00,,0.262
2023-12-30T00:00:00,,0.258
2023-12-31T00:00:00,,0.25
2024-01-01T00:00:00,,0.241
2024-01-02T00:00:00,,0.232
2024-01-03T00:00:00,,0.224
2024-01-04T00:00:00,,0.216
2024-01-05T00:00:00,,0.208
2024-01-06T00:00:00,,0.2
2024-01-07T00:00:00,,0.193
2024-01-08T00:00:00,,0.186
2024-01-09T00:00:00,,0.182
2024-01-10T00:00:00,,0.186
2024-01-11T00:00:00,,0.203
2024-01-12T00:00:00,,0.207
2024-01-13T00:00:00,,0.204
2024-01-14T00:00:00,,0.198
2024-01-15T00:00:00,,0.192
2024-01-16T00:00:00,,0.186
2024-01-17T00:00:00,,0.179
2024-01-18T00:00:00,,0.173
2024-01-19T00:00:00,,0.167
2024-01-20T00:00:00,,0.161
2024-01-21T00:00:00,,0.155
2024-01-22T00:00:00,,0.222
2024-01-23T00:00:00,,0.281
2024-01-24T00:00:00,,0.302
2024-01-25T00:00:00,,0.305
2024-01-26T00:00:00,,0.3
2024-01-27T00:00:00,,0.293
2024-01-28T00:00:00,,0.294
2024-01-29T00:00:00,,0.305
2024-01-30T00:00:00,,0.304
2024-01-31T00:00:00,,0.318
2024-02-01T00:00:00,,0.333
2024-02-02T00:00:00,,0.332
2024-02-03T00:00:00,,0.352
2024-02-04T00:00:00,,0.356
2024-02-05T00:00:00,,0.348
2024-02-06T00:00:00,,0.339
2024-02-07T00:00:00,,0.329
2024-02-08T00:00:00,,0.319
2024-02-09T00:00:00,,0.309
2024-02-10T00:00:00,,0.299
2024-02-11T00:00:00,,0.288
2024-02-12T00:00:00,,0.278
2024-02-13T00:00:00,,0.269
2024-02-14T00:00:00,,0.262
2024-02-15T00:00:00,,0.254
2024-02-16T00:00:00,,0.289
2024-02-17T00:00:00,,0.328
2024-02-18T00:00:00,,0.334
2024-02-19T00:00:00,,0.327
2024-02-20T00:00:00,,0.317
2024-02-21T00:00:00,,0.313
2024-02-22T00:00:00,,0.307
2024-02-23T00:00:00,,0.376
2024-02-24T00:00:00,,0.545
2024-02-25T00:00:00,,0.637
2024-02-26T00:00:00,,0.675
2024-02-27T00:00:00,,0.665
2024-02-28T00:00:00,,0.634
2024-02-29T00:00:00,,0.602
2024-03-01T00:00:00,,0.583
2024-03-02T00:00:00,,0.568
2024-03-03T00:00:00,,0.553
2024-03-04T00:00:00,,0.535
2024-03-05T00:00:00,,0.516
2024-03-06T00:00:00,,0.498
2024-03-07T00:00:00,,0.48
2024-03-08T00:00:00,,0.463
2024-03-09T00:00:00,,0.445
2024-03-10T00:00:00,,0.429
2024-03-11T00:00:00,,0.412
2024-03-12T00:00:00,,0.397
2024-03-13T00:00:00,,0.382
2024-03-14T00:00:00,,0.378
2024-03-15T00:00:00,,0.422
2024-03-16T00:00:00,,0.505
2024-03-17T00:00:00,,0.533
2024-03-18T00:00:00,,0.529
2024-03-19T00:00:00,,0.515
2024-03-20T00:00:00,,0.5
2024-03-21T00:00:00,,0.484
2024-03-22T00:00:00,,0.502
2024-03-23T00:00:00,,0.53
2024-03-24T00:00:00,,0.53
2024-03-25T00:00:00,,0.519
2024-03-26T00:00:00,,0.505
2024-03-27T00:00:00,,0.517
2024-03-28T00:00:00,,0.53
2024-03-29T00:00:00,,0.603
2024-03-30T00:00:00,,0.718
2024-03-31T00:00:00,,0.85
2024-04-01T00:00:00,,1.161
2024-04-02T00:00:00,,1.727
2024-04-03T00:00:00,,1.699
2024-04-04T00:00:00,,1.465
2024-04-05T00:00:00,,1.283
2024-04-06T00:00:00,,1.162
2024-04-07T00:00:00,,1.119
2024-04-08T00:00:00,,1.296
2024-04-09T00:00:00,,1.342
2024-04-10T00:00:00,,1.317
2024-04-11T00:00:00,,1.257
2024-04-12T00:00:00,,1.234
2024-04-13T00:00:00,,1.119
2024-04-14T00:00:00,,1.046
2024-04-15T00:00:00,,0.965
2024-04-16T00:00:00,,0.87
2024-04-17T00:00:00,,0.794
2024-04-18T00:00:00,,0.738
2024-04-19T00:00:00,,0.693
2024-04-20T00:00:00,,0.653
2024-04-21T00:00:00,,0.616
2024-04-22T00:00:00,,0.585
2024-04-23T00:00:00,,0.562
2024-04-24T00:00:00,,0.568
2024-04-25T00:00:00,,0.565
2024-04-26T00:00:00,,0.584
2024-04-27T00:00:00,,0.667
2024-04-28T00:00:00,,0.803
2024-04-29T00:00:00,,0.806
2024-04-30T00:00:00,,0.75
2024-05-01T00:00:00,,0.701
2024-05-02T00:00:00,,0.66
2024-05-03T00:00:00,,0.626
2024-05-04T00:00:00,,0.591
2024-05-05T00:00:00,,0.563
2024-05-06T00:00:00,,0.54
2024-05-07T00:00:00,,0.519
2024-05-08T00:00:00,,0.499
2024-05-09T00:00:00,,0.48
2024-05-10T00:00:00,,0.461
2024-05-11T00:00:00,,0.443
2024-05-12T00:00:00,,0.424
2024-05-13T00:00:00,,0.407
2024-05-14T00:00:00,,0.389
2024-05-15T00:00:00,,0.373
2024-05-16T00:00:00,,0.357
2024-05-17T00:00:00,,0.343
2024-05-18T00:00:00,,0.328
2024-05-19T00:00:00,,0.314
2024-05-20T00:00:00,,0.301
2024-05-21T00:00:00,,0.289
2024-05-22T00:00:00,,0.277
2024-05-23T00:00:00,,0.266
2024-05-24T00:00:00,,0.255
2024-05-25T00:00:00,,0.244
2024-05-26T00:00:00,,0.234
2024-05-27T00:00:00,,0.223
2024-05-28T00:00:00,,0.214
2024-05-29T00:00:00,,0.204
2024-05-30T00:00:00,,0.196
2024-05-31T00:00:00,,0.188
2024-06-01T00:00:00,,0.179
2024-06-02T00:00:00,,0.172
2024-06-03T00:00:00,,0.164
2024-06-04T00:00:00,,0.157
2024-06-05T00:00:00,,0.151
2024-06-06T00:00:00,,0.145
2024-06-07T00:00:00,,0.139
2024-06-08T00:00:00,,0.134
2024-06-09T00:00:00,,0.131
2024-06-10T00:00:00,,0.129
2024-06-11T00:00:00,,0.125
2024-06-12T00:00:00,,0.119
2024-06-13T00:00:00,,0.114
2024-06-14T00:00:00,,0.109
2024-06-15T00:00:00,,0.104
2024-06-16T00:00:00,,0.099
2024-06-17T00:00:00,,0.095
2024-06-18T00:00:00,,0.09
2024-06-19T00:00:00,,0.086
2024-06-20T00:00:00,,0.082
2024-06-21T00:00:00,,0.079
2024-06-22T00:00:00,,0.075
2024-06-23T00:00:00,,0.061
2024-06-24T00:00:00,,0.042
2024-06-25T00:00:00,,0.033
2024-06-26T00:00:00,,0.028
2024-06-27T00:00:00,,0.024
2024-06-28T00:00:00,,0.018
2024-06-29T00:00:00,,0.012
2024-06-30T00:00:00,,0.009
2024-07-01T00:00:00,,0.007
2024-07-02T00:00:00,,0.006
2024-07-03T00:00:00,,0.006
2024-07-04T00:00:00,,0.006
2024-07-05T00:00:00,,0.005
2024-07-06T00:00:00,,0.005
2024-07-07T00:00:00,,0.005
2024-07-08T00:00:00,,0.005
2024-07-09T00:00:00,,0.004
2024-07-10T00:00:00,,0.003
2024-07-11T00:00:00,,0.003
2024-07-12T00:00:00,,0.002
2024-07-13T00:00:00,,0.002
2024-07-14T00:00:00,,0.002
2024-07-15T00:00:00,,0.001
2024-07-16T00:00:00,,0.001
2024-07-17T00:00:00,,0.001
2024-07-18T00:00:00,,0.001
2024-07-19T00:00:00,,0.001
2024-07-20T00:00:00,,0.001
2024-07-21T00:00:00,,0.001
2024-07-22T00:00:00,,0
2024-07-23T00:00:00,,0
2024-07-24T00:00:00,,0
2024-07-25T00:00:00,,0
2024-07-26T00:00:00,,0
2024-07-27T00:00:00,,0
2024-07-28T00:00:00,,0
2024-07-29T00:00:00,,0
2024-07-30T00:00:00,,0
2024-07-31T00:00:00,,0
2024-08-01T00:00:00,,0
2024-08-02T00:00:00,,0
2024-08-03T00:00:00,,0
2024-08-04T00:00:00,,0
2024-08-05T00:00:00,,0
2024-08-06T00:00:00,,0
2024-08-07T00:00:00,,0
2024-08-08T00:00:00,,0
2024-08-09T00:00:00,,0
2024-08-10T00:00:00,,0
2024-08-11T00:00:00,,0
2024-08-12T00:00:00,,0
2024-08-13T00:00:00,,0
2024-08-14T00:00:00,,0
2024-08-15T00:00:00,,0
2024-08-16T00:00:00,,0
2024-08-17T00:00:00,,0
2024-08-18T00:00:00,,0
2024-08-19T00:00:00,,0
2024-08-20T00:00:00,,0
2024-08-21T00:00:00,,0
2024-08-22T00:00:00,,0
2024-08-23T00:00:00,,0
2024-08-24T00:00:00,,0
2024-08-25T00:00:00,,0
2024-08-26T00:00:00,,0
2024-08-27T00:00:00,,0
2024-08-28T00:00:00,,0
2024-08-29T00:00:00,,0
2024-08-30T00:00:00,,0
2024-08-31T00:00:00,,0
2024-09-01T00:00:00,,0
2024-09-02T00:00:00,,0
2024-09-03T00:00:00,,0
2024-09-04T00:00:00,,0
2024-09-05T00:00:00,,0
2024-09-06T00:00:00,,0
2024-09-07T00:00:00,,0
2024-09-08T00:00:00,,0
2024-09-09T00:00:00,,0
2024-09-10T00:00:00,,0
2024-09-11T00:00:00,,0
2024-09-12T00:00:00,,0
2024-09-13T00:00:00,,0.022
2024-09-14T00:00:00,,0.052
2024-09-15T00:00:00,,0.061
2024-09-16T00:00:00,,0.06
2024-09-17T00:00:00,,0.057
2024-09-18T00:00:00,,0.055
2024-09-19T00:00:00,,0.053
2024-09-20T00:00:00,,0.051
2024-09-21T00:00:00,,0.049
2024-09-22T00:00:00,,0.047
2024-09-23T00:00:00,,0.045
2024-09-24T00:00:00,,0.043
2024-09-25T00:00:00,,0.041
2024-09-26T00:00:00,,0.039
2024-09-27T00:00:00,,0.324
2024-09-28T00:00:00,,0.312
2024-09-29T00:00:00,,0.265
2024-09-30T00:00:00,,0.251
2024-10-01T00:00:00,,0.245
2024-10-02T00:00:00,,0.24
2024-10-03T00:00:00,,0.236
2024-10-04T00:00:00,,0.232
2024-10-05T00:00:00,,0.228
2024-10-06T00:00:00,,0.223
2024-10-07T00:00:00,,0.219
2024-10-08T00:00:00,,0.214
2024-10-09T00:00:00,,0.696
2024-10-10T00:00:00,,0.699
2024-10-11T00:00:00,,0.624
2024-10-12T00:00:00,,0.598
2024-10-13T00:00:00,,0.578
2024-10-14T00:00:00,,0.561
2024-10-15T00:00:00,,0.54
2024-10-16T00:00:00,,0.52
2024-10-17T00:00:00,,0.503
2024-10-18T00:00:00,,0.486
2024-10-19T00:00:00,,0.469
2024-10-20T00:00:00,,0.453
2024-10-21T00:00:00,,0.436
2024-10-22T00:00:00,,0.42
2024-10-23T00:00:00,,0.405
2024-10-24T00:00:00,,0.39
2024-10-25T00:00:00,,0.375
2024-10-26T00:00:00,,0.361
2024-10-27T00:00:00,,0.351
2024-10-28T00:00:00,,0.344
2024-10-29T00:00:00,,0.333
2024-10-30T00:00:00,,0.32
2024-10-31T00:00:00,,0.308
2024-11-01T00:00:00,,0.374
2024-11-02T00:00:00,,0.413
2024-11-03T00:00:00,,0.434
2024-11-04T00:00:00,,0.434
2024-11-05T00:00:00,,0.479
2024-11-06T00:00:00,,0.515
2024-11-07T00:00:00,,0.514
2024-11-08T00:00:00,,0.501
2024-11-09T00:00:00,,0.487
2024-11-10T00:00:00,,0.472
2024-11-11T00:00:00,,0.458
2024-11-12T00:00:00,,0.444
2024-11-13T00:00:00,,0.429
2024-11-14T00:00:00,,0.414
2024-11-15T00:00:00,,0.399
2024-11-16T00:00:00,,0.386
2024-11-17T00:00:00,,0.373
2024-11-18T00:00:00,,0.359
2024-11-19T00:00:00,,0.346
2024-11-20T00:00:00,,0.411
2024-11-21T00:00:00,,0.474
2024-11-22T00:00:00,,0.483
2024-11-23T00:00:00,,0.473
2024-11-24T00:00:00,,0.461
2024-11-25T00:00:00,,0.55
2024-11-26T00:00:00,,0.657
2024-11-27T00:00:00,,0.754
2024-11-28T00:00:00,,0.756
2024-11-29T00:00:00,,0.715
2024-11-30T00:00:00,,0.685
2024-12-01T00:00:00,,0.657
2024-12-02T00:00:00,,0.639
2024-12-03T00:00:00,,0.618
2024-12-04T00:00:00,,0.595
2024-12-05T00:00:00,,0.573
2024-12-06T00:00:00,,0.553
2024-12-07T00:00:00,,0.534
2024-12-08T00:00:00,,0.514
2024-12-09T00:00:00,,0.494
2024-12-10T00:00:00,,0.475
2024-12-11T00:00:00,,0.457
2024-12-12T00:00:00,,0.439
2024-12-13T00:00:00,,0.422
2024-12-14T00:00:00,,0.471
2024-12-15T00:00:00,,0.489
2024-12-16T00:00:00,,0.519
2024-12-17T00:00:00,,0.524
2024-12-18T00:00:00,,0.513
2024-12-19T00:00:00,,0.503
2024-12-20T00:00:00,,0.492
2024-12-21T00:00:00,,0.478
2024-12-22T00:00:00,,0.581
2024-12-23T00:00:00,,0.662
2024-12-24T00:00:00,,0.678
2024-12-25T00:00:00,,0.73
2024-12-26T00:00:00,,0.827
2024-12-27T00:00:00,,0.827
2024-12-28T00:00:00,,0.797
2024-12-29T00:00:00,,0.808
2024-12-30T00:00:00,,0.883
2024-12-31T00:00:00,,0.879
2025-01-01T00:00:00,,0.832
2025-01-02T00:00:00,,0.778
2025-01-03T00:00:00,,0.723
2025-01-04T00:00:00,,0.68
2025-01-05T00:00:00,,0.649
2025-01-06T00:00:00,,0.621
2025-01-07T00:00:00,,0.621
2025-01-08T00:00:00,,0.62
2025-01-09T00:00:00,,0.611
2025-01-10T00:00:00,,0.621
2025-01-11T00:00:00,,0.615
2025-01-12T00:00:00,,0.596
2025-01-13T00:00:00,,0.575
2025-01-14T00:00:00,,0.584
2025-01-15T00:00:00,,0.578
2025-01-16T00:00:00,,0.586
2025-01-17T00:00:00,,0.594
2025-01-18T00:00:00,,0.608
2025-01-19T00:00:00,,0.601
2025-01-20T00:00:00,,0.584
2025-01-21T00:00:00,,0.567
2025-01-22T00:00:00,,0.56
2025-01-23T00:00:00,,0.561
2025-01-24T00:00:00,,0.575
2025-01-25T00:00:00,,0.649
2025-01-26T00:00:00,,0.678
2025-01-27T00:00:00,,0.654
2025-01-28T00:00:00,,0.658
2025-01-29T00:00:00,,0.79
2025-01-30T00:00:00,,0.833
2025-01-31T00:00:00,,0.797
2025-02-01T00:00:00,,0.748
2025-02-02T00:00:00,,0.709
2025-02-03T00:00:00,,0.675
2025-02-04T00:00:00,,0.642
2025-02-05T00:00:00,,0.62
2025-02-06T00:00:00,,0.614
2025-02-07T00:00:00,,0.597
2025-02-08T00:00:00,,0.575
2025-02-09T00:00:00,,0.554
2025-02-10T00:00:00,,0.533
2025-02-11T00:00:00,,0.513
2025-02-12T00:00:00,,0.493
2025-02-13T00:00:00,,0.474
2025-02-14T00:00:00,,0.456
2025-02-15T00:00:00,,0.438
2025-02-16T00:00:00,,0.422
2025-02-17T00:00:00,,0.406
2025-02-18T00:00:00,,0.39
2025-02-19T00:00:00,,0.375
2025-02-20T00:00:00,,0.36
2025-02-21T00:00:00,,0.346
2025-02-22T00:00:00,,0.332
2025-02-23T00:00:00,,0.319
2025-02-24T00:00:00,,0.313
2025-02-25T00:00:00,,0.321
2025-02-26T00:00:00,,0.326
2025-02-27T00:00:00,,0.32
2025-02-28T00:00:00,,0.311
2025-03-01T00:00:00,,0.301
2025-03-02T00:00:00,,0.291
2025-03-03T00:00:00,,0.287
2025-03-04T00:00:00,,0.288
2025-03-05T00:00:00,,0.302
2025-03-06T00:00:00,,0.301
2025-03-07T00:00:00,,0.293
2025-03-08T00:00:00,,0.283
2025-03-09T00:00:00,,0.273
2025-03-10T00:00:00,,0.263
2025-03-11T00:00:00,,0.254
2025-03-12T00:00:00,,0.245
2025-03-13T00:00:00,,0.237
2025-03-14T00:00:00,,0.229
2025-03-15T00:00:00,,0.221
2025-03-16T00:00:00,,0.213
2025-03-17T00:00:00,,0.205
2025-03-18T00:00:00,,0.2
2025-03-19T00:00:00,,0.193
2025-03-20T00:00:00,,0.186
2025-03-21T00:00:00,,0.179
2025-03-22T00:00:00,,0.172
2025-03-23T00:00:00,,0.165
2025-03-24T00:00:00,,0.159
2025-03-25T00:00:00,,0.153
2025-03-26T00:00:00,,0.147
2025-03-27T00:00:00,,0.141
2025-03-28T00:00:00,,0.136
2025-03-29T00:00:00,,0.13
2025-03-30T00:00:00,,0.125
2025-03-31T00:00:00,,0.12
2025-04-01T00:00:00,,0.115
2025-04-02T00:00:00,,0.11
2025-04-03T00:00:00,,0.105
2025-04-04T00:00:00,,0.101
2025-04-05T00:00:00,,0.097
2025-04-06T00:00:00,,0.094
2025-04-07T00:00:00,,0.09
2025-04-08T00:00:00,,0.087
2025-04-09T00:00:00,,0.069
2025-04-10T00:00:00,,0.051
2025-04-11T00:00:00,,0.044
2025-04-12T00:00:00,,0.041
2025-04-13T00:00:00,,0.039
2025-04-14T00:00:00,,0.036
2025-04-15T00:00:00,,0.034
2025-04-16T00:00:00,,0.032
2025-04-17T00:00:00,,0.027
2025-04-18T00:00:00,,0.024
2025-04-19T00:00:00,,0.018
2025-04-20T00:00:00,,0.033
2025-04-21T00:00:00,,0.058
2025-04-22T00:00:00,,0.066
2025-04-23T00:00:00,,0.064
2025-04-24T00:00:00,,0.062
2025-04-25T00:00:00,,0.06
2025-04-26T00:00:00,,0.058
2025-04-27T00:00:00,,0.056
2025-04-28T00:00:00,,0.054
2025-04-29T00:00:00,,0.052
2025-04-30T00:00:00,,0.05
2025-05-01T00:00:00,,0.048
2025-05-02T00:00:00,,0.049
2025-05-03T00:00:00,,0.049
2025-05-04T00:00:00,,0.047
2025-05-05T00:00:00,,0.045
2025-05-06T00:00:00,,0.045
2025-05-07T00:00:00,,0.044
2025-05-08T00:00:00,,0.043
2025-05-09T00:00:00,,0.041
2025-05-10T00:00:00,,0.04
2025-05-11T00:00:00,,0.038
2025-05-12T00:00:00,,0.036
2025-05-13T00:00:00,,0.034
2025-05-14T00:00:00,,0.033
2025-05-15T00:00:00,,0.032
2025-05-16T00:00:00,,0.03
2025-05-17T00:00:00,,0.029
2025-05-18T00:00:00,,0.028
2025-05-19T00:00:00,,0.026
2025-05-20T00:00:00,,0.025
2025-05-21T00:00:00,,0.024
2025-05-22T00:00:00,,0.022
2025-05-23T00:00:00,,0.022
2025-05-24T00:00:00,,0.021
2025-05-25T00:00:00,,0.02
2025-05-26T00:00:00,,0.019
2025-05-27T00:00:00,,0.017
2025-05-28T00:00:00,,0.014
2025-05-29T00:00:00,,0.007
2025-05-30T00:00:00,,0.003
2025-05-31T00:00:00,,0.002
2025-06-01T00:00:00,,0.002
2025-06-02T00:00:00,,0.002
2025-06-03T00:00:00,,0.001
2025-06-04T00:00:00,,0.001
2025-06-05T00:00:00,,0.001
2025-06-06T00:00:00,,0.001
2025-06-07T00:00:00,,0.001
2025-06-08T00:00:00,,0
2025-06-09T00:00:00,,0
2025-06-10T00:00:00,,0
2025-06-11T00:00:00,,0
2025-06-12T00:00:00,,0.001
2025-06-13T00:00:00,,0
2025-06-14T00:00:00,,0
2025-06-15T00:00:00,,0
2025-06-16T00:00:00,,0
2025-06-17T00:00:00,,0.007
2025-06-18T00:00:00,,0.023
2025-06-19T00:00:00,,0.028
2025-06-20T00:00:00,,0.028
2025-06-21T00:00:00,,0.027
2025-06-22T00:00:00,,0.026
2025-06-23T00:00:00,,0.025
2025-06-24T00:00:00,,0.034
2025-06-25T00:00:00,,0.043
2025-06-26T00:00:00,,0.045
2025-06-27T00:00:00,,0.044
2025-06-28T00:00:00,,0.042
2025-06-29T00:00:00,,0.055
2025-06-30T00:00:00,,0.059
2025-07-01T00:00:00,,0.058
2025-07-02T00:00:00,,0.056
2025-07-03T00:00:00,,0.053
2025-07-04T00:00:00,,0.051
2025-07-05T00:00:00,,0.05
2025-07-06T00:00:00,,0.056
2025-07-07T00:00:00,,0.059
2025-07-08T00:00:00,,0.154
2025-07-09T00:00:00,,0.194
2025-07-10T00:00:00,,0.195
2025-07-11T00:00:00,,0.191
2025-07-12T00:00:00,,0.186
2025-07-13T00:00:00,,0.181
2025-07-14T00:00:00,,0.177
2025-07-15T00:00:00,,0.173
2025-07-16T00:00:00,,0.168
2025-07-17T00:00:00,,0.164
2025-07-18T00:00:00,,0.159
2025-07-19T00:00:00,,0.154
2025-07-20T00:00:00,,0.149
2025-07-21T00:00:00,,0.144
2025-07-22T00:00:00,,0.14
2025-07-23T00:00:00,,0.137
2025-07-24T00:00:00,,0.132
2025-07-25T00:00:00,,0.127
2025-07-26T00:00:00,,0.122
2025-07-27T00:00:00,,0.117
2025-07-28T00:00:00,,0.113
2025-07-29T00:00:00,,0.108
2025-07-30T00:00:00,,0.091
2025-07-31T00:00:00,,0.072
2025-08-01T00:00:00,,0.063
2025-08-02T00:00:00,,0.061
2025-08-03T00:00:00,,0.059
2025-08-04T00:00:00,,0.056
2025-08-05T00:00:00,,0.062
2025-08-06T00:00:00,,0.066
2025-08-07T00:00:00,,0.065
2025-08-08T00:00:00,,0.068
2025-08-09T00:00:00,,0.068
2025-08-10T00:00:00,,0.066
2025-08-11T00:00:00,,0.063
2025-08-12T00:00:00,,0.065
2025-08-13T00:00:00,,0.065
2025-08-14T00:00:00,,0.063
2025-08-15T00:00:00,,0.061
2025-08-16T00:00:00,,0.058
2025-08-17T00:00:00,,0.056
2025-08-18T00:00:00,,0.054
2025-08-19T00:00:00,,0.051
2025-08-20T00:00:00,,0.049
2025-08-21T00:00:00,,0.047
2025-08-22T00:00:00,,0.046
2025-08-23T00:00:00,,0.044
2025-08-24T00:00:00,,0.042
2025-08-25T00:00:00,,0.041
2025-08-26T00:00:00,,0.039
2025-08-27T00:00:00,,0.038
2025-08-28T00:00:00,,0.036
2025-08-29T00:00:00,,0.036
2025-08-30T00:00:00,,0.04
2025-08-31T00:00:00,,0.04
2025-09-01T00:00:00,,0.039
2025-09-02T00:00:00,,0.037
2025-09-03T00:00:00,,0.036
2025-09-04T00:00:00,,0.034
2025-09-05T00:00:00,,0.033
2025-09-06T00:00:00,,0.031
2025-09-07T00:00:00,,0.03
2025-09-08T00:00:00,,0.029
2025-09-09T00:00:00,,0.027
2025-09-10T00:00:00,,0.026
2025-09-11T00:00:00,,0.025
2025-09-12T00:00:00,,0.033
2025-09-13T00:00:00,,0.036
2025-09-14T00:00:00,,0.042
2025-09-15T00:00:00,,0.067
2025-09-16T00:00:00,,0.16
2025-09-17T00:00:00,,0.292
2025-09-18T00:00:00,,0.332
2025-09-19T00:00:00,,0.332
2025-09-20T00:00:00,,0.328
2025-09-21T00:00:00,,0.324
2025-09-22T00:00:00,,0.319
2025-09-23T00:00:00,,0.313
2025-09-24T00:00:00,,0.307
2025-09-25T00:00:00,,0.3
2025-09-26T00:00:00,,0.293
2025-09-27T00:00:00,,0.285
2025-09-28T00:00:00,,0.277
2025-09-29T00:00:00,,0.268
2025-09-30T00:00:00,,0.26
2025-10-01T00:00:00,,0.252
2025-10-02T00:00:00,,0.244
2025-10-03T00:00:00,,0.236
2025-10-04T00:00:00,,0.228
2025-10-05T00:00:00,,0.221
2025-10-06T00:00:00,,0.227
2025-10-07T00:00:00,,0.225
2025-10-08T00:00:00,,0.246
2025-10-09T00:00:00,,0.251
2025-10-10T00:00:00,,0.254
2025-10-11T00:00:00,,0.25
2025-10-12T00:00:00,,0.243
2025-10-13T00:00:00,,0.235
2025-10-14T00:00:00,,0.227
2025-10-15T00:00:00,,0.219
2025-10-16T00:00:00,,0.211
2025-10-17T00:00:00,,0.204
2025-10-18T00:00:00,,0.197
2025-10-19T00:00:00,,0.19
2025-10-20T00:00:00,,0.183
2025-10-21T00:00:00,,0.176
2025-10-22T00:00:00,,0.169
2025-10-23T00:00:00,,0.163
2025-10-24T00:00:00,,0.157
2025-10-25T00:00:00,,0.167
2025-10-26T00:00:00,,0.268
2025-10-27T00:00:00,,0.334
2025-10-28T00:00:00,,0.376
2025-10-29T00:00:00,,0.393
2025-10-30T00:00:00,,0.392
2025-10-31T00:00:00,,0.412
2025-11-01T00:00:00,,0.416
2025-11-02T00:00:00,,0.426
2025-11-03T00:00:00,,0.424
2025-11-04T00:00:00,,0.421
2025-11-05T00:00:00,,0.42
2025-11-06T00:00:00,,0.412
2025-11-07T00:00:00,,0.427
2025-11-08T00:00:00,,0.43
2025-11-09T00:00:00,,0.421
2025-11-10T00:00:00,,0.415
2025-11-11T00:00:00,,0.408
2025-11-12T00:00:00,,0.437
2025-11-13T00:00:00,,0.454
2025-11-14T00:00:00,,0.449
2025-11-15T00:00:00,,0.437
2025-11-16T00:00:00,,0.423
2025-11-17T00:00:00,,0.409
2025-11-18T00:00:00,,0.396
2025-11-19T00:00:00,,0.382
2025-11-20T00:00:00,,0.369
2025-11-21T00:00:00,,0.363
2025-11-22T00:00:00,,0.356
2025-11-23T00:00:00,,0.371
2025-11-24T00:00:00,,0.371
2025-11-25T00:00:00,,0.361
2025-11-26T00:00:00,,0.349
2025-11-27T00:00:00,,0.337
2025-11-28T00:00:00,,0.375
2025-11-29T00:00:00,,0.42
2025-11-30T00:00:00,,0.427
2025-12-01T00:00:00,,0.45
2025-12-02T00:00:00,,0.454
2025-12-03T00:00:00,,0.446
2025-12-04T00:00:00,,0.434
2025-12-05T00:00:00,,0.42
2025-12-06T00:00:00,,0.452
2025-12-07T00:00:00,,0.497
2025-12-08T00:00:00,,0.559
2025-12-09T00:00:00,,0.708
2025-12-10T00:00:00,,0.778
2025-12-11T00:00:00,,0.758
2025-12-12T00:00:00,,0.71
2025-12-13T00:00:00,,0.672
2025-12-14T00:00:00,,0.651
2025-12-15T00:00:00,,0.717
2025-12-16T00:00:00,,0.732
2025-12-17T00:00:00,,0.717
2025-12-18T00:00:00,,0.683
2025-12-19T00:00:00,,0.661
2025-12-20T00:00:00,,0.635
2025-12-21T00:00:00,,0.61
2025-12-22T00:00:00,,0.587
2025-12-23T00:00:00,,0.565
2025-12-24T00:00:00,,0.544
2025-12-25T00:00:00,,0.523
2025-12-26T00:00:00,,0.503
2025-12-27T00:00:00,,0.484
2025-12-28T00:00:00,,0.465
2025-12-29T00:00:00,,0.448
2025-12-30T00:00:00,,0.431
2025-12-31T00:00:00,,0.415
