Date,1300101,simulated_1030
2016-01-01T00:00:00,,
2016-01-02T00:00:00,,
2016-01-03T00:00:00,,
2016-01-04T00:00:00,,
2016-01-05T00:00:00,,
2016-01-06T00:00:00,,
2016-01-07T00:00:00,,
2016-01-08T00:00:00,,
2016-01-09T00:00:00,,
2016-01-10T00:00:00,,
2016-01-11T00:00:00,,
2016-01-12T00:00:00,,
2016-01-13T00:00:00,,
2016-01-14T00:00:00,,
2016-01-15T00:00:00,,
2016-01-16T00:00:00,,
2016-01-17T00:00:00,,
2016-01-18T00:00:00,,
2016-01-19T00:00:00,,
2016-01-20T00:00:00,,
2016-01-21T00:00:00,,
2016-01-22T00:00:00,,
2016-01-23T00:00:00,,
2016-01-24T00:00:00,,
2016-01-25T00:00:00,,
2016-01-26T00:00:00,,
2016-01-27T00:00:00,,
2016-01-28T00:00:00,,
2016-01-29T00:00:00,,
2016-01-30T00:00:00,,
2016-01-31T00:00:00,,
2016-02-01T00:00:00,,
2016-02-02T00:00:00,,
2016-02-03T00:00:00,,
2016-02-04T00:00:00,,
2016-02-05T00:00:00,,
2016-02-06T00:00:00,,
2016-02-07T00:00:00,,
2016-02-08T00:00:00,,
2016-02-09T00:00:00,,
2016-02-10T00:00:00,,
2016-02-11T00:00:00,,
2016-02-12T00:00:00,,
2016-02-13T00:00:00,,
2016-02-14T00:00:00,,
2016-02-15T00:00:00,,
2016-02-16T00:00:00,,
2016-02-17T00:00:00,,
2016-02-18T00:00:00,,
2016-02-19T00:00:00,,
2016-02-20T00:00:00,,
2016-02-21T00:00:00,,
2016-02-22T00:00:00,,
2016-02-23T00:00:00,,
2016-02-24T00:00:00,,
2016-02-25T00:00:00,,
2016-02-26T00:00:00,,
2016-02-27T00:00:00,,
2016-02-28T00:00:00,,
2016-02-29T00:00:00,,
2016-03-01T00:00:00,,
2016-03-02T00:00:00,,
2016-03-03T00:00:00,,
2016-03-04T00:00:00,,
2016-03-05T00:00:00,,
2016-03-06T00:00:00,,
2016-03-07T00:00:00,,
2016-03-08T00:00:00,,
2016-03-09T00:00:00,,
2016-03-10T00:00:00,,
2016-03-11T00:00:00,,
2016-03-12T00:00:00,,
2016-03-13T00:00:00,,
2016-03-14T00:00:00,,
2016-03-15T00:00:00,,
2016-03-16T00:00:00,,
2016-03-17T00:00:00,,
2016-03-18T00:00:00,,
2016-03-19T00:00:00,,
2016-03-20T00:00:00,,
2016-03-21T00:00:00,,
2016-03-22T00:00:00,,
2016-03-23T00:00:00,,
2016-03-24T00:00:00,,
2016-03-25T00:00:00,,
2016-03-26T00:00:00,,
2016-03-27T00:00:00,,
2016-03-28T00:00:00,,
2016-03-29T00:00:00,,
2016-03-30T00:00:00,,
2016-03-31T00:00:00,,
2016-04-01T00:00:00,,
2016-04-02T00:00:00,,
2016-04-03T00:00:00,,
2016-04-04T00:00:00,,
2016-04-05T00:00:00,,
2016-04-06T00:00:00,,
2016-04-07T00:00:00,,
2016-04-08T00:00:00,,
2016-04-09T00:00:00,,
2016-04-10T00:00:00,,
2016-04-11T00:00:00,,
2016-04-12T00:00:00,,
2016-04-13T00:00:00,,
2016-04-14T00:00:00,,
2016-04-15T00:00:00,,
2016-04-16T00:00:00,,
2016-04-17T00:00:00,,
2016-04-18T00:00:00,,
2016-04-19T00:00:00,,
2016-04-20T00:00:00,,
2016-04-21T00:00:00,,
2016-04-22T00:00:00,,
2016-04-23T00:00:00,,
2016-04-24T00:00:00,,
2016-04-25T00:00:00,,
2016-04-26T00:00:00,,
2016-04-27T00:00:00,,
2016-04-28T00:00:00,,
2016-04-29T00:00:00,,
2016-04-30T00:00:00,,
2016-05-01T00:00:00,,
2016-05-02T00:00:00,,
2016-05-03T00:00:00,,
2016-05-04T00:00:00,,
2016-05-05T00:00:00,,
2016-05-06T00:00:00,,
2016-05-07T00:00:00,,
2016-05-08T00:00:00,,
2016-05-09T00:00:00,,
2016-05-10T00:00:00,,
2016-05-11T00:00:00,,
2016-05-12T00:00:00,,
2016-05-13T00:00:00,,
2016-05-14T00:00:00,,
2016-05-15T00:00:00,,
2016-05-16T00:00:00,,
2016-05-17T00:00:00,,
2016-05-18T00:00:00,,
2016-05-19T00:00:00,,
2016-05-20T00:00:00,,
2016-05-21T00:00:00,,
2016-05-22T00:00:00,,
2016-05-23T00:00:00,,
2016-05-24T00:00:00,,
2016-05-25T00:00:00,,
2016-05-26T00:00:00,,
2016-05-27T00:00:00,,
2016-05-28T00:00:00,,
2016-05-29T00:00:00,,
2016-05-30T00:00:00,,
2016-05-31T00:00:00,,
2016-06-01T00:00:00,,
2016-06-02T00:00:00,,
2016-06-03T00:00:00,,
2016-06-04T00:00:00,,
2016-06-05T00:00:00,,
2016-06-06T00:00:00,,
2016-06-07T00:00:00,,
2016-06-08T00:00:00,,
2016-06-09T00:00:00,,
2016-06-10T00:00:00,,
2016-06-11T00:00:00,,
2016-06-12T00:00:00,,
2016-06-13T00:00:00,,
2016-06-14T00:00:00,,
2016-06-15T00:00:00,,
2016-06-16T00:00:00,,
2016-06-17T00:00:00,,
2016-06-18T00:00:00,,
2016-06-19T00:00:00,,
2016-06-20T00:00:00,,
2016-06-21T00:00:00,,
2016-06-22T00:00:00,,
2016-06-23T00:00:00,,
2016-06-24T00:00:00,,
2016-06-25T00:00:00,,
2016-06-26T00:00:00,,
2016-06-27T00:00:00,,
2016-06-28T00:00:00,,
2016-06-29T00:00:00,,
2016-06-30T00:00:00,,
2016-07-01T00:00:00,,
2016-07-02T00:00:00,,
2016-07-03T00:00:00,,
2016-07-04T00:00:00,,
2016-07-05T00:00:00,,
2016-07-06T00:00:00,,
2016-07-07T00:00:00,,
2016-07-08T00:00:00,,
2016-07-09T00:00:00,,
2016-07-10T00:00:00,,
2016-07-11T00:00:00,,
2016-07-12T00:00:00,,
2016-07-13T00:00:00,,
2016-07-14T00:00:00,,
2016-07-15T00:00:00,,
2016-07-16T00:00:00,,
2016-07-17T00:00:00,,
2016-07-18T00:00:00,,
2016-07-19T00:00:00,,
2016-07-20T00:00:00,,
2016-07-21T00:00:00,,
2016-07-22T00:00:00,,
2016-07-23T00:00:00,,
2016-07-24T00:00:00,,
2016-07-25T00:00:00,,
2016-07-26T00:00:00,,
2016-07-27T00:00:00,,
2016-07-28T00:00:00,,
2016-07-29T00:00:00,,
2016-07-30T00:00:00,,
2016-07-31T00:00:00,,
2016-08-01T00:00:00,,
2016-08-02T00:00:00,,
2016-08-03T00:00:00,,
2016-08-04T00:00:00,,
2016-08-05T00:00:00,,
2016-08-06T00:00:00,,
2016-08-07T00:00:00,,
2016-08-08T00:00:00,,
2016-08-09T00:00:00,,
2016-08-10T00:00:00,,
2016-08-11T00:00:00,,
2016-08-12T00:00:00,,
2016-08-13T00:00:00,,
2016-08-14T00:00:00,,
2016-08-15T00:00:00,,
2016-08-16T00:00:00,,
2016-08-17T00:00:00,,
2016-08-18T00:00:00,,
2016-08-19T00:00:00,,
2016-08-20T00:00:00,,
2016-08-21T00:00:00,,
2016-08-22T00:00:00,,
2016-08-23T00:00:00,,
2016-08-24T00:00:00,,
2016-08-25T00:00:00,,
2016-08-26T00:00:00,,
2016-08-27T00:00:00,,
2016-08-28T00:00:00,,
2016-08-29T00:00:00,,
2016-08-30T00:00:00,,
2016-08-31T00:00:00,,
2016-09-01T00:00:00,,
2016-09-02T00:00:00,,
2016-09-03T00:00:00,,
2016-09-04T00:00:00,,
2016-09-05T00:00:00,,
2016-09-06T00:00:00,,
2016-09-07T00:00:00,,
2016-09-08T00:00:00,,
2016-09-09T00:00:00,,
2016-09-10T00:00:00,,
2016-09-11T00:00:00,,
2016-09-12T00:00:00,,
2016-09-13T00:00:00,,
2016-09-14T00:00:00,,
2016-09-15T00:00:00,,
2016-09-16T00:00:00,,
2016-09-17T00:00:00,,
2016-09-18T00:00:00,,
2016-09-19T00:00:00,,
2016-09-20T00:00:00,,
2016-09-21T00:00:00,,
2016-09-22T00:00:00,,
2016-09-23T00:00:00,,
2016-09-24T00:00:00,,
2016-09-25T00:00:00,,
2016-09-26T00:00:00,,
2016-09-27T00:00:00,,
2016-09-28T00:00:00,,
2016-09-29T00:00:00,,
2016-09-30T00:00:00,,
2016-10-01T00:00:00,,
2016-10-02T00:00:00,,
2016-10-03T00:00:00,,
2016-10-04T00:00:00,,
2016-10-05T00:00:00,,
2016-10-06T00:00:00,,
2016-10-07T00:00:00,,
2016-10-08T00:00:00,,
2016-10-09T00:00:00,,
2016-10-10T00:00:00,,
2016-10-11T00:00:00,,
2016-10-12T00:00:00,,
2016-10-13T00:00:00,,
2016-10-14T00:00:00,,
2016-10-15T00:00:00,,
2016-10-16T00:00:00,,
2016-10-17T00:00:00,,
2016-10-18T00:00:00,,
2016-10-19T00:00:00,,
2016-10-20T00:00:00,,
2016-10-21T00:00:00,,
2016-10-22T00:00:00,,
2016-10-23T00:00:00,,
2016-10-24T00:00:00,,
2016-10-25T00:00:00,,
2016-10-26T00:00:00,,
2016-10-27T00:00:00,,
2016-10-28T00:00:00,,
2016-10-29T00:00:00,,
2016-10-30T00:00:00,,
2016-10-31T00:00:00,,
2016-11-01T00:00:00,,
2016-11-02T00:00:00,,
2016-11-03T00:00:00,,
2016-11-04T00:00:00,,
2016-11-05T00:00:00,,
2016-11-06T00:00:00,,
2016-11-07T00:00:00,,
2016-11-08T00:00:00,,
2016-11-09T00:00:00,,
2016-11-10T00:00:00,,
2016-11-11T00:00:00,,
2016-11-12T00:00:00,,
2016-11-13T00:00:00,,
2016-11-14T00:00:00,,
2016-11-15T00:00:00,,
2016-11-16T00:00:00,,
2016-11-17T00:00:00,,
2016-11-18T00:00:00,,
2016-11-19T00:00:00,,
2016-11-20T00:00:00,,
2016-11-21T00:00:00,,
2016-11-22T00:00:00,,
2016-11-23T00:00:00,,
2016-11-24T00:00:00,,
2016-11-25T00:00:00,,
2016-11-26T00:00:00,,
2016-11-27T00:00:00,,
2016-11-28T00:00:00,,
2016-11-29T00:00:00,,
2016-11-30T00:00:00,,
2016-12-01T00:00:00,,
2016-12-02T00:00:00,,
2016-12-03T00:00:00,,
2016-12-04T00:00:00,,
2016-12-05T00:00:00,,
2016-12-06T00:00:00,,
2016-12-07T00:00:00,,
2016-12-08T00:00:00,,
2016-12-09T00:00:00,,
2016-12-10T00:00:00,,
2016-12-11T00:00:00,,
2016-12-12T00:00:00,,
2016-12-13T00:00:00,,
2016-12-14T00:00:00,,
2016-12-15T00:00:00,,
2016-12-16T00:00:00,,
2016-12-17T00:00:00,,
2016-12-18T00:00:00,,
2016-12-19T00:00:00,,
2016-12-20T00:00:00,,
2016-12-21T00:00:00,,
2016-12-22T00:00:00,,
2016-12-23T00:00:00,,
2016-12-24T00:00:00,,
2016-12-25T00:00:00,,
2016-12-26T00:00:00,,
2016-12-27T00:00:00,,
2016-12-28T00:00:00,,
2016-12-29T00:00:00,,
2016-12-30T00:00:00,,
2016-12-31T00:00:00,,
2017-01-01T00:00:00,12.5,
2017-01-02T00:00:00,11.75,
2017-01-03T00:00:00,9.7,
2017-01-04T00:00:00,,
2017-01-05T00:00:00,7.38,
2017-01-06T00:00:00,6.75,
2017-01-07T00:00:00,6.13,
2017-01-08T00:00:00,5.7,
2017-01-09T00:00:00,5.35,
2017-01-10T00:00:00,5.18,
2017-01-11T00:00:00,5.0,
2017-01-12T00:00:00,,
2017-01-13T00:00:00,4.63,
2017-01-14T00:00:00,4.63,
2017-01-15T00:00:00,4.5,
2017-01-16T00:00:00,4.38,
2017-01-17T00:00:00,4.25,
2017-01-18T00:00:00,4.13,
2017-01-19T00:00:00,4.0,
2017-01-20T00:00:00,4.0,
2017-01-21T00:00:00,3.93,
2017-01-22T00:00:00,3.85,
2017-01-23T00:00:00,3.8,
2017-01-24T00:00:00,3.8,
2017-01-25T00:00:00,3.75,
2017-01-26T00:00:00,3.5,
2017-01-27T00:00:00,3.5,
2017-01-28T00:00:00,3.38,
2017-01-29T00:00:00,3.38,
2017-01-30T00:00:00,3.38,
2017-01-31T00:00:00,3.38,
2017-02-01T00:00:00,3.5,
2017-02-02T00:00:00,3.5,
2017-02-03T00:00:00,3.38,
2017-02-04T00:00:00,3.38,
2017-02-05T00:00:00,3.38,
2017-02-06T00:00:00,3.25,
2017-02-07T00:00:00,3.13,
2017-02-08T00:00:00,2.91,
2017-02-09T00:00:00,2.82,
2017-02-10T00:00:00,2.65,
2017-02-11T00:00:00,2.58,
2017-02-12T00:00:00,2.5,
2017-02-13T00:00:00,2.41,
2017-02-14T00:00:00,2.41,
2017-02-15T00:00:00,2.41,
2017-02-16T00:00:00,2.41,
2017-02-17T00:00:00,2.41,
2017-02-18T00:00:00,2.41,
2017-02-19T00:00:00,2.5,
2017-02-20T00:00:00,2.74,
2017-02-21T00:00:00,3.0,
2017-02-22T00:00:00,3.0,
2017-02-23T00:00:00,3.13,
2017-02-24T00:00:00,3.13,
2017-02-25T00:00:00,3.0,
2017-02-26T00:00:00,3.0,
2017-02-27T00:00:00,2.91,
2017-02-28T00:00:00,2.82,
2017-03-01T00:00:00,3.0,
2017-03-02T00:00:00,4.25,
2017-03-03T00:00:00,6.38,
2017-03-04T00:00:00,6.75,
2017-03-05T00:00:00,6.38,
2017-03-06T00:00:00,,
2017-03-07T00:00:00,5.18,
2017-03-08T00:00:00,4.63,
2017-03-09T00:00:00,4.25,
2017-03-10T00:00:00,4.0,
2017-03-11T00:00:00,3.85,
2017-03-12T00:00:00,3.85,
2017-03-13T00:00:00,4.13,
2017-03-14T00:00:00,4.5,
2017-03-15T00:00:00,4.88,
2017-03-16T00:00:00,6.88,
2017-03-17T00:00:00,7.88,
2017-03-18T00:00:00,,
2017-03-19T00:00:00,9.7,
2017-03-20T00:00:00,10.25,
2017-03-21T00:00:00,11.0,
2017-03-22T00:00:00,13.7,
2017-03-23T00:00:00,16.0,
2017-03-24T00:00:00,16.25,
2017-03-25T00:00:00,15.5,
2017-03-26T00:00:00,14.52,
2017-03-27T00:00:00,14.52,
2017-03-28T00:00:00,15.0,
2017-03-29T00:00:00,14.85,
2017-03-30T00:00:00,14.0,
2017-03-31T00:00:00,13.0,
2017-04-01T00:00:00,11.5,
2017-04-02T00:00:00,11.5,
2017-04-03T00:00:00,13.17,
2017-04-04T00:00:00,14.17,
2017-04-05T00:00:00,15.25,
2017-04-06T00:00:00,16.25,
2017-04-07T00:00:00,16.75,
2017-04-08T00:00:00,17.5,
2017-04-09T00:00:00,17.75,
2017-04-10T00:00:00,17.5,
2017-04-11T00:00:00,17.75,
2017-04-12T00:00:00,18.17,
2017-04-13T00:00:00,17.75,
2017-04-14T00:00:00,16.75,
2017-04-15T00:00:00,15.0,
2017-04-16T00:00:00,13.85,
2017-04-17T00:00:00,12.5,
2017-04-18T00:00:00,11.0,
2017-04-19T00:00:00,9.7,
2017-04-20T00:00:00,9.0,
2017-04-21T00:00:00,8.52,
2017-04-22T00:00:00,9.06,
2017-04-23T00:00:00,9.7,
2017-04-24T00:00:00,9.81,
2017-04-25T00:00:00,9.76,
2017-04-26T00:00:00,,
2017-04-27T00:00:00,12.24,
2017-04-28T00:00:00,12.75,
2017-04-29T00:00:00,12.6,
2017-04-30T00:00:00,12.89,
2017-05-01T00:00:00,13.83,
2017-05-02T00:00:00,14.05,
2017-05-03T00:00:00,13.81,
2017-05-04T00:00:00,13.14,
2017-05-05T00:00:00,12.04,
2017-05-06T00:00:00,10.82,
2017-05-07T00:00:00,9.92,
2017-05-08T00:00:00,9.22,
2017-05-09T00:00:00,8.56,
2017-05-10T00:00:00,7.95,
2017-05-11T00:00:00,7.54,
2017-05-12T00:00:00,7.19,
2017-05-13T00:00:00,6.84,
2017-05-14T00:00:00,6.54,
2017-05-15T00:00:00,6.29,
2017-05-16T00:00:00,6.05,
2017-05-17T00:00:00,5.79,
2017-05-18T00:00:00,5.4,
2017-05-19T00:00:00,5.15,
2017-05-20T00:00:00,5.0,
2017-05-21T00:00:00,4.9,
2017-05-22T00:00:00,4.73,
2017-05-23T00:00:00,4.52,
2017-05-24T00:00:00,4.29,
2017-05-25T00:00:00,4.1,
2017-05-26T00:00:00,3.94,
2017-05-27T00:00:00,3.81,
2017-05-28T00:00:00,3.67,
2017-05-29T00:00:00,3.49,
2017-05-30T00:00:00,3.28,
2017-05-31T00:00:00,3.22,
2017-06-01T00:00:00,3.24,
2017-06-02T00:00:00,3.4,
2017-06-03T00:00:00,3.46,
2017-06-04T00:00:00,3.42,
2017-06-05T00:00:00,3.26,
2017-06-06T00:00:00,3.12,
2017-06-07T00:00:00,2.99,
2017-06-08T00:00:00,2.9,
2017-06-09T00:00:00,2.89,
2017-06-10T00:00:00,2.87,
2017-06-11T00:00:00,2.89,
2017-06-12T00:00:00,2.91,
2017-06-13T00:00:00,3.25,
2017-06-14T00:00:00,4.47,
2017-06-15T00:00:00,5.39,
2017-06-16T00:00:00,5.26,
2017-06-17T00:00:00,4.82,
2017-06-18T00:00:00,4.42,
2017-06-19T00:00:00,4.06,
2017-06-20T00:00:00,3.83,
2017-06-21T00:00:00,3.8,
2017-06-22T00:00:00,,
2017-06-23T00:00:00,3.94,
2017-06-24T00:00:00,3.95,
2017-06-25T00:00:00,3.91,
2017-06-26T00:00:00,3.81,
2017-06-27T00:00:00,3.72,
2017-06-28T00:00:00,3.65,
2017-06-29T00:00:00,3.55,
2017-06-30T00:00:00,3.45,
2017-07-01T00:00:00,3.33,
2017-07-02T00:00:00,3.14,
2017-07-03T00:00:00,2.92,
2017-07-04T00:00:00,2.75,
2017-07-05T00:00:00,2.63,
2017-07-06T00:00:00,2.55,
2017-07-07T00:00:00,2.42,
2017-07-08T00:00:00,2.35,
2017-07-09T00:00:00,2.25,
2017-07-10T00:00:00,,
2017-07-11T00:00:00,1.99,
2017-07-12T00:00:00,2.07,
2017-07-13T00:00:00,2.34,
2017-07-14T00:00:00,2.75,
2017-07-15T00:00:00,3.26,
2017-07-16T00:00:00,3.69,
2017-07-17T00:00:00,3.77,
2017-07-18T00:00:00,3.72,
2017-07-19T00:00:00,3.54,
2017-07-20T00:00:00,3.34,
2017-07-21T00:00:00,3.23,
2017-07-22T00:00:00,3.36,
2017-07-23T00:00:00,3.53,
2017-07-24T00:00:00,3.64,
2017-07-25T00:00:00,3.66,
2017-07-26T00:00:00,3.61,
2017-07-27T00:00:00,3.54,
2017-07-28T00:00:00,3.39,
2017-07-29T00:00:00,3.19,
2017-07-30T00:00:00,2.96,
2017-07-31T00:00:00,2.78,
2017-08-01T00:00:00,2.64,
2017-08-02T00:00:00,2.59,
2017-08-03T00:00:00,2.54,
2017-08-04T00:00:00,2.58,
2017-08-05T00:00:00,3.08,
2017-08-06T00:00:00,3.86,
2017-08-07T00:00:00,4.46,
2017-08-08T00:00:00,5.52,
2017-08-09T00:00:00,6.46,
2017-08-10T00:00:00,6.69,
2017-08-11T00:00:00,6.48,
2017-08-12T00:00:00,6.08,
2017-08-13T00:00:00,7.71,
2017-08-14T00:00:00,9.77,
2017-08-15T00:00:00,9.94,
2017-08-16T00:00:00,9.54,
2017-08-17T00:00:00,8.8,
2017-08-18T00:00:00,7.99,
2017-08-19T00:00:00,7.32,
2017-08-20T00:00:00,6.73,
2017-08-21T00:00:00,6.2,
2017-08-22T00:00:00,,
2017-08-23T00:00:00,5.87,
2017-08-24T00:00:00,5.58,
2017-08-25T00:00:00,5.15,
2017-08-26T00:00:00,4.75,
2017-08-27T00:00:00,4.4,
2017-08-28T00:00:00,4.1,
2017-08-29T00:00:00,3.89,
2017-08-30T00:00:00,3.75,
2017-08-31T00:00:00,3.54,
2017-09-01T00:00:00,3.41,
2017-09-02T00:00:00,3.3,
2017-09-03T00:00:00,3.19,
2017-09-04T00:00:00,3.06,
2017-09-05T00:00:00,2.93,
2017-09-06T00:00:00,2.8,
2017-09-07T00:00:00,2.69,
2017-09-08T00:00:00,2.64,
2017-09-09T00:00:00,2.63,
2017-09-10T00:00:00,3.0,
2017-09-11T00:00:00,4.16,
2017-09-12T00:00:00,5.84,
2017-09-13T00:00:00,7.63,
2017-09-14T00:00:00,8.69,
2017-09-15T00:00:00,13.37,
2017-09-16T00:00:00,16.54,
2017-09-17T00:00:00,16.63,
2017-09-18T00:00:00,16.46,
2017-09-19T00:00:00,15.7,
2017-09-20T00:00:00,14.62,
2017-09-21T00:00:00,13.61,
2017-09-22T00:00:00,12.51,
2017-09-23T00:00:00,11.5,
2017-09-24T00:00:00,10.66,
2017-09-25T00:00:00,9.81,
2017-09-26T00:00:00,9.09,
2017-09-27T00:00:00,8.42,
2017-09-28T00:00:00,7.84,
2017-09-29T00:00:00,7.41,
2017-09-30T00:00:00,7.02,
2017-10-01T00:00:00,6.7,
2017-10-02T00:00:00,6.43,
2017-10-03T00:00:00,6.32,
2017-10-04T00:00:00,8.21,
2017-10-05T00:00:00,11.62,
2017-10-06T00:00:00,14.2,
2017-10-07T00:00:00,15.18,
2017-10-08T00:00:00,15.93,
2017-10-09T00:00:00,21.36,
2017-10-10T00:00:00,27.79,
2017-10-11T00:00:00,31.46,
2017-10-12T00:00:00,,
2017-10-13T00:00:00,,
2017-10-14T00:00:00,,
2017-10-15T00:00:00,,
2017-10-16T00:00:00,30.8,
2017-10-17T00:00:00,27.8,
2017-10-18T00:00:00,26.3,
2017-10-19T00:00:00,25.7,
2017-10-20T00:00:00,23.9,
2017-10-21T00:00:00,21.5,
2017-10-22T00:00:00,,
2017-10-23T00:00:00,17.75,
2017-10-24T00:00:00,16.0,
2017-10-25T00:00:00,14.7,
2017-10-26T00:00:00,13.85,
2017-10-27T00:00:00,13.17,
2017-10-28T00:00:00,12.25,
2017-10-29T00:00:00,14.7,
2017-10-30T00:00:00,18.0,
2017-10-31T00:00:00,18.0,
2017-11-01T00:00:00,17.0,
2017-11-02T00:00:00,15.75,
2017-11-03T00:00:00,14.33,
2017-11-04T00:00:00,13.33,
2017-11-05T00:00:00,12.5,
2017-11-06T00:00:00,12.0,
2017-11-07T00:00:00,11.75,
2017-11-08T00:00:00,11.5,
2017-11-09T00:00:00,11.25,
2017-11-10T00:00:00,11.0,
2017-11-11T00:00:00,12.75,
2017-11-12T00:00:00,19.25,
2017-11-13T00:00:00,29.3,
2017-11-14T00:00:00,,
2017-11-15T00:00:00,32.6,
2017-11-16T00:00:00,31.4,
2017-11-17T00:00:00,28.4,
2017-11-18T00:00:00,26.3,
2017-11-19T00:00:00,25.4,
2017-11-20T00:00:00,25.1,
2017-11-21T00:00:00,24.2,
2017-11-22T00:00:00,22.4,
2017-11-23T00:00:00,20.3,
2017-11-24T00:00:00,19.0,
2017-11-25T00:00:00,24.8,
2017-11-26T00:00:00,29.6,
2017-11-27T00:00:00,32.3,
2017-11-28T00:00:00,32.6,
2017-11-29T00:00:00,,
2017-11-30T00:00:00,32.0,
2017-12-01T00:00:00,30.8,
2017-12-02T00:00:00,29.0,
2017-12-03T00:00:00,28.1,
2017-12-04T00:00:00,,
2017-12-05T00:00:00,,
2017-12-06T00:00:00,,
2017-12-07T00:00:00,31.7,
2017-12-08T00:00:00,29.3,
2017-12-09T00:00:00,31.4,
2017-12-10T00:00:00,32.3,
2017-12-11T00:00:00,30.2,
2017-12-12T00:00:00,27.8,
2017-12-13T00:00:00,26.9,
2017-12-14T00:00:00,26.9,
2017-12-15T00:00:00,25.1,
2017-12-16T00:00:00,23.3,
2017-12-17T00:00:00,21.2,
2017-12-18T00:00:00,19.5,
2017-12-19T00:00:00,18.33,
2017-12-20T00:00:00,,
2017-12-21T00:00:00,18.42,
2017-12-22T00:00:00,21.49,
2017-12-23T00:00:00,21.2,
2017-12-24T00:00:00,20.3,
2017-12-25T00:00:00,18.71,
2017-12-26T00:00:00,17.91,
2017-12-27T00:00:00,17.01,
2017-12-28T00:00:00,16.59,
2017-12-29T00:00:00,17.39,
2017-12-30T00:00:00,20.93,
2017-12-31T00:00:00,23.0,
2018-01-01T00:00:00,22.4,
2018-01-02T00:00:00,22.78,
2018-01-03T00:00:00,26.63,
2018-01-04T00:00:00,,
2018-01-05T00:00:00,29.9,
2018-01-06T00:00:00,,
2018-01-07T00:00:00,,
2018-01-08T00:00:00,,
2018-01-09T00:00:00,,
2018-01-10T00:00:00,32.33,
2018-01-11T00:00:00,29.58,
2018-01-12T00:00:00,,
2018-01-13T00:00:00,19.86,
2018-01-14T00:00:00,18.0,
2018-01-15T00:00:00,16.02,
2018-01-16T00:00:00,13.78,
2018-01-17T00:00:00,12.04,
2018-01-18T00:00:00,11.18,
2018-01-19T00:00:00,10.76,
2018-01-20T00:00:00,10.71,
2018-01-21T00:00:00,10.31,
2018-01-22T00:00:00,9.59,
2018-01-23T00:00:00,8.79,
2018-01-24T00:00:00,8.15,
2018-01-25T00:00:00,8.56,
2018-01-26T00:00:00,13.73,
2018-01-27T00:00:00,17.67,
2018-01-28T00:00:00,18.8,
2018-01-29T00:00:00,18.72,
2018-01-30T00:00:00,17.84,
2018-01-31T00:00:00,15.95,
2018-02-01T00:00:00,14.23,
2018-02-02T00:00:00,13.22,
2018-02-03T00:00:00,12.29,
2018-02-04T00:00:00,10.86,
2018-02-05T00:00:00,9.66,
2018-02-06T00:00:00,8.99,
2018-02-07T00:00:00,8.5,
2018-02-08T00:00:00,8.06,
2018-02-09T00:00:00,7.76,
2018-02-10T00:00:00,7.49,
2018-02-11T00:00:00,7.23,
2018-02-12T00:00:00,7.03,
2018-02-13T00:00:00,6.85,
2018-02-14T00:00:00,6.69,
2018-02-15T00:00:00,6.55,
2018-02-16T00:00:00,6.41,
2018-02-17T00:00:00,6.27,
2018-02-18T00:00:00,6.11,
2018-02-19T00:00:00,5.93,
2018-02-20T00:00:00,5.71,
2018-02-21T00:00:00,5.34,
2018-02-22T00:00:00,4.99,
2018-02-23T00:00:00,4.74,
2018-02-24T00:00:00,4.54,
2018-02-25T00:00:00,4.32,
2018-02-26T00:00:00,4.18,
2018-02-27T00:00:00,4.07,
2018-02-28T00:00:00,3.95,
2018-03-01T00:00:00,3.85,
2018-03-02T00:00:00,3.77,
2018-03-03T00:00:00,3.63,
2018-03-04T00:00:00,3.49,
2018-03-05T00:00:00,3.35,
2018-03-06T00:00:00,,
2018-03-07T00:00:00,3.18,
2018-03-08T00:00:00,3.11,
2018-03-09T00:00:00,3.07,
2018-03-10T00:00:00,3.07,
2018-03-11T00:00:00,3.11,
2018-03-12T00:00:00,3.18,
2018-03-13T00:00:00,3.3,
2018-03-14T00:00:00,3.66,
2018-03-15T00:00:00,3.91,
2018-03-16T00:00:00,4.02,
2018-03-17T00:00:00,4.0,
2018-03-18T00:00:00,,
2018-03-19T00:00:00,3.85,
2018-03-20T00:00:00,3.83,
2018-03-21T00:00:00,3.82,
2018-03-22T00:00:00,3.82,
2018-03-23T00:00:00,3.81,
2018-03-24T00:00:00,3.8,
2018-03-25T00:00:00,3.77,
2018-03-26T00:00:00,3.77,
2018-03-27T00:00:00,3.77,
2018-03-28T00:00:00,3.71,
2018-03-29T00:00:00,3.61,
2018-03-30T00:00:00,3.53,
2018-03-31T00:00:00,3.46,
2018-04-01T00:00:00,3.37,
2018-04-02T00:00:00,3.35,
2018-04-03T00:00:00,3.38,
2018-04-04T00:00:00,3.37,
2018-04-05T00:00:00,3.53,
2018-04-06T00:00:00,6.25,
2018-04-07T00:00:00,13.16,
2018-04-08T00:00:00,17.57,
2018-04-09T00:00:00,22.32,
2018-04-10T00:00:00,28.93,
2018-04-11T00:00:00,30.0,
2018-04-12T00:00:00,28.91,
2018-04-13T00:00:00,26.75,
2018-04-14T00:00:00,24.9,
2018-04-15T00:00:00,23.75,
2018-04-16T00:00:00,24.07,
2018-04-17T00:00:00,26.21,
2018-04-18T00:00:00,27.44,
2018-04-19T00:00:00,28.28,
2018-04-20T00:00:00,28.25,
2018-04-21T00:00:00,28.5,
2018-04-22T00:00:00,31.29,
2018-04-23T00:00:00,,
2018-04-24T00:00:00,31.97,
2018-04-25T00:00:00,29.59,
2018-04-26T00:00:00,,
2018-04-27T00:00:00,23.47,
2018-04-28T00:00:00,20.61,
2018-04-29T00:00:00,18.6,
2018-04-30T00:00:00,17.35,
2018-05-01T00:00:00,16.2,
2018-05-02T00:00:00,15.24,
2018-05-03T00:00:00,14.47,
2018-05-04T00:00:00,13.9,
2018-05-05T00:00:00,13.36,
2018-05-06T00:00:00,12.57,
2018-05-07T00:00:00,11.53,
2018-05-08T00:00:00,10.6,
2018-05-09T00:00:00,9.75,
2018-05-10T00:00:00,9.03,
2018-05-11T00:00:00,8.35,
2018-05-12T00:00:00,7.77,
2018-05-13T00:00:00,7.34,
2018-05-14T00:00:00,6.94,
2018-05-15T00:00:00,6.58,
2018-05-16T00:00:00,6.21,
2018-05-17T00:00:00,5.83,
2018-05-18T00:00:00,5.62,
2018-05-19T00:00:00,5.78,
2018-05-20T00:00:00,5.66,
2018-05-21T00:00:00,5.21,
2018-05-22T00:00:00,4.79,
2018-05-23T00:00:00,4.47,
2018-05-24T00:00:00,4.2,
2018-05-25T00:00:00,3.96,
2018-05-26T00:00:00,3.81,
2018-05-27T00:00:00,3.64,
2018-05-28T00:00:00,3.38,
2018-05-29T00:00:00,3.14,
2018-05-30T00:00:00,2.91,
2018-05-31T00:00:00,2.74,
2018-06-01T00:00:00,2.64,
2018-06-02T00:00:00,2.56,
2018-06-03T00:00:00,2.43,
2018-06-04T00:00:00,2.36,
2018-06-05T00:00:00,2.24,
2018-06-06T00:00:00,2.11,
2018-06-07T00:00:00,2.03,
2018-06-08T00:00:00,1.98,
2018-06-09T00:00:00,1.94,
2018-06-10T00:00:00,1.9,
2018-06-11T00:00:00,1.87,
2018-06-12T00:00:00,1.88,
2018-06-13T00:00:00,1.86,
2018-06-14T00:00:00,1.83,
2018-06-15T00:00:00,1.8,
2018-06-16T00:00:00,1.75,
2018-06-17T00:00:00,1.7,
2018-06-18T00:00:00,1.63,
2018-06-19T00:00:00,1.6,
2018-06-20T00:00:00,1.61,
2018-06-21T00:00:00,1.59,
2018-06-22T00:00:00,,
2018-06-23T00:00:00,1.62,
2018-06-24T00:00:00,1.6,
2018-06-25T00:00:00,1.55,
2018-06-26T00:00:00,1.54,
2018-06-27T00:00:00,1.53,
2018-06-28T00:00:00,1.48,
2018-06-29T00:00:00,1.46,
2018-06-30T00:00:00,1.43,
2018-07-01T00:00:00,1.47,
2018-07-02T00:00:00,1.53,
2018-07-03T00:00:00,1.61,
2018-07-04T00:00:00,1.65,
2018-07-05T00:00:00,1.71,
2018-07-06T00:00:00,1.79,
2018-07-07T00:00:00,1.88,
2018-07-08T00:00:00,2.0,
2018-07-09T00:00:00,2.09,
2018-07-10T00:00:00,,
2018-07-11T00:00:00,2.08,
2018-07-12T00:00:00,2.03,
2018-07-13T00:00:00,1.99,
2018-07-14T00:00:00,1.96,
2018-07-15T00:00:00,1.92,
2018-07-16T00:00:00,1.86,
2018-07-17T00:00:00,1.79,
2018-07-18T00:00:00,1.71,
2018-07-19T00:00:00,1.61,
2018-07-20T00:00:00,1.54,
2018-07-21T00:00:00,1.48,
2018-07-22T00:00:00,1.48,
2018-07-23T00:00:00,1.54,
2018-07-24T00:00:00,1.6,
2018-07-25T00:00:00,1.59,
2018-07-26T00:00:00,1.54,
2018-07-27T00:00:00,1.48,
2018-07-28T00:00:00,1.42,
2018-07-29T00:00:00,1.35,
2018-07-30T00:00:00,1.3,
2018-07-31T00:00:00,1.23,
2018-08-01T00:00:00,1.17,
2018-08-02T00:00:00,1.12,
2018-08-03T00:00:00,1.08,
2018-08-04T00:00:00,1.07,
2018-08-05T00:00:00,1.11,
2018-08-06T00:00:00,1.13,
2018-08-07T00:00:00,1.11,
2018-08-08T00:00:00,1.1,
2018-08-09T00:00:00,1.08,
2018-08-10T00:00:00,1.06,
2018-08-11T00:00:00,1.03,
2018-08-12T00:00:00,1.01,
2018-08-13T00:00:00,1.03,
2018-08-14T00:00:00,1.0,
2018-08-15T00:00:00,0.98,
2018-08-16T00:00:00,0.96,
2018-08-17T00:00:00,0.94,
2018-08-18T00:00:00,0.93,
2018-08-19T00:00:00,0.93,
2018-08-20T00:00:00,0.94,
2018-08-21T00:00:00,1.07,
2018-08-22T00:00:00,,
2018-08-23T00:00:00,1.36,
2018-08-24T00:00:00,1.5,
2018-08-25T00:00:00,1.54,
2018-08-26T00:00:00,1.55,
2018-08-27T00:00:00,1.6,
2018-08-28T00:00:00,1.69,
2018-08-29T00:00:00,1.83,
2018-08-30T00:00:00,1.88,
2018-08-31T00:00:00,1.92,
2018-09-01T00:00:00,1.93,
2018-09-02T00:00:00,1.89,
2018-09-03T00:00:00,1.86,
2018-09-04T00:00:00,1.81,
2018-09-05T00:00:00,1.78,
2018-09-06T00:00:00,1.77,
2018-09-07T00:00:00,1.75,
2018-09-08T00:00:00,1.7,
2018-09-09T00:00:00,1.65,
2018-09-10T00:00:00,1.6,
2018-09-11T00:00:00,1.58,
2018-09-12T00:00:00,1.72,
2018-09-13T00:00:00,1.89,
2018-09-14T00:00:00,2.11,
2018-09-15T00:00:00,2.31,
2018-09-16T00:00:00,2.38,
2018-09-17T00:00:00,2.44,
2018-09-18T00:00:00,2.63,
2018-09-19T00:00:00,2.9,
2018-09-20T00:00:00,3.13,
2018-09-21T00:00:00,3.11,
2018-09-22T00:00:00,2.97,
2018-09-23T00:00:00,2.85,
2018-09-24T00:00:00,2.7,
2018-09-25T00:00:00,2.61,
2018-09-26T00:00:00,2.56,
2018-09-27T00:00:00,2.5,
2018-09-28T00:00:00,2.4,
2018-09-29T00:00:00,2.39,
2018-09-30T00:00:00,2.39,
2018-10-01T00:00:00,2.37,
2018-10-02T00:00:00,2.37,
2018-10-03T00:00:00,2.41,
2018-10-04T00:00:00,2.52,
2018-10-05T00:00:00,2.64,
2018-10-06T00:00:00,2.81,
2018-10-07T00:00:00,3.0,
2018-10-08T00:00:00,3.27,
2018-10-09T00:00:00,3.67,
2018-10-10T00:00:00,4.13,
2018-10-11T00:00:00,4.4,
2018-10-12T00:00:00,4.4,
2018-10-13T00:00:00,4.22,
2018-10-14T00:00:00,3.99,
2018-10-15T00:00:00,3.85,
2018-10-16T00:00:00,3.74,
2018-10-17T00:00:00,3.54,
2018-10-18T00:00:00,3.38,
2018-10-19T00:00:00,3.24,
2018-10-20T00:00:00,3.15,
2018-10-21T00:00:00,3.12,
2018-10-22T00:00:00,,
2018-10-23T00:00:00,3.02,
2018-10-24T00:00:00,3.44,
2018-10-25T00:00:00,3.85,
2018-10-26T00:00:00,3.91,
2018-10-27T00:00:00,3.85,
2018-10-28T00:00:00,3.78,
2018-10-29T00:00:00,3.63,
2018-10-30T00:00:00,3.36,
2018-10-31T00:00:00,3.26,
2018-11-01T00:00:00,3.31,
2018-11-02T00:00:00,3.45,
2018-11-03T00:00:00,3.69,
2018-11-04T00:00:00,3.82,
2018-11-05T00:00:00,3.86,
2018-11-06T00:00:00,3.84,
2018-11-07T00:00:00,3.82,
2018-11-08T00:00:00,3.79,
2018-11-09T00:00:00,3.78,
2018-11-10T00:00:00,3.77,
2018-11-11T00:00:00,3.77,
2018-11-12T00:00:00,3.8,
2018-11-13T00:00:00,4.06,
2018-11-14T00:00:00,5.78,
2018-11-15T00:00:00,6.55,
2018-11-16T00:00:00,6.55,
2018-11-17T00:00:00,6.3,
2018-11-18T00:00:00,6.0,
2018-11-19T00:00:00,5.7,
2018-11-20T00:00:00,5.21,
2018-11-21T00:00:00,4.77,
2018-11-22T00:00:00,4.44,
2018-11-23T00:00:00,4.16,
2018-11-24T00:00:00,3.96,
2018-11-25T00:00:00,3.84,
2018-11-26T00:00:00,3.74,
2018-11-27T00:00:00,3.57,
2018-11-28T00:00:00,3.33,
2018-11-29T00:00:00,,
2018-11-30T00:00:00,2.92,
2018-12-01T00:00:00,2.82,
2018-12-02T00:00:00,2.81,
2018-12-03T00:00:00,2.79,
2018-12-04T00:00:00,2.82,
2018-12-05T00:00:00,3.12,
2018-12-06T00:00:00,3.82,
2018-12-07T00:00:00,4.09,
2018-12-08T00:00:00,4.22,
2018-12-09T00:00:00,4.44,
2018-12-10T00:00:00,6.54,
2018-12-11T00:00:00,7.8,
2018-12-12T00:00:00,7.73,
2018-12-13T00:00:00,7.31,
2018-12-14T00:00:00,6.83,
2018-12-15T00:00:00,6.27,
2018-12-16T00:00:00,5.61,
2018-12-17T00:00:00,5.07,
2018-12-18T00:00:00,4.81,
2018-12-19T00:00:00,4.62,
2018-12-20T00:00:00,,
2018-12-21T00:00:00,4.23,
2018-12-22T00:00:00,4.02,
2018-12-23T00:00:00,3.93,
2018-12-24T00:00:00,3.86,
2018-12-25T00:00:00,3.8,
2018-12-26T00:00:00,3.77,
2018-12-27T00:00:00,3.73,
2018-12-28T00:00:00,3.69,
2018-12-29T00:00:00,3.63,
2018-12-30T00:00:00,3.57,
2018-12-31T00:00:00,3.53,
2019-01-01T00:00:00,3.61,
2019-01-02T00:00:00,3.84,
2019-01-03T00:00:00,3.99,
2019-01-04T00:00:00,4.02,
2019-01-05T00:00:00,4.17,
2019-01-06T00:00:00,4.18,
2019-01-07T00:00:00,4.11,
2019-01-08T00:00:00,4.09,
2019-01-09T00:00:00,4.12,
2019-01-10T00:00:00,4.07,
2019-01-11T00:00:00,4.02,
2019-01-12T00:00:00,3.98,
2019-01-13T00:00:00,3.94,
2019-01-14T00:00:00,3.91,
2019-01-15T00:00:00,3.91,
2019-01-16T00:00:00,3.88,
2019-01-17T00:00:00,3.88,
2019-01-18T00:00:00,3.84,
2019-01-19T00:00:00,3.77,
2019-01-20T00:00:00,3.75,
2019-01-21T00:00:00,3.71,
2019-01-22T00:00:00,3.62,
2019-01-23T00:00:00,3.52,
2019-01-24T00:00:00,3.5,
2019-01-25T00:00:00,3.42,
2019-01-26T00:00:00,3.39,
2019-01-27T00:00:00,3.36,
2019-01-28T00:00:00,3.27,
2019-01-29T00:00:00,3.2,
2019-01-30T00:00:00,3.14,
2019-01-31T00:00:00,3.09,
2019-02-01T00:00:00,3.07,
2019-02-02T00:00:00,3.05,
2019-02-03T00:00:00,3.06,
2019-02-04T00:00:00,3.04,
2019-02-05T00:00:00,3.07,
2019-02-06T00:00:00,3.13,
2019-02-07T00:00:00,3.14,
2019-02-08T00:00:00,3.18,
2019-02-09T00:00:00,3.29,
2019-02-10T00:00:00,3.73,
2019-02-11T00:00:00,5.1,
2019-02-12T00:00:00,6.79,
2019-02-13T00:00:00,7.36,
2019-02-14T00:00:00,7.52,
2019-02-15T00:00:00,7.54,
2019-02-16T00:00:00,7.6,
2019-02-17T00:00:00,7.68,
2019-02-18T00:00:00,7.67,
2019-02-19T00:00:00,7.64,
2019-02-20T00:00:00,8.29,
2019-02-21T00:00:00,9.43,
2019-02-22T00:00:00,9.67,
2019-02-23T00:00:00,9.56,
2019-02-24T00:00:00,9.32,
2019-02-25T00:00:00,9.09,
2019-02-26T00:00:00,9.12,
2019-02-27T00:00:00,9.1,
2019-02-28T00:00:00,9.05,
2019-03-01T00:00:00,9.02,
2019-03-02T00:00:00,8.8,
2019-03-03T00:00:00,8.6,
2019-03-04T00:00:00,8.2,
2019-03-05T00:00:00,7.89,
2019-03-06T00:00:00,7.48,
2019-03-07T00:00:00,7.13,
2019-03-08T00:00:00,6.95,
2019-03-09T00:00:00,7.45,
2019-03-10T00:00:00,8.04,
2019-03-11T00:00:00,8.16,
2019-03-12T00:00:00,8.01,
2019-03-13T00:00:00,7.82,
2019-03-14T00:00:00,7.6,
2019-03-15T00:00:00,7.4,
2019-03-16T00:00:00,7.6,
2019-03-17T00:00:00,8.45,
2019-03-18T00:00:00,10.72,
2019-03-19T00:00:00,15.5,
2019-03-20T00:00:00,18.8,
2019-03-21T00:00:00,20.34,
2019-03-22T00:00:00,21.89,
2019-03-23T00:00:00,22.28,
2019-03-24T00:00:00,21.98,
2019-03-25T00:00:00,22.07,
2019-03-26T00:00:00,21.12,
2019-03-27T00:00:00,19.27,
2019-03-28T00:00:00,18.1,
2019-03-29T00:00:00,17.39,
2019-03-30T00:00:00,20.25,
2019-03-31T00:00:00,27.18,
2019-04-01T00:00:00,32.05,
2019-04-02T00:00:00,,
2019-04-03T00:00:00,,
2019-04-04T00:00:00,,
2019-04-05T00:00:00,,
2019-04-06T00:00:00,,
2019-04-07T00:00:00,,
2019-04-08T00:00:00,,
2019-04-09T00:00:00,,
2019-04-10T00:00:00,,
2019-04-11T00:00:00,,
2019-04-12T00:00:00,31.99,
2019-04-13T00:00:00,29.76,
2019-04-14T00:00:00,26.93,
2019-04-15T00:00:00,25.52,
2019-04-16T00:00:00,26.13,
2019-04-17T00:00:00,28.13,
2019-04-18T00:00:00,30.2,
2019-04-19T00:00:00,31.96,
2019-04-20T00:00:00,,
2019-04-21T00:00:00,,
2019-04-22T00:00:00,,
2019-04-23T00:00:00,31.85,
2019-04-24T00:00:00,30.39,
2019-04-25T00:00:00,28.68,
2019-04-26T00:00:00,26.7,
2019-04-27T00:00:00,24.61,
2019-04-28T00:00:00,22.33,
2019-04-29T00:00:00,19.91,
2019-04-30T00:00:00,18.0,
2019-05-01T00:00:00,16.0,
2019-05-02T00:00:00,14.5,
2019-05-03T00:00:00,13.93,
2019-05-04T00:00:00,13.42,
2019-05-05T00:00:00,12.94,
2019-05-06T00:00:00,12.57,
2019-05-07T00:00:00,11.9,
2019-05-08T00:00:00,11.01,
2019-05-09T00:00:00,9.98,
2019-05-10T00:00:00,9.34,
2019-05-11T00:00:00,8.98,
2019-05-12T00:00:00,9.33,
2019-05-13T00:00:00,10.61,
2019-05-14T00:00:00,11.06,
2019-05-15T00:00:00,10.72,
2019-05-16T00:00:00,9.89,
2019-05-17T00:00:00,9.1,
2019-05-18T00:00:00,8.3,
2019-05-19T00:00:00,7.66,
2019-05-20T00:00:00,7.12,
2019-05-21T00:00:00,6.68,
2019-05-22T00:00:00,6.32,
2019-05-23T00:00:00,5.97,
2019-05-24T00:00:00,5.63,
2019-05-25T00:00:00,5.36,
2019-05-26T00:00:00,5.26,
2019-05-27T00:00:00,5.58,
2019-05-28T00:00:00,6.06,
2019-05-29T00:00:00,6.17,
2019-05-30T00:00:00,6.06,
2019-05-31T00:00:00,5.79,
2019-06-01T00:00:00,5.35,
2019-06-02T00:00:00,5.05,
2019-06-03T00:00:00,4.81,
2019-06-04T00:00:00,4.59,
2019-06-05T00:00:00,4.35,
2019-06-06T00:00:00,4.14,
2019-06-07T00:00:00,3.94,
2019-06-08T00:00:00,3.8,
2019-06-09T00:00:00,3.59,
2019-06-10T00:00:00,3.26,
2019-06-11T00:00:00,2.95,
2019-06-12T00:00:00,2.74,
2019-06-13T00:00:00,2.61,
2019-06-14T00:00:00,2.54,
2019-06-15T00:00:00,2.42,
2019-06-16T00:00:00,2.36,
2019-06-17T00:00:00,2.29,
2019-06-18T00:00:00,2.18,
2019-06-19T00:00:00,2.06,
2019-06-20T00:00:00,1.98,
2019-06-21T00:00:00,1.93,
2019-06-22T00:00:00,1.9,
2019-06-23T00:00:00,1.8,
2019-06-24T00:00:00,1.71,
2019-06-25T00:00:00,1.62,
2019-06-26T00:00:00,1.54,
2019-06-27T00:00:00,1.5,
2019-06-28T00:00:00,1.45,
2019-06-29T00:00:00,1.4,
2019-06-30T00:00:00,1.37,
2019-07-01T00:00:00,1.34,
2019-07-02T00:00:00,1.3,
2019-07-03T00:00:00,1.36,
2019-07-04T00:00:00,1.41,
2019-07-05T00:00:00,1.57,
2019-07-06T00:00:00,1.94,
2019-07-07T00:00:00,2.28,
2019-07-08T00:00:00,2.51,
2019-07-09T00:00:00,2.6,
2019-07-10T00:00:00,2.61,
2019-07-11T00:00:00,2.57,
2019-07-12T00:00:00,2.45,
2019-07-13T00:00:00,2.34,
2019-07-14T00:00:00,2.19,
2019-07-15T00:00:00,2.05,
2019-07-16T00:00:00,1.97,
2019-07-17T00:00:00,1.92,
2019-07-18T00:00:00,1.87,
2019-07-19T00:00:00,1.8,
2019-07-20T00:00:00,1.75,
2019-07-21T00:00:00,1.68,
2019-07-22T00:00:00,1.61,
2019-07-23T00:00:00,1.53,
2019-07-24T00:00:00,1.46,
2019-07-25T00:00:00,1.38,
2019-07-26T00:00:00,1.31,
2019-07-27T00:00:00,1.25,
2019-07-28T00:00:00,1.19,
2019-07-29T00:00:00,1.12,
2019-07-30T00:00:00,1.06,
2019-07-31T00:00:00,1.0,
2019-08-01T00:00:00,0.96,
2019-08-02T00:00:00,0.94,
2019-08-03T00:00:00,0.93,
2019-08-04T00:00:00,0.92,
2019-08-05T00:00:00,0.91,
2019-08-06T00:00:00,0.89,
2019-08-07T00:00:00,0.86,
2019-08-08T00:00:00,0.85,
2019-08-09T00:00:00,0.85,
2019-08-10T00:00:00,0.86,
2019-08-11T00:00:00,0.87,
2019-08-12T00:00:00,0.92,
2019-08-13T00:00:00,0.96,
2019-08-14T00:00:00,0.99,
2019-08-15T00:00:00,1.02,
2019-08-16T00:00:00,1.03,
2019-08-17T00:00:00,1.03,
2019-08-18T00:00:00,1.01,
2019-08-19T00:00:00,1.0,
2019-08-20T00:00:00,0.99,
2019-08-21T00:00:00,0.97,
2019-08-22T00:00:00,0.96,
2019-08-23T00:00:00,0.97,
2019-08-24T00:00:00,1.02,
2019-08-25T00:00:00,1.01,
2019-08-26T00:00:00,1.02,
2019-08-27T00:00:00,1.02,
2019-08-28T00:00:00,1.0,
2019-08-29T00:00:00,0.98,
2019-08-30T00:00:00,0.96,
2019-08-31T00:00:00,0.95,
2019-09-01T00:00:00,0.94,
2019-09-02T00:00:00,0.92,
2019-09-03T00:00:00,0.93,
2019-09-04T00:00:00,0.91,
2019-09-05T00:00:00,0.92,
2019-09-06T00:00:00,0.94,
2019-09-07T00:00:00,0.93,
2019-09-08T00:00:00,0.92,
2019-09-09T00:00:00,0.92,
2019-09-10T00:00:00,0.93,
2019-09-11T00:00:00,,
2019-09-12T00:00:00,,
2019-09-13T00:00:00,,
2019-09-14T00:00:00,,
2019-09-15T00:00:00,,
2019-09-16T00:00:00,,
2019-09-17T00:00:00,,
2019-09-18T00:00:00,,
2019-09-19T00:00:00,1.86,
2019-09-20T00:00:00,1.88,
2019-09-21T00:00:00,1.87,
2019-09-22T00:00:00,1.86,
2019-09-23T00:00:00,1.81,
2019-09-24T00:00:00,1.77,
2019-09-25T00:00:00,1.72,
2019-09-26T00:00:00,1.66,
2019-09-27T00:00:00,1.61,
2019-09-28T00:00:00,1.55,
2019-09-29T00:00:00,1.53,
2019-09-30T00:00:00,1.56,
2019-10-01T00:00:00,1.67,
2019-10-02T00:00:00,1.9,
2019-10-03T00:00:00,2.18,
2019-10-04T00:00:00,2.4,
2019-10-05T00:00:00,2.52,
2019-10-06T00:00:00,2.58,
2019-10-07T00:00:00,2.6,
2019-10-08T00:00:00,2.59,
2019-10-09T00:00:00,2.55,
2019-10-10T00:00:00,2.49,
2019-10-11T00:00:00,2.46,
2019-10-12T00:00:00,2.57,
2019-10-13T00:00:00,2.79,
2019-10-14T00:00:00,3.87,
2019-10-15T00:00:00,4.2,
2019-10-16T00:00:00,4.47,
2019-10-17T00:00:00,4.59,
2019-10-18T00:00:00,4.6,
2019-10-19T00:00:00,4.56,
2019-10-20T00:00:00,4.54,
2019-10-21T00:00:00,5.08,
2019-10-22T00:00:00,5.92,
2019-10-23T00:00:00,6.25,
2019-10-24T00:00:00,6.13,
2019-10-25T00:00:00,5.87,
2019-10-26T00:00:00,5.59,
2019-10-27T00:00:00,6.13,
2019-10-28T00:00:00,6.97,
2019-10-29T00:00:00,7.36,
2019-10-30T00:00:00,7.18,
2019-10-31T00:00:00,6.8,
2019-11-01T00:00:00,6.42,
2019-11-02T00:00:00,6.11,
2019-11-03T00:00:00,6.36,
2019-11-04T00:00:00,6.95,
2019-11-05T00:00:00,7.0,
2019-11-06T00:00:00,6.66,
2019-11-07T00:00:00,6.11,
2019-11-08T00:00:00,5.66,
2019-11-09T00:00:00,5.16,
2019-11-10T00:00:00,4.99,
2019-11-11T00:00:00,5.64,
2019-11-12T00:00:00,6.48,
2019-11-13T00:00:00,7.09,
2019-11-14T00:00:00,9.31,
2019-11-15T00:00:00,11.61,
2019-11-16T00:00:00,11.76,
2019-11-17T00:00:00,11.27,
2019-11-18T00:00:00,10.61,
2019-11-19T00:00:00,9.92,
2019-11-20T00:00:00,9.43,
2019-11-21T00:00:00,8.95,
2019-11-22T00:00:00,8.52,
2019-11-23T00:00:00,8.06,
2019-11-24T00:00:00,7.68,
2019-11-25T00:00:00,7.28,
2019-11-26T00:00:00,6.89,
2019-11-27T00:00:00,6.57,
2019-11-28T00:00:00,6.69,
2019-11-29T00:00:00,8.17,
2019-11-30T00:00:00,11.63,
2019-12-01T00:00:00,13.24,
2019-12-02T00:00:00,13.28,
2019-12-03T00:00:00,12.36,
2019-12-04T00:00:00,11.14,
2019-12-05T00:00:00,10.81,
2019-12-06T00:00:00,10.73,
2019-12-07T00:00:00,12.64,
2019-12-08T00:00:00,14.87,
2019-12-09T00:00:00,17.17,
2019-12-10T00:00:00,19.52,
2019-12-11T00:00:00,20.11,
2019-12-12T00:00:00,19.24,
2019-12-13T00:00:00,18.17,
2019-12-14T00:00:00,16.95,
2019-12-15T00:00:00,17.53,
2019-12-16T00:00:00,19.72,
2019-12-17T00:00:00,21.09,
2019-12-18T00:00:00,23.38,
2019-12-19T00:00:00,30.28,
2019-12-20T00:00:00,,
2019-12-21T00:00:00,32.35,
2019-12-22T00:00:00,30.61,
2019-12-23T00:00:00,27.67,
2019-12-24T00:00:00,24.86,
2019-12-25T00:00:00,23.15,
2019-12-26T00:00:00,22.65,
2019-12-27T00:00:00,21.36,
2019-12-28T00:00:00,19.44,
2019-12-29T00:00:00,16.72,
2019-12-30T00:00:00,16.31,
2019-12-31T00:00:00,15.52,
2020-01-01T00:00:00,14.45,
2020-01-02T00:00:00,13.92,
2020-01-03T00:00:00,13.24,
2020-01-04T00:00:00,12.58,
2020-01-05T00:00:00,11.74,
2020-01-06T00:00:00,10.39,
2020-01-07T00:00:00,10.03,
2020-01-08T00:00:00,9.97,
2020-01-09T00:00:00,11.79,
2020-01-10T00:00:00,12.18,
2020-01-11T00:00:00,10.72,
2020-01-12T00:00:00,10.65,
2020-01-13T00:00:00,10.79,
2020-01-14T00:00:00,10.28,
2020-01-15T00:00:00,10.68,
2020-01-16T00:00:00,13.83,
2020-01-17T00:00:00,14.28,
2020-01-18T00:00:00,14.11,
2020-01-19T00:00:00,13.85,
2020-01-20T00:00:00,13.55,
2020-01-21T00:00:00,13.15,
2020-01-22T00:00:00,12.48,
2020-01-23T00:00:00,10.73,
2020-01-24T00:00:00,10.24,
2020-01-25T00:00:00,9.65,
2020-01-26T00:00:00,9.25,
2020-01-27T00:00:00,8.65,
2020-01-28T00:00:00,7.98,
2020-01-29T00:00:00,7.79,
2020-01-30T00:00:00,7.74,
2020-01-31T00:00:00,7.62,
2020-02-01T00:00:00,7.43,
2020-02-02T00:00:00,7.76,
2020-02-03T00:00:00,10.62,
2020-02-04T00:00:00,10.63,
2020-02-05T00:00:00,9.43,
2020-02-06T00:00:00,9.32,
2020-02-07T00:00:00,8.73,
2020-02-08T00:00:00,8.21,
2020-02-09T00:00:00,8.01,
2020-02-10T00:00:00,9.25,
2020-02-11T00:00:00,15.28,
2020-02-12T00:00:00,19.05,
2020-02-13T00:00:00,22.37,
2020-02-14T00:00:00,24.23,
2020-02-15T00:00:00,23.05,
2020-02-16T00:00:00,22.08,
2020-02-17T00:00:00,28.51,
2020-02-18T00:00:00,,
2020-02-19T00:00:00,,
2020-02-20T00:00:00,,
2020-02-21T00:00:00,,
2020-02-22T00:00:00,,
2020-02-23T00:00:00,,
2020-02-24T00:00:00,,
2020-02-25T00:00:00,31.86,
2020-02-26T00:00:00,29.12,
2020-02-27T00:00:00,24.93,
2020-02-28T00:00:00,20.72,
2020-02-29T00:00:00,17.93,
2020-03-01T00:00:00,15.69,
2020-03-02T00:00:00,14.69,
2020-03-03T00:00:00,14.79,
2020-03-04T00:00:00,14.51,
2020-03-05T00:00:00,16.26,
2020-03-06T00:00:00,19.35,
2020-03-07T00:00:00,19.52,
2020-03-08T00:00:00,18.68,
2020-03-09T00:00:00,17.52,
2020-03-10T00:00:00,16.56,
2020-03-11T00:00:00,17.99,
2020-03-12T00:00:00,22.81,
2020-03-13T00:00:00,25.14,
2020-03-14T00:00:00,24.72,
2020-03-15T00:00:00,21.99,
2020-03-16T00:00:00,19.23,
2020-03-17T00:00:00,17.38,
2020-03-18T00:00:00,15.55,
2020-03-19T00:00:00,14.93,
2020-03-20T00:00:00,15.0,
2020-03-21T00:00:00,14.44,
2020-03-22T00:00:00,13.54,
2020-03-23T00:00:00,12.39,
2020-03-24T00:00:00,11.21,
2020-03-25T00:00:00,10.23,
2020-03-26T00:00:00,9.59,
2020-03-27T00:00:00,9.17,
2020-03-28T00:00:00,8.8,
2020-03-29T00:00:00,8.44,
2020-03-30T00:00:00,8.02,
2020-03-31T00:00:00,7.59,
2020-04-01T00:00:00,7.3,
2020-04-02T00:00:00,7.19,
2020-04-03T00:00:00,7.29,
2020-04-04T00:00:00,7.71,
2020-04-05T00:00:00,7.92,
2020-04-06T00:00:00,7.8,
2020-04-07T00:00:00,7.59,
2020-04-08T00:00:00,7.48,
2020-04-09T00:00:00,7.62,
2020-04-10T00:00:00,7.75,
2020-04-11T00:00:00,7.71,
2020-04-12T00:00:00,7.61,
2020-04-13T00:00:00,8.91,
2020-04-14T00:00:00,10.9,
2020-04-15T00:00:00,11.34,
2020-04-16T00:00:00,11.09,
2020-04-17T00:00:00,10.61,
2020-04-18T00:00:00,9.89,
2020-04-19T00:00:00,9.2,
2020-04-20T00:00:00,8.52,
2020-04-21T00:00:00,7.91,
2020-04-22T00:00:00,7.48,
2020-04-23T00:00:00,7.08,
2020-04-24T00:00:00,6.75,
2020-04-25T00:00:00,6.46,
2020-04-26T00:00:00,6.18,
2020-04-27T00:00:00,5.88,
2020-04-28T00:00:00,5.59,
2020-04-29T00:00:00,5.36,
2020-04-30T00:00:00,5.16,
2020-05-01T00:00:00,4.93,
2020-05-02T00:00:00,4.73,
2020-05-03T00:00:00,4.69,
2020-05-04T00:00:00,4.73,
2020-05-05T00:00:00,4.74,
2020-05-06T00:00:00,4.67,
2020-05-07T00:00:00,4.53,
2020-05-08T00:00:00,4.33,
2020-05-09T00:00:00,4.14,
2020-05-10T00:00:00,3.94,
2020-05-11T00:00:00,3.85,
2020-05-12T00:00:00,3.85,
2020-05-13T00:00:00,3.88,
2020-05-14T00:00:00,3.9,
2020-05-15T00:00:00,3.85,
2020-05-16T00:00:00,3.82,
2020-05-17T00:00:00,3.87,
2020-05-18T00:00:00,4.09,
2020-05-19T00:00:00,4.18,
2020-05-20T00:00:00,4.16,
2020-05-21T00:00:00,4.08,
2020-05-22T00:00:00,4.01,
2020-05-23T00:00:00,3.87,
2020-05-24T00:00:00,3.71,
2020-05-25T00:00:00,3.49,
2020-05-26T00:00:00,3.29,
2020-05-27T00:00:00,3.1,
2020-05-28T00:00:00,2.94,
2020-05-29T00:00:00,2.81,
2020-05-30T00:00:00,2.69,
2020-05-31T00:00:00,2.62,
2020-06-01T00:00:00,2.55,
2020-06-02T00:00:00,2.43,
2020-06-03T00:00:00,2.36,
2020-06-04T00:00:00,2.29,
2020-06-05T00:00:00,2.25,
2020-06-06T00:00:00,2.31,
2020-06-07T00:00:00,2.43,
2020-06-08T00:00:00,2.6,
2020-06-09T00:00:00,2.79,
2020-06-10T00:00:00,3.05,
2020-06-11T00:00:00,3.19,
2020-06-12T00:00:00,3.09,
2020-06-13T00:00:00,2.91,
2020-06-14T00:00:00,2.72,
2020-06-15T00:00:00,2.59,
2020-06-16T00:00:00,2.44,
2020-06-17T00:00:00,2.35,
2020-06-18T00:00:00,2.35,
2020-06-19T00:00:00,2.41,
2020-06-20T00:00:00,2.4,
2020-06-21T00:00:00,2.37,
2020-06-22T00:00:00,2.27,
2020-06-23T00:00:00,2.12,
2020-06-24T00:00:00,1.99,
2020-06-25T00:00:00,1.93,
2020-06-26T00:00:00,1.83,
2020-06-27T00:00:00,1.74,
2020-06-28T00:00:00,1.63,
2020-06-29T00:00:00,1.52,
2020-06-30T00:00:00,1.51,
2020-07-01T00:00:00,1.72,
2020-07-02T00:00:00,2.2,
2020-07-03T00:00:00,2.61,
2020-07-04T00:00:00,2.73,
2020-07-05T00:00:00,2.87,
2020-07-06T00:00:00,3.52,
2020-07-07T00:00:00,4.32,
2020-07-08T00:00:00,4.65,
2020-07-09T00:00:00,4.6,
2020-07-10T00:00:00,4.34,
2020-07-11T00:00:00,4.13,
2020-07-12T00:00:00,4.34,
2020-07-13T00:00:00,4.78,
2020-07-14T00:00:00,4.89,
2020-07-15T00:00:00,4.69,
2020-07-16T00:00:00,4.38,
2020-07-17T00:00:00,4.02,
2020-07-18T00:00:00,3.78,
2020-07-19T00:00:00,3.45,
2020-07-20T00:00:00,3.2,
2020-07-21T00:00:00,3.06,
2020-07-22T00:00:00,3.09,
2020-07-23T00:00:00,3.01,
2020-07-24T00:00:00,2.88,
2020-07-25T00:00:00,2.84,
2020-07-26T00:00:00,2.96,
2020-07-27T00:00:00,3.22,
2020-07-28T00:00:00,3.32,
2020-07-29T00:00:00,3.3,
2020-07-30T00:00:00,3.27,
2020-07-31T00:00:00,3.36,
2020-08-01T00:00:00,3.6,
2020-08-02T00:00:00,3.74,
2020-08-03T00:00:00,3.78,
2020-08-04T00:00:00,3.74,
2020-08-05T00:00:00,3.78,
2020-08-06T00:00:00,3.73,
2020-08-07T00:00:00,3.6,
2020-08-08T00:00:00,3.47,
2020-08-09T00:00:00,3.31,
2020-08-10T00:00:00,3.11,
2020-08-11T00:00:00,2.89,
2020-08-12T00:00:00,2.72,
2020-08-13T00:00:00,2.62,
2020-08-14T00:00:00,2.5,
2020-08-15T00:00:00,2.38,
2020-08-16T00:00:00,2.29,
2020-08-17T00:00:00,2.14,
2020-08-18T00:00:00,2.01,
2020-08-19T00:00:00,1.96,
2020-08-20T00:00:00,1.89,
2020-08-21T00:00:00,1.82,
2020-08-22T00:00:00,1.76,
2020-08-23T00:00:00,1.81,
2020-08-24T00:00:00,1.81,
2020-08-25T00:00:00,1.85,
2020-08-26T00:00:00,1.91,
2020-08-27T00:00:00,1.93,
2020-08-28T00:00:00,1.92,
2020-08-29T00:00:00,1.88,
2020-08-30T00:00:00,1.91,
2020-08-31T00:00:00,1.92,
2020-09-01T00:00:00,1.92,
2020-09-02T00:00:00,1.92,
2020-09-03T00:00:00,1.9,
2020-09-04T00:00:00,1.89,
2020-09-05T00:00:00,1.88,
2020-09-06T00:00:00,1.91,
2020-09-07T00:00:00,1.96,
2020-09-08T00:00:00,2.05,
2020-09-09T00:00:00,2.22,
2020-09-10T00:00:00,2.38,
2020-09-11T00:00:00,2.52,
2020-09-12T00:00:00,2.67,
2020-09-13T00:00:00,3.3,
2020-09-14T00:00:00,4.34,
2020-09-15T00:00:00,4.85,
2020-09-16T00:00:00,4.94,
2020-09-17T00:00:00,4.86,
2020-09-18T00:00:00,4.64,
2020-09-19T00:00:00,4.45,
2020-09-20T00:00:00,4.14,
2020-09-21T00:00:00,3.91,
2020-09-22T00:00:00,3.77,
2020-09-23T00:00:00,3.54,
2020-09-24T00:00:00,3.33,
2020-09-25T00:00:00,3.14,
2020-09-26T00:00:00,2.99,
2020-09-27T00:00:00,2.9,
2020-09-28T00:00:00,2.82,
2020-09-29T00:00:00,2.73,
2020-09-30T00:00:00,2.65,
2020-10-01T00:00:00,2.61,
2020-10-02T00:00:00,2.56,
2020-10-03T00:00:00,2.47,
2020-10-04T00:00:00,2.41,
2020-10-05T00:00:00,2.45,
2020-10-06T00:00:00,2.53,
2020-10-07T00:00:00,2.62,
2020-10-08T00:00:00,2.71,
2020-10-09T00:00:00,2.81,
2020-10-10T00:00:00,2.87,
2020-10-11T00:00:00,2.99,
2020-10-12T00:00:00,3.43,
2020-10-13T00:00:00,3.74,
2020-10-14T00:00:00,3.87,
2020-10-15T00:00:00,3.96,
2020-10-16T00:00:00,3.96,
2020-10-17T00:00:00,3.87,
2020-10-18T00:00:00,3.88,
2020-10-19T00:00:00,4.73,
2020-10-20T00:00:00,5.33,
2020-10-21T00:00:00,5.55,
2020-10-22T00:00:00,5.94,
2020-10-23T00:00:00,8.37,
2020-10-24T00:00:00,10.21,
2020-10-25T00:00:00,10.23,
2020-10-26T00:00:00,9.82,
2020-10-27T00:00:00,9.32,
2020-10-28T00:00:00,10.13,
2020-10-29T00:00:00,12.65,
2020-10-30T00:00:00,13.18,
2020-10-31T00:00:00,13.14,
2020-11-01T00:00:00,12.53,
2020-11-02T00:00:00,11.48,
2020-11-03T00:00:00,10.61,
2020-11-04T00:00:00,10.55,
2020-11-05T00:00:00,12.05,
2020-11-06T00:00:00,12.5,
2020-11-07T00:00:00,11.75,
2020-11-08T00:00:00,11.0,
2020-11-09T00:00:00,9.99,
2020-11-10T00:00:00,9.23,
2020-11-11T00:00:00,8.57,
2020-11-12T00:00:00,8.15,
2020-11-13T00:00:00,7.92,
2020-11-14T00:00:00,7.65,
2020-11-15T00:00:00,7.37,
2020-11-16T00:00:00,7.07,
2020-11-17T00:00:00,6.88,
2020-11-18T00:00:00,8.81,
2020-11-19T00:00:00,14.0,
2020-11-20T00:00:00,17.25,
2020-11-21T00:00:00,18.91,
2020-11-22T00:00:00,22.51,
2020-11-23T00:00:00,25.07,
2020-11-24T00:00:00,24.25,
2020-11-25T00:00:00,22.39,
2020-11-26T00:00:00,21.54,
2020-11-27T00:00:00,17.63,
2020-11-28T00:00:00,18.57,
2020-11-29T00:00:00,17.13,
2020-11-30T00:00:00,15.45,
2020-12-01T00:00:00,14.46,
2020-12-02T00:00:00,14.86,
2020-12-03T00:00:00,14.95,
2020-12-04T00:00:00,14.48,
2020-12-05T00:00:00,13.91,
2020-12-06T00:00:00,13.57,
2020-12-07T00:00:00,12.99,
2020-12-08T00:00:00,12.03,
2020-12-09T00:00:00,10.72,
2020-12-10T00:00:00,9.65,
2020-12-11T00:00:00,9.01,
2020-12-12T00:00:00,8.37,
2020-12-13T00:00:00,7.88,
2020-12-14T00:00:00,7.48,
2020-12-15T00:00:00,7.12,
2020-12-16T00:00:00,6.94,
2020-12-17T00:00:00,7.09,
2020-12-18T00:00:00,7.39,
2020-12-19T00:00:00,7.62,
2020-12-20T00:00:00,8.62,
2020-12-21T00:00:00,12.69,
2020-12-22T00:00:00,14.79,
2020-12-23T00:00:00,16.34,
2020-12-24T00:00:00,16.95,
2020-12-25T00:00:00,16.8,
2020-12-26T00:00:00,15.86,
2020-12-27T00:00:00,14.65,
2020-12-28T00:00:00,13.66,
2020-12-29T00:00:00,12.76,
2020-12-30T00:00:00,12.2,
2020-12-31T00:00:00,15.44,
2021-01-01T00:00:00,17.25,
2021-01-02T00:00:00,16.75,
2021-01-03T00:00:00,15.75,
2021-01-04T00:00:00,14.7,
2021-01-05T00:00:00,13.7,
2021-01-06T00:00:00,12.75,
2021-01-07T00:00:00,11.75,
2021-01-08T00:00:00,10.5,
2021-01-09T00:00:00,9.52,
2021-01-10T00:00:00,8.33,
2021-01-11T00:00:00,8.0,
2021-01-12T00:00:00,7.88,
2021-01-13T00:00:00,7.5,
2021-01-14T00:00:00,7.13,
2021-01-15T00:00:00,6.75,
2021-01-16T00:00:00,6.5,
2021-01-17T00:00:00,6.25,
2021-01-18T00:00:00,6.13,
2021-01-19T00:00:00,6.0,
2021-01-20T00:00:00,5.85,
2021-01-21T00:00:00,5.85,
2021-01-22T00:00:00,5.7,
2021-01-23T00:00:00,5.7,
2021-01-24T00:00:00,5.85,
2021-01-25T00:00:00,6.38,
2021-01-26T00:00:00,6.88,
2021-01-27T00:00:00,7.25,
2021-01-28T00:00:00,7.63,
2021-01-29T00:00:00,7.63,
2021-01-30T00:00:00,7.63,
2021-01-31T00:00:00,7.63,
2021-02-01T00:00:00,7.38,
2021-02-02T00:00:00,7.0,
2021-02-03T00:00:00,6.75,
2021-02-04T00:00:00,6.5,
2021-02-05T00:00:00,6.25,
2021-02-06T00:00:00,6.0,
2021-02-07T00:00:00,5.53,
2021-02-08T00:00:00,5.35,
2021-02-09T00:00:00,5.18,
2021-02-10T00:00:00,4.88,
2021-02-11T00:00:00,4.63,
2021-02-12T00:00:00,4.38,
2021-02-13T00:00:00,4.25,
2021-02-14T00:00:00,4.13,
2021-02-15T00:00:00,4.0,
2021-02-16T00:00:00,3.93,
2021-02-17T00:00:00,3.93,
2021-02-18T00:00:00,3.8,
2021-02-19T00:00:00,3.63,
2021-02-20T00:00:00,3.5,
2021-02-21T00:00:00,3.5,
2021-02-22T00:00:00,3.63,
2021-02-23T00:00:00,3.6,
2021-02-24T00:00:00,3.64,
2021-02-25T00:00:00,3.78,
2021-02-26T00:00:00,4.36,
2021-02-27T00:00:00,6.51,
2021-02-28T00:00:00,7.55,
2021-03-01T00:00:00,7.96,
2021-03-02T00:00:00,8.28,
2021-03-03T00:00:00,8.4,
2021-03-04T00:00:00,8.42,
2021-03-05T00:00:00,8.19,
2021-03-06T00:00:00,7.78,
2021-03-07T00:00:00,7.46,
2021-03-08T00:00:00,7.15,
2021-03-09T00:00:00,6.75,
2021-03-10T00:00:00,6.32,
2021-03-11T00:00:00,5.87,
2021-03-12T00:00:00,5.47,
2021-03-13T00:00:00,5.2,
2021-03-14T00:00:00,5.08,
2021-03-15T00:00:00,5.36,
2021-03-16T00:00:00,5.84,
2021-03-17T00:00:00,6.28,
2021-03-18T00:00:00,6.53,
2021-03-19T00:00:00,6.56,
2021-03-20T00:00:00,6.42,
2021-03-21T00:00:00,6.35,
2021-03-22T00:00:00,6.25,
2021-03-23T00:00:00,6.07,
2021-03-24T00:00:00,5.92,
2021-03-25T00:00:00,6.76,
2021-03-26T00:00:00,9.08,
2021-03-27T00:00:00,10.74,
2021-03-28T00:00:00,13.43,
2021-03-29T00:00:00,15.41,
2021-03-30T00:00:00,23.71,
2021-03-31T00:00:00,32.2,
2021-04-01T00:00:00,,
2021-04-02T00:00:00,,
2021-04-03T00:00:00,,
2021-04-04T00:00:00,,
2021-04-05T00:00:00,,
2021-04-06T00:00:00,,
2021-04-07T00:00:00,31.9,
2021-04-08T00:00:00,30.01,
2021-04-09T00:00:00,27.52,
2021-04-10T00:00:00,27.78,
2021-04-11T00:00:00,27.57,
2021-04-12T00:00:00,26.78,
2021-04-13T00:00:00,26.2,
2021-04-14T00:00:00,25.46,
2021-04-15T00:00:00,24.2,
2021-04-16T00:00:00,22.32,
2021-04-17T00:00:00,20.11,
2021-04-18T00:00:00,18.47,
2021-04-19T00:00:00,16.99,
2021-04-20T00:00:00,15.46,
2021-04-21T00:00:00,14.36,
2021-04-22T00:00:00,13.53,
2021-04-23T00:00:00,12.79,
2021-04-24T00:00:00,12.33,
2021-04-25T00:00:00,11.82,
2021-04-26T00:00:00,11.27,
2021-04-27T00:00:00,10.8,
2021-04-28T00:00:00,10.35,
2021-04-29T00:00:00,9.97,
2021-04-30T00:00:00,9.62,
2021-05-01T00:00:00,9.1,
2021-05-02T00:00:00,8.54,
2021-05-03T00:00:00,8.01,
2021-05-04T00:00:00,7.63,
2021-05-05T00:00:00,7.27,
2021-05-06T00:00:00,7.13,
2021-05-07T00:00:00,7.18,
2021-05-08T00:00:00,7.13,
2021-05-09T00:00:00,6.94,
2021-05-10T00:00:00,6.74,
2021-05-11T00:00:00,6.69,
2021-05-12T00:00:00,6.55,
2021-05-13T00:00:00,6.28,
2021-05-14T00:00:00,5.98,
2021-05-15T00:00:00,5.63,
2021-05-16T00:00:00,5.29,
2021-05-17T00:00:00,5.05,
2021-05-18T00:00:00,5.48,
2021-05-19T00:00:00,6.37,
2021-05-20T00:00:00,7.19,
2021-05-21T00:00:00,9.97,
2021-05-22T00:00:00,14.23,
2021-05-23T00:00:00,15.04,
2021-05-24T00:00:00,15.89,
2021-05-25T00:00:00,15.34,
2021-05-26T00:00:00,14.45,
2021-05-27T00:00:00,15.65,
2021-05-28T00:00:00,17.89,
2021-05-29T00:00:00,18.53,
2021-05-30T00:00:00,17.87,
2021-05-31T00:00:00,16.21,
2021-06-01T00:00:00,14.48,
2021-06-02T00:00:00,13.15,
2021-06-03T00:00:00,11.41,
2021-06-04T00:00:00,9.73,
2021-06-05T00:00:00,8.52,
2021-06-06T00:00:00,7.58,
2021-06-07T00:00:00,6.9,
2021-06-08T00:00:00,6.77,
2021-06-09T00:00:00,6.64,
2021-06-10T00:00:00,6.18,
2021-06-11T00:00:00,5.53,
2021-06-12T00:00:00,4.86,
2021-06-13T00:00:00,4.49,
2021-06-14T00:00:00,4.28,
2021-06-15T00:00:00,4.12,
2021-06-16T00:00:00,3.89,
2021-06-17T00:00:00,3.71,
2021-06-18T00:00:00,3.42,
2021-06-19T00:00:00,3.08,
2021-06-20T00:00:00,2.83,
2021-06-21T00:00:00,2.65,
2021-06-22T00:00:00,2.54,
2021-06-23T00:00:00,2.41,
2021-06-24T00:00:00,2.38,
2021-06-25T00:00:00,2.42,
2021-06-26T00:00:00,2.41,
2021-06-27T00:00:00,2.37,
2021-06-28T00:00:00,2.29,
2021-06-29T00:00:00,2.17,
2021-06-30T00:00:00,2.06,
2021-07-01T00:00:00,1.98,
2021-07-02T00:00:00,1.93,
2021-07-03T00:00:00,1.86,
2021-07-04T00:00:00,1.77,
2021-07-05T00:00:00,1.68,
2021-07-06T00:00:00,1.58,
2021-07-07T00:00:00,1.49,
2021-07-08T00:00:00,1.42,
2021-07-09T00:00:00,1.35,
2021-07-10T00:00:00,1.27,
2021-07-11T00:00:00,1.22,
2021-07-12T00:00:00,1.17,
2021-07-13T00:00:00,1.11,
2021-07-14T00:00:00,1.06,
2021-07-15T00:00:00,1.02,
2021-07-16T00:00:00,0.98,
2021-07-17T00:00:00,0.94,
2021-07-18T00:00:00,0.91,
2021-07-19T00:00:00,0.9,
2021-07-20T00:00:00,0.86,
2021-07-21T00:00:00,0.85,
2021-07-22T00:00:00,0.85,
2021-07-23T00:00:00,0.84,
2021-07-24T00:00:00,0.81,
2021-07-25T00:00:00,0.8,
2021-07-26T00:00:00,1.01,
2021-07-27T00:00:00,0.78,
2021-07-28T00:00:00,0.79,
2021-07-29T00:00:00,0.82,
2021-07-30T00:00:00,0.83,
2021-07-31T00:00:00,0.87,
2021-08-01T00:00:00,0.89,
2021-08-02T00:00:00,0.9,
2021-08-03T00:00:00,0.93,
2021-08-04T00:00:00,0.93,
2021-08-05T00:00:00,0.93,
2021-08-06T00:00:00,0.91,
2021-08-07T00:00:00,0.9,
2021-08-08T00:00:00,0.92,
2021-08-09T00:00:00,0.94,
2021-08-10T00:00:00,0.98,
2021-08-11T00:00:00,1.0,
2021-08-12T00:00:00,1.0,
2021-08-13T00:00:00,0.99,
2021-08-14T00:00:00,0.99,
2021-08-15T00:00:00,1.03,
2021-08-16T00:00:00,1.06,
2021-08-17T00:00:00,1.12,
2021-08-18T00:00:00,1.44,
2021-08-19T00:00:00,1.81,
2021-08-20T00:00:00,2.13,
2021-08-21T00:00:00,2.46,
2021-08-22T00:00:00,2.72,
2021-08-23T00:00:00,2.97,
2021-08-24T00:00:00,3.03,
2021-08-25T00:00:00,2.95,
2021-08-26T00:00:00,3.76,
2021-08-27T00:00:00,5.64,
2021-08-28T00:00:00,5.93,
2021-08-29T00:00:00,5.62,
2021-08-30T00:00:00,5.08,
2021-08-31T00:00:00,4.56,
2021-09-01T00:00:00,4.09,
2021-09-02T00:00:00,3.79,
2021-09-03T00:00:00,3.54,
2021-09-04T00:00:00,3.22,
2021-09-05T00:00:00,2.95,
2021-09-06T00:00:00,2.74,
2021-09-07T00:00:00,2.6,
2021-09-08T00:00:00,2.47,
2021-09-09T00:00:00,2.38,
2021-09-10T00:00:00,2.37,
2021-09-11T00:00:00,2.56,
2021-09-12T00:00:00,2.81,
2021-09-13T00:00:00,3.02,
2021-09-14T00:00:00,3.12,
2021-09-15T00:00:00,3.19,
2021-09-16T00:00:00,3.18,
2021-09-17T00:00:00,3.06,
2021-09-18T00:00:00,2.91,
2021-09-19T00:00:00,2.77,
2021-09-20T00:00:00,2.65,
2021-09-21T00:00:00,2.59,
2021-09-22T00:00:00,2.49,
2021-09-23T00:00:00,2.38,
2021-09-24T00:00:00,2.33,
2021-09-25T00:00:00,2.31,
2021-09-26T00:00:00,2.3,
2021-09-27T00:00:00,2.3,
2021-09-28T00:00:00,2.28,
2021-09-29T00:00:00,2.24,
2021-09-30T00:00:00,2.19,
2021-10-01T00:00:00,2.14,
2021-10-02T00:00:00,2.09,
2021-10-03T00:00:00,2.04,
2021-10-04T00:00:00,2.0,
2021-10-05T00:00:00,1.98,
2021-10-06T00:00:00,1.97,
2021-10-07T00:00:00,1.96,
2021-10-08T00:00:00,1.93,
2021-10-09T00:00:00,1.9,
2021-10-10T00:00:00,1.9,
2021-10-11T00:00:00,1.9,
2021-10-12T00:00:00,1.89,
2021-10-13T00:00:00,1.93,
2021-10-14T00:00:00,2.09,
2021-10-15T00:00:00,2.35,
2021-10-16T00:00:00,2.65,
2021-10-17T00:00:00,3.15,
2021-10-18T00:00:00,3.57,
2021-10-19T00:00:00,3.75,
2021-10-20T00:00:00,3.79,
2021-10-21T00:00:00,5.53,
2021-10-22T00:00:00,10.04,
2021-10-23T00:00:00,15.52,
2021-10-24T00:00:00,16.82,
2021-10-25T00:00:00,16.66,
2021-10-26T00:00:00,15.97,
2021-10-27T00:00:00,15.05,
2021-10-28T00:00:00,15.54,
2021-10-29T00:00:00,15.88,
2021-10-30T00:00:00,15.48,
2021-10-31T00:00:00,14.68,
2021-11-01T00:00:00,13.86,
2021-11-02T00:00:00,12.91,
2021-11-03T00:00:00,11.59,
2021-11-04T00:00:00,10.52,
2021-11-05T00:00:00,10.0,
2021-11-06T00:00:00,11.26,
2021-11-07T00:00:00,11.71,
2021-11-08T00:00:00,11.63,
2021-11-09T00:00:00,10.95,
2021-11-10T00:00:00,10.03,
2021-11-11T00:00:00,9.67,
2021-11-12T00:00:00,9.52,
2021-11-13T00:00:00,9.3,
2021-11-14T00:00:00,9.0,
2021-11-15T00:00:00,8.55,
2021-11-16T00:00:00,8.04,
2021-11-17T00:00:00,7.68,
2021-11-18T00:00:00,7.64,
2021-11-19T00:00:00,8.34,
2021-11-20T00:00:00,9.0,
2021-11-21T00:00:00,9.63,
2021-11-22T00:00:00,9.35,
2021-11-23T00:00:00,8.58,
2021-11-24T00:00:00,8.01,
2021-11-25T00:00:00,7.75,
2021-11-26T00:00:00,7.84,
2021-11-27T00:00:00,7.8,
2021-11-28T00:00:00,7.31,
2021-11-29T00:00:00,6.88,
2021-11-30T00:00:00,6.55,
2021-12-01T00:00:00,6.24,
2021-12-02T00:00:00,5.91,
2021-12-03T00:00:00,5.5,
2021-12-04T00:00:00,5.23,
2021-12-05T00:00:00,4.93,
2021-12-06T00:00:00,4.64,
2021-12-07T00:00:00,4.39,
2021-12-08T00:00:00,4.17,
2021-12-09T00:00:00,3.94,
2021-12-10T00:00:00,3.82,
2021-12-11T00:00:00,3.7,
2021-12-12T00:00:00,3.66,
2021-12-13T00:00:00,3.71,
2021-12-14T00:00:00,3.74,
2021-12-15T00:00:00,3.89,
2021-12-16T00:00:00,4.88,
2021-12-17T00:00:00,6.17,
2021-12-18T00:00:00,6.35,
2021-12-19T00:00:00,6.58,
2021-12-20T00:00:00,6.56,
2021-12-21T00:00:00,6.12,
2021-12-22T00:00:00,5.58,
2021-12-23T00:00:00,4.95,
2021-12-24T00:00:00,4.73,
2021-12-25T00:00:00,4.47,
2021-12-26T00:00:00,4.2,
2021-12-27T00:00:00,3.95,
2021-12-28T00:00:00,3.79,
2021-12-29T00:00:00,3.63,
2021-12-30T00:00:00,3.45,
2021-12-31T00:00:00,3.27,
2022-01-01T00:00:00,3.3,
2022-01-02T00:00:00,3.26,
2022-01-03T00:00:00,3.25,
2022-01-04T00:00:00,3.24,
2022-01-05T00:00:00,3.18,
2022-01-06T00:00:00,3.32,
2022-01-07T00:00:00,3.37,
2022-01-08T00:00:00,3.32,
2022-01-09T00:00:00,3.29,
2022-01-10T00:00:00,3.26,
2022-01-11T00:00:00,3.14,
2022-01-12T00:00:00,2.98,
2022-01-13T00:00:00,2.91,
2022-01-14T00:00:00,3.16,
2022-01-15T00:00:00,3.32,
2022-01-16T00:00:00,3.29,
2022-01-17T00:00:00,3.24,
2022-01-18T00:00:00,3.25,
2022-01-19T00:00:00,3.1,
2022-01-20T00:00:00,3.16,
2022-01-21T00:00:00,3.44,
2022-01-22T00:00:00,3.6,
2022-01-23T00:00:00,3.64,
2022-01-24T00:00:00,3.55,
2022-01-25T00:00:00,3.75,
2022-01-26T00:00:00,3.85,
2022-01-27T00:00:00,3.85,
2022-01-28T00:00:00,3.87,
2022-01-29T00:00:00,3.9,
2022-01-30T00:00:00,3.89,
2022-01-31T00:00:00,3.93,
2022-02-01T00:00:00,4.03,
2022-02-02T00:00:00,4.05,
2022-02-03T00:00:00,4.04,
2022-02-04T00:00:00,3.97,
2022-02-05T00:00:00,3.99,
2022-02-06T00:00:00,3.91,
2022-02-07T00:00:00,3.92,
2022-02-08T00:00:00,3.97,
2022-02-09T00:00:00,3.95,
2022-02-10T00:00:00,3.94,
2022-02-11T00:00:00,3.96,
2022-02-12T00:00:00,3.92,
2022-02-13T00:00:00,3.83,
2022-02-14T00:00:00,3.82,
2022-02-15T00:00:00,3.94,
2022-02-16T00:00:00,4.42,
2022-02-17T00:00:00,5.54,
2022-02-18T00:00:00,6.71,
2022-02-19T00:00:00,7.52,
2022-02-20T00:00:00,8.14,
2022-02-21T00:00:00,8.55,
2022-02-22T00:00:00,8.65,
2022-02-23T00:00:00,8.88,
2022-02-24T00:00:00,8.63,
2022-02-25T00:00:00,8.58,
2022-02-26T00:00:00,8.74,
2022-02-27T00:00:00,8.66,
2022-02-28T00:00:00,8.51,
2022-03-01T00:00:00,8.39,
2022-03-02T00:00:00,8.16,
2022-03-03T00:00:00,7.98,
2022-03-04T00:00:00,7.81,
2022-03-05T00:00:00,7.56,
2022-03-06T00:00:00,7.42,
2022-03-07T00:00:00,7.23,
2022-03-08T00:00:00,7.01,
2022-03-09T00:00:00,6.83,
2022-03-10T00:00:00,6.58,
2022-03-11T00:00:00,6.39,
2022-03-12T00:00:00,6.21,
2022-03-13T00:00:00,6.07,
2022-03-14T00:00:00,5.92,
2022-03-15T00:00:00,5.76,
2022-03-16T00:00:00,5.61,
2022-03-17T00:00:00,5.45,
2022-03-18T00:00:00,5.31,
2022-03-19T00:00:00,5.2,
2022-03-20T00:00:00,5.3,
2022-03-21T00:00:00,5.59,
2022-03-22T00:00:00,6.04,
2022-03-23T00:00:00,6.52,
2022-03-24T00:00:00,6.96,
2022-03-25T00:00:00,7.61,
2022-03-26T00:00:00,9.34,
2022-03-27T00:00:00,10.7,
2022-03-28T00:00:00,11.7,
2022-03-29T00:00:00,12.48,
2022-03-30T00:00:00,12.71,
2022-03-31T00:00:00,12.43,
2022-04-01T00:00:00,11.74,
2022-04-02T00:00:00,10.93,
2022-04-03T00:00:00,10.15,
2022-04-04T00:00:00,9.64,
2022-04-05T00:00:00,9.4,
2022-04-06T00:00:00,9.66,
2022-04-07T00:00:00,9.74,
2022-04-08T00:00:00,9.77,
2022-04-09T00:00:00,13.68,
2022-04-10T00:00:00,17.3,
2022-04-11T00:00:00,19.87,
2022-04-12T00:00:00,24.35,
2022-04-13T00:00:00,28.73,
2022-04-14T00:00:00,31.84,
2022-04-15T00:00:00,,
2022-04-16T00:00:00,,
2022-04-17T00:00:00,,
2022-04-18T00:00:00,,
2022-04-19T00:00:00,,
2022-04-20T00:00:00,,
2022-04-21T00:00:00,,
2022-04-22T00:00:00,,
2022-04-23T00:00:00,,
2022-04-24T00:00:00,,
2022-04-25T00:00:00,,
2022-04-26T00:00:00,,
2022-04-27T00:00:00,,
2022-04-28T00:00:00,,
2022-04-29T00:00:00,,
2022-04-30T00:00:00,,
2022-05-01T00:00:00,,
2022-05-02T00:00:00,31.36,
2022-05-03T00:00:00,29.29,
2022-05-04T00:00:00,27.37,
2022-05-05T00:00:00,25.37,
2022-05-06T00:00:00,23.21,
2022-05-07T00:00:00,21.37,
2022-05-08T00:00:00,20.35,
2022-05-09T00:00:00,19.27,
2022-05-10T00:00:00,18.57,
2022-05-11T00:00:00,17.36,
2022-05-12T00:00:00,16.05,
2022-05-13T00:00:00,15.37,
2022-05-14T00:00:00,14.66,
2022-05-15T00:00:00,13.85,
2022-05-16T00:00:00,12.93,
2022-05-17T00:00:00,11.68,
2022-05-18T00:00:00,10.4,
2022-05-19T00:00:00,9.43,
2022-05-20T00:00:00,8.67,
2022-05-21T00:00:00,7.98,
2022-05-22T00:00:00,7.48,
2022-05-23T00:00:00,7.01,
2022-05-24T00:00:00,6.58,
2022-05-25T00:00:00,6.18,
2022-05-26T00:00:00,5.83,
2022-05-27T00:00:00,5.87,
2022-05-28T00:00:00,6.33,
2022-05-29T00:00:00,6.41,
2022-05-30T00:00:00,6.18,
2022-05-31T00:00:00,5.89,
2022-06-01T00:00:00,5.78,
2022-06-02T00:00:00,5.68,
2022-06-03T00:00:00,5.77,
2022-06-04T00:00:00,5.78,
2022-06-05T00:00:00,5.64,
2022-06-06T00:00:00,5.54,
2022-06-07T00:00:00,5.28,
2022-06-08T00:00:00,4.94,
2022-06-09T00:00:00,4.62,
2022-06-10T00:00:00,4.35,
2022-06-11T00:00:00,4.13,
2022-06-12T00:00:00,3.93,
2022-06-13T00:00:00,3.77,
2022-06-14T00:00:00,3.52,
2022-06-15T00:00:00,3.3,
2022-06-16T00:00:00,3.13,
2022-06-17T00:00:00,2.96,
2022-06-18T00:00:00,2.82,
2022-06-19T00:00:00,2.8,
2022-06-20T00:00:00,2.81,
2022-06-21T00:00:00,2.82,
2022-06-22T00:00:00,2.75,
2022-06-23T00:00:00,2.65,
2022-06-24T00:00:00,2.57,
2022-06-25T00:00:00,2.44,
2022-06-26T00:00:00,2.35,
2022-06-27T00:00:00,2.24,
2022-06-28T00:00:00,2.09,
2022-06-29T00:00:00,2.03,
2022-06-30T00:00:00,1.97,
2022-07-01T00:00:00,1.9,
2022-07-02T00:00:00,1.81,
2022-07-03T00:00:00,1.72,
2022-07-04T00:00:00,1.62,
2022-07-05T00:00:00,1.53,
2022-07-06T00:00:00,1.44,
2022-07-07T00:00:00,1.37,
2022-07-08T00:00:00,1.32,
2022-07-09T00:00:00,1.32,
2022-07-10T00:00:00,1.4,
2022-07-11T00:00:00,1.48,
2022-07-12T00:00:00,1.55,
2022-07-13T00:00:00,1.59,
2022-07-14T00:00:00,1.6,
2022-07-15T00:00:00,1.57,
2022-07-16T00:00:00,1.54,
2022-07-17T00:00:00,1.55,
2022-07-18T00:00:00,1.62,
2022-07-19T00:00:00,1.71,
2022-07-20T00:00:00,1.77,
2022-07-21T00:00:00,1.75,
2022-07-22T00:00:00,1.71,
2022-07-23T00:00:00,1.66,
2022-07-24T00:00:00,1.61,
2022-07-25T00:00:00,1.59,
2022-07-26T00:00:00,1.53,
2022-07-27T00:00:00,1.5,
2022-07-28T00:00:00,1.46,
2022-07-29T00:00:00,1.43,
2022-07-30T00:00:00,1.37,
2022-07-31T00:00:00,1.32,
2022-08-01T00:00:00,1.29,
2022-08-02T00:00:00,1.26,
2022-08-03T00:00:00,1.21,
2022-08-04T00:00:00,1.17,
2022-08-05T00:00:00,1.13,
2022-08-06T00:00:00,1.11,
2022-08-07T00:00:00,1.1,
2022-08-08T00:00:00,1.07,
2022-08-09T00:00:00,1.03,
2022-08-10T00:00:00,0.99,
2022-08-11T00:00:00,0.96,
2022-08-12T00:00:00,0.94,
2022-08-13T00:00:00,0.92,
2022-08-14T00:00:00,0.9,
2022-08-15T00:00:00,0.87,
2022-08-16T00:00:00,0.84,
2022-08-17T00:00:00,0.82,
2022-08-18T00:00:00,0.8,
2022-08-19T00:00:00,0.79,
2022-08-20T00:00:00,0.77,
2022-08-21T00:00:00,0.76,
2022-08-22T00:00:00,0.75,
2022-08-23T00:00:00,0.75,
2022-08-24T00:00:00,0.74,
2022-08-25T00:00:00,0.74,
2022-08-26T00:00:00,0.74,
2022-08-27T00:00:00,0.74,
2022-08-28T00:00:00,0.74,
2022-08-29T00:00:00,0.75,
2022-08-30T00:00:00,0.75,
2022-08-31T00:00:00,0.75,
2022-09-01T00:00:00,0.75,
2022-09-02T00:00:00,0.74,
2022-09-03T00:00:00,0.74,
2022-09-04T00:00:00,0.74,
2022-09-05T00:00:00,0.74,
2022-09-06T00:00:00,0.73,
2022-09-07T00:00:00,0.73,
2022-09-08T00:00:00,0.72,
2022-09-09T00:00:00,0.72,
2022-09-10T00:00:00,0.72,
2022-09-11T00:00:00,0.72,
2022-09-12T00:00:00,0.72,
2022-09-13T00:00:00,0.72,
2022-09-14T00:00:00,0.73,
2022-09-15T00:00:00,0.76,
2022-09-16T00:00:00,0.8,
2022-09-17T00:00:00,0.88,
2022-09-18T00:00:00,0.95,
2022-09-19T00:00:00,1.04,
2022-09-20T00:00:00,1.11,
2022-09-21T00:00:00,1.13,
2022-09-22T00:00:00,1.15,
2022-09-23T00:00:00,1.16,
2022-09-24T00:00:00,1.15,
2022-09-25T00:00:00,1.14,
2022-09-26T00:00:00,1.12,
2022-09-27T00:00:00,1.11,
2022-09-28T00:00:00,1.1,
2022-09-29T00:00:00,1.11,
2022-09-30T00:00:00,1.16,
2022-10-01T00:00:00,1.22,
2022-10-02T00:00:00,1.26,
2022-10-03T00:00:00,1.29,
2022-10-04T00:00:00,1.34,
2022-10-05T00:00:00,1.35,
2022-10-06T00:00:00,1.38,
2022-10-07T00:00:00,1.51,
2022-10-08T00:00:00,1.56,
2022-10-09T00:00:00,1.6,
2022-10-10T00:00:00,1.61,
2022-10-11T00:00:00,1.62,
2022-10-12T00:00:00,1.65,
2022-10-13T00:00:00,1.65,
2022-10-14T00:00:00,1.64,
2022-10-15T00:00:00,1.62,
2022-10-16T00:00:00,1.63,
2022-10-17T00:00:00,1.77,
2022-10-18T00:00:00,1.88,
2022-10-19T00:00:00,2.06,
2022-10-20T00:00:00,2.24,
2022-10-21T00:00:00,2.36,
2022-10-22T00:00:00,2.39,
2022-10-23T00:00:00,2.4,
2022-10-24T00:00:00,2.39,
2022-10-25T00:00:00,2.36,
2022-10-26T00:00:00,2.29,
2022-10-27T00:00:00,2.27,
2022-10-28T00:00:00,2.24,
2022-10-29T00:00:00,2.27,
2022-10-30T00:00:00,2.37,
2022-10-31T00:00:00,2.36,
2022-11-01T00:00:00,2.34,
2022-11-02T00:00:00,2.35,
2022-11-03T00:00:00,2.34,
2022-11-04T00:00:00,2.06,
2022-11-05T00:00:00,2.0,
2022-11-06T00:00:00,1.98,
2022-11-07T00:00:00,1.98,
2022-11-08T00:00:00,2.13,
2022-11-09T00:00:00,2.59,
2022-11-10T00:00:00,3.33,
2022-11-11T00:00:00,3.82,
2022-11-12T00:00:00,3.97,
2022-11-13T00:00:00,4.05,
2022-11-14T00:00:00,3.96,
2022-11-15T00:00:00,3.9,
2022-11-16T00:00:00,4.52,
2022-11-17T00:00:00,4.79,
2022-11-18T00:00:00,4.71,
2022-11-19T00:00:00,4.49,
2022-11-20T00:00:00,4.19,
2022-11-21T00:00:00,3.96,
2022-11-22T00:00:00,3.78,
2022-11-23T00:00:00,3.55,
2022-11-24T00:00:00,3.28,
2022-11-25T00:00:00,3.05,
2022-11-26T00:00:00,2.87,
2022-11-27T00:00:00,2.72,
2022-11-28T00:00:00,2.61,
2022-11-29T00:00:00,2.51,
2022-11-30T00:00:00,2.43,
2022-12-01T00:00:00,2.4,
2022-12-02T00:00:00,2.4,
2022-12-03T00:00:00,2.38,
2022-12-04T00:00:00,2.35,
2022-12-05T00:00:00,2.35,
2022-12-06T00:00:00,2.27,
2022-12-07T00:00:00,2.26,
2022-12-08T00:00:00,2.31,
2022-12-09T00:00:00,2.35,
2022-12-10T00:00:00,2.36,
2022-12-11T00:00:00,2.36,
2022-12-12T00:00:00,2.37,
2022-12-13T00:00:00,2.36,
2022-12-14T00:00:00,2.36,
2022-12-15T00:00:00,2.37,
2022-12-16T00:00:00,2.38,
2022-12-17T00:00:00,2.37,
2022-12-18T00:00:00,2.32,
2022-12-19T00:00:00,2.31,
2022-12-20T00:00:00,2.31,
2022-12-21T00:00:00,2.31,
2022-12-22T00:00:00,2.44,
2022-12-23T00:00:00,3.16,
2022-12-24T00:00:00,4.42,
2022-12-25T00:00:00,5.35,
2022-12-26T00:00:00,5.17,
2022-12-27T00:00:00,4.79,
2022-12-28T00:00:00,4.48,
2022-12-29T00:00:00,4.24,
2022-12-30T00:00:00,4.09,
2022-12-31T00:00:00,4.16,
2023-01-01T00:00:00,5.8,
2023-01-02T00:00:00,7.29,
2023-01-03T00:00:00,7.19,
2023-01-04T00:00:00,7.0,
2023-01-05T00:00:00,6.58,
2023-01-06T00:00:00,5.99,
2023-01-07T00:00:00,5.49,
2023-01-08T00:00:00,4.93,
2023-01-09T00:00:00,4.45,
2023-01-10T00:00:00,4.09,
2023-01-11T00:00:00,3.89,
2023-01-12T00:00:00,3.88,
2023-01-13T00:00:00,3.95,
2023-01-14T00:00:00,4.36,
2023-01-15T00:00:00,7.89,
2023-01-16T00:00:00,15.09,
2023-01-17T00:00:00,21.25,
2023-01-18T00:00:00,22.73,
2023-01-19T00:00:00,22.47,
2023-01-20T00:00:00,21.34,
2023-01-21T00:00:00,19.51,
2023-01-22T00:00:00,17.45,
2023-01-23T00:00:00,15.57,
2023-01-24T00:00:00,14.04,
2023-01-25T00:00:00,13.01,
2023-01-26T00:00:00,12.94,
2023-01-27T00:00:00,14.98,
2023-01-28T00:00:00,15.39,
2023-01-29T00:00:00,14.87,
2023-01-30T00:00:00,14.53,
2023-01-31T00:00:00,14.91,
2023-02-01T00:00:00,14.66,
2023-02-02T00:00:00,14.17,
2023-02-03T00:00:00,13.36,
2023-02-04T00:00:00,12.5,
2023-02-05T00:00:00,10.7,
2023-02-06T00:00:00,9.7,
2023-02-07T00:00:00,9.24,
2023-02-08T00:00:00,8.62,
2023-02-09T00:00:00,8.33,
2023-02-10T00:00:00,8.05,
2023-02-11T00:00:00,7.96,
2023-02-12T00:00:00,7.62,
2023-02-13T00:00:00,7.42,
2023-02-14T00:00:00,7.37,
2023-02-15T00:00:00,7.04,
2023-02-16T00:00:00,6.76,
2023-02-17T00:00:00,6.63,
2023-02-18T00:00:00,6.61,
2023-02-19T00:00:00,6.61,
2023-02-20T00:00:00,6.59,
2023-02-21T00:00:00,6.49,
2023-02-22T00:00:00,6.25,
2023-02-23T00:00:00,5.86,
2023-02-24T00:00:00,5.66,
2023-02-25T00:00:00,5.67,
2023-02-26T00:00:00,5.69,
2023-02-27T00:00:00,5.45,
2023-02-28T00:00:00,5.17,
2023-03-01T00:00:00,5.18,
2023-03-02T00:00:00,5.02,
2023-03-03T00:00:00,4.98,
2023-03-04T00:00:00,4.97,
2023-03-05T00:00:00,4.95,
2023-03-06T00:00:00,4.91,
2023-03-07T00:00:00,4.83,
2023-03-08T00:00:00,4.73,
2023-03-09T00:00:00,4.66,
2023-03-10T00:00:00,4.53,
2023-03-11T00:00:00,4.42,
2023-03-12T00:00:00,4.38,
2023-03-13T00:00:00,4.32,
2023-03-14T00:00:00,4.25,
2023-03-15T00:00:00,6.63,
2023-03-16T00:00:00,9.3,
2023-03-17T00:00:00,9.67,
2023-03-18T00:00:00,9.66,
2023-03-19T00:00:00,9.82,
2023-03-20T00:00:00,10.46,
2023-03-21T00:00:00,12.74,
2023-03-22T00:00:00,14.1,
2023-03-23T00:00:00,16.31,
2023-03-24T00:00:00,24.11,
2023-03-25T00:00:00,28.91,
2023-03-26T00:00:00,,
2023-03-27T00:00:00,,
2023-03-28T00:00:00,31.66,
2023-03-29T00:00:00,28.73,
2023-03-30T00:00:00,24.29,
2023-03-31T00:00:00,21.32,
2023-04-01T00:00:00,18.73,
2023-04-02T00:00:00,17.01,
2023-04-03T00:00:00,15.24,
2023-04-04T00:00:00,14.06,
2023-04-05T00:00:00,13.28,
2023-04-06T00:00:00,12.7,
2023-04-07T00:00:00,13.4,
2023-04-08T00:00:00,15.11,
2023-04-09T00:00:00,17.82,
2023-04-10T00:00:00,21.21,
2023-04-11T00:00:00,24.91,
2023-04-12T00:00:00,27.64,
2023-04-13T00:00:00,30.52,
2023-04-14T00:00:00,31.91,
2023-04-15T00:00:00,31.61,
2023-04-16T00:00:00,30.21,
2023-04-17T00:00:00,28.48,
2023-04-18T00:00:00,27.0,
2023-04-19T00:00:00,26.01,
2023-04-20T00:00:00,25.39,
2023-04-21T00:00:00,25.15,
2023-04-22T00:00:00,25.04,
2023-04-23T00:00:00,24.63,
2023-04-24T00:00:00,23.73,
2023-04-25T00:00:00,22.57,
2023-04-26T00:00:00,21.31,
2023-04-27T00:00:00,19.82,
2023-04-28T00:00:00,19.26,
2023-04-29T00:00:00,18.57,
2023-04-30T00:00:00,17.95,
2023-05-01T00:00:00,17.44,
2023-05-02T00:00:00,16.47,
2023-05-03T00:00:00,15.72,
2023-05-04T00:00:00,15.06,
2023-05-05T00:00:00,14.43,
2023-05-06T00:00:00,13.72,
2023-05-07T00:00:00,12.84,
2023-05-08T00:00:00,11.62,
2023-05-09T00:00:00,10.35,
2023-05-10T00:00:00,9.43,
2023-05-11T00:00:00,8.67,
2023-05-12T00:00:00,7.99,
2023-05-13T00:00:00,7.48,
2023-05-14T00:00:00,7.06,
2023-05-15T00:00:00,6.67,
2023-05-16T00:00:00,6.38,
2023-05-17T00:00:00,6.42,
2023-05-18T00:00:00,6.77,
2023-05-19T00:00:00,6.75,
2023-05-20T00:00:00,6.53,
2023-05-21T00:00:00,6.17,
2023-05-22T00:00:00,5.78,
2023-05-23T00:00:00,5.42,
2023-05-24T00:00:00,5.08,
2023-05-25T00:00:00,4.83,
2023-05-26T00:00:00,4.64,
2023-05-27T00:00:00,4.51,
2023-05-28T00:00:00,4.31,
2023-05-29T00:00:00,4.07,
2023-05-30T00:00:00,3.88,
2023-05-31T00:00:00,3.79,
2023-06-01T00:00:00,3.69,
2023-06-02T00:00:00,3.52,
2023-06-03T00:00:00,3.33,
2023-06-04T00:00:00,3.18,
2023-06-05T00:00:00,3.03,
2023-06-06T00:00:00,2.91,
2023-06-07T00:00:00,2.79,
2023-06-08T00:00:00,2.71,
2023-06-09T00:00:00,2.65,
2023-06-10T00:00:00,2.61,
2023-06-11T00:00:00,2.54,
2023-06-12T00:00:00,2.44,
2023-06-13T00:00:00,2.36,
2023-06-14T00:00:00,2.28,
2023-06-15T00:00:00,2.15,
2023-06-16T00:00:00,2.07,
2023-06-17T00:00:00,1.99,
2023-06-18T00:00:00,1.96,
2023-06-19T00:00:00,1.91,
2023-06-20T00:00:00,1.87,
2023-06-21T00:00:00,1.84,
2023-06-22T00:00:00,1.79,
2023-06-23T00:00:00,1.76,
2023-06-24T00:00:00,1.73,
2023-06-25T00:00:00,1.71,
2023-06-26T00:00:00,1.7,
2023-06-27T00:00:00,1.69,
2023-06-28T00:00:00,1.67,
2023-06-29T00:00:00,1.67,
2023-06-30T00:00:00,1.66,
2023-07-01T00:00:00,1.7,
2023-07-02T00:00:00,1.8,
2023-07-03T00:00:00,1.87,
2023-07-04T00:00:00,2.04,
2023-07-05T00:00:00,2.31,
2023-07-06T00:00:00,2.36,
2023-07-07T00:00:00,2.43,
2023-07-08T00:00:00,2.57,
2023-07-09T00:00:00,2.68,
2023-07-10T00:00:00,2.86,
2023-07-11T00:00:00,2.83,
2023-07-12T00:00:00,2.7,
2023-07-13T00:00:00,2.57,
2023-07-14T00:00:00,2.43,
2023-07-15T00:00:00,2.31,
2023-07-16T00:00:00,2.13,
2023-07-17T00:00:00,2.01,
2023-07-18T00:00:00,1.95,
2023-07-19T00:00:00,1.87,
2023-07-20T00:00:00,1.8,
2023-07-21T00:00:00,1.75,
2023-07-22T00:00:00,1.7,
2023-07-23T00:00:00,1.65,
2023-07-24T00:00:00,1.61,
2023-07-25T00:00:00,1.63,
2023-07-26T00:00:00,1.68,
2023-07-27T00:00:00,1.85,
2023-07-28T00:00:00,1.97,
2023-07-29T00:00:00,2.01,
2023-07-30T00:00:00,2.04,
2023-07-31T00:00:00,2.02,
2023-08-01T00:00:00,2.02,
2023-08-02T00:00:00,2.01,
2023-08-03T00:00:00,2.0,
2023-08-04T00:00:00,2.02,
2023-08-05T00:00:00,2.01,
2023-08-06T00:00:00,1.99,
2023-08-07T00:00:00,1.96,
2023-08-08T00:00:00,1.94,
2023-08-09T00:00:00,1.91,
2023-08-10T00:00:00,1.83,
2023-08-11T00:00:00,1.76,
2023-08-12T00:00:00,1.68,
2023-08-13T00:00:00,1.61,
2023-08-14T00:00:00,1.54,
2023-08-15T00:00:00,1.49,
2023-08-16T00:00:00,1.43,
2023-08-17T00:00:00,1.39,
2023-08-18T00:00:00,1.35,
2023-08-19T00:00:00,1.33,
2023-08-20T00:00:00,1.31,
2023-08-21T00:00:00,1.27,
2023-08-22T00:00:00,1.26,
2023-08-23T00:00:00,1.25,
2023-08-24T00:00:00,1.28,
2023-08-25T00:00:00,1.31,
2023-08-26T00:00:00,1.36,
2023-08-27T00:00:00,1.38,
2023-08-28T00:00:00,1.38,
2023-08-29T00:00:00,1.42,
2023-08-30T00:00:00,1.42,
2023-08-31T00:00:00,1.61,
2023-09-01T00:00:00,1.85,
2023-09-02T00:00:00,1.98,
2023-09-03T00:00:00,2.11,
2023-09-04T00:00:00,2.16,
2023-09-05T00:00:00,2.15,
2023-09-06T00:00:00,2.12,
2023-09-07T00:00:00,2.04,
2023-09-08T00:00:00,1.98,
2023-09-09T00:00:00,1.96,
2023-09-10T00:00:00,1.92,
2023-09-11T00:00:00,1.87,
2023-09-12T00:00:00,1.83,
2023-09-13T00:00:00,1.81,
2023-09-14T00:00:00,1.97,
2023-09-15T00:00:00,2.28,
2023-09-16T00:00:00,2.45,
2023-09-17T00:00:00,2.54,
2023-09-18T00:00:00,2.58,
2023-09-19T00:00:00,2.58,
2023-09-20T00:00:00,2.59,
2023-09-21T00:00:00,2.62,
2023-09-22T00:00:00,2.67,
2023-09-23T00:00:00,2.74,
2023-09-24T00:00:00,2.79,
2023-09-25T00:00:00,2.87,
2023-09-26T00:00:00,2.9,
2023-09-27T00:00:00,2.86,
2023-09-28T00:00:00,2.79,
2023-09-29T00:00:00,2.75,
2023-09-30T00:00:00,2.87,
2023-10-01T00:00:00,3.64,
2023-10-02T00:00:00,3.84,
2023-10-03T00:00:00,3.79,
2023-10-04T00:00:00,4.39,
2023-10-05T00:00:00,6.71,
2023-10-06T00:00:00,7.23,
2023-10-07T00:00:00,9.78,
2023-10-08T00:00:00,14.7,
2023-10-09T00:00:00,15.52,
2023-10-10T00:00:00,14.14,
2023-10-11T00:00:00,13.46,
2023-10-12T00:00:00,13.81,
2023-10-13T00:00:00,13.66,
2023-10-14T00:00:00,13.17,
2023-10-15T00:00:00,13.73,
2023-10-16T00:00:00,13.58,
2023-10-17T00:00:00,12.77,
2023-10-18T00:00:00,11.56,
2023-10-19T00:00:00,10.46,
2023-10-20T00:00:00,9.56,
2023-10-21T00:00:00,8.82,
2023-10-22T00:00:00,8.05,
2023-10-23T00:00:00,7.42,
2023-10-24T00:00:00,7.14,
2023-10-25T00:00:00,6.83,
2023-10-26T00:00:00,6.53,
2023-10-27T00:00:00,6.23,
2023-10-28T00:00:00,5.98,
2023-10-29T00:00:00,5.68,
2023-10-30T00:00:00,5.32,
2023-10-31T00:00:00,4.94,
2023-11-01T00:00:00,6.43,
2023-11-02T00:00:00,9.55,
2023-11-03T00:00:00,10.25,
2023-11-04T00:00:00,10.27,
2023-11-05T00:00:00,10.57,
2023-11-06T00:00:00,10.69,
2023-11-07T00:00:00,12.41,
2023-11-08T00:00:00,13.55,
2023-11-09T00:00:00,13.55,
2023-11-10T00:00:00,13.48,
2023-11-11T00:00:00,14.45,
2023-11-12T00:00:00,15.51,
2023-11-13T00:00:00,16.61,
2023-11-14T00:00:00,16.6,
2023-11-15T00:00:00,15.87,
2023-11-16T00:00:00,14.95,
2023-11-17T00:00:00,13.97,
2023-11-18T00:00:00,12.66,
2023-11-19T00:00:00,11.25,
2023-11-20T00:00:00,10.11,
2023-11-21T00:00:00,9.45,
2023-11-22T00:00:00,8.69,
2023-11-23T00:00:00,8.08,
2023-11-24T00:00:00,7.86,
2023-11-25T00:00:00,7.69,
2023-11-26T00:00:00,7.21,
2023-11-27T00:00:00,6.86,
2023-11-28T00:00:00,6.5,
2023-11-29T00:00:00,6.35,
2023-11-30T00:00:00,6.31,
2023-12-01T00:00:00,6.25,
2023-12-02T00:00:00,6.22,
2023-12-03T00:00:00,6.1,
2023-12-04T00:00:00,5.95,
2023-12-05T00:00:00,5.81,
2023-12-06T00:00:00,,
2023-12-07T00:00:00,,
2023-12-08T00:00:00,,
2023-12-09T00:00:00,,
2023-12-10T00:00:00,,
2023-12-11T00:00:00,,
2023-12-12T00:00:00,,
2023-12-13T00:00:00,,
2023-12-14T00:00:00,,
2023-12-15T00:00:00,,
2023-12-16T00:00:00,,
2023-12-17T00:00:00,,
2023-12-18T00:00:00,,
2023-12-19T00:00:00,,
2023-12-20T00:00:00,,
2023-12-21T00:00:00,,
2023-12-22T00:00:00,,
2023-12-23T00:00:00,,
2023-12-24T00:00:00,,
2023-12-25T00:00:00,,
2023-12-26T00:00:00,,
2023-12-27T00:00:00,,
2023-12-28T00:00:00,,
2023-12-29T00:00:00,,
2023-12-30T00:00:00,,
2023-12-31T00:00:00,,
2024-01-01T00:00:00,,
2024-01-02T00:00:00,,
2024-01-03T00:00:00,,
2024-01-04T00:00:00,,
2024-01-05T00:00:00,,
2024-01-06T00:00:00,,
2024-01-07T00:00:00,,
2024-01-08T00:00:00,,
2024-01-09T00:00:00,,
2024-01-10T00:00:00,,
2024-01-11T00:00:00,,
2024-01-12T00:00:00,,
2024-01-13T00:00:00,,
2024-01-14T00:00:00,,
2024-01-15T00:00:00,,
2024-01-16T00:00:00,,
2024-01-17T00:00:00,,
2024-01-18T00:00:00,,
2024-01-19T00:00:00,,
2024-01-20T00:00:00,,
2024-01-21T00:00:00,,
2024-01-22T00:00:00,,
2024-01-23T00:00:00,,
2024-01-24T00:00:00,,
2024-01-25T00:00:00,,
2024-01-26T00:00:00,,
2024-01-27T00:00:00,,
2024-01-28T00:00:00,,
2024-01-29T00:00:00,,
2024-01-30T00:00:00,,
2024-01-31T00:00:00,,
2024-02-01T00:00:00,,
2024-02-02T00:00:00,,
2024-02-03T00:00:00,,
2024-02-04T00:00:00,,
2024-02-05T00:00:00,,
2024-02-06T00:00:00,,
2024-02-07T00:00:00,,
2024-02-08T00:00:00,,
2024-02-09T00:00:00,,
2024-02-10T00:00:00,,
2024-02-11T00:00:00,,
2024-02-12T00:00:00,,
2024-02-13T00:00:00,,
2024-02-14T00:00:00,,
2024-02-15T00:00:00,,
2024-02-16T00:00:00,,
2024-02-17T00:00:00,,
2024-02-18T00:00:00,,
2024-02-19T00:00:00,,
2024-02-20T00:00:00,,
2024-02-21T00:00:00,,
2024-02-22T00:00:00,,
2024-02-23T00:00:00,,
2024-02-24T00:00:00,,
2024-02-25T00:00:00,,
2024-02-26T00:00:00,,
2024-02-27T00:00:00,,
2024-02-28T00:00:00,,
2024-02-29T00:00:00,,
2024-03-01T00:00:00,,
2024-03-02T00:00:00,,
2024-03-03T00:00:00,,
2024-03-04T00:00:00,,
2024-03-05T00:00:00,,
2024-03-06T00:00:00,,
2024-03-07T00:00:00,,
2024-03-08T00:00:00,,
2024-03-09T00:00:00,,
2024-03-10T00:00:00,,
2024-03-11T00:00:00,,
2024-03-12T00:00:00,,
2024-03-13T00:00:00,,
2024-03-14T00:00:00,,
2024-03-15T00:00:00,,
2024-03-16T00:00:00,,
2024-03-17T00:00:00,,
2024-03-18T00:00:00,,
2024-03-19T00:00:00,,
2024-03-20T00:00:00,,
2024-03-21T00:00:00,,
2024-03-22T00:00:00,,
2024-03-23T00:00:00,,
2024-03-24T00:00:00,,
2024-03-25T00:00:00,,
2024-03-26T00:00:00,,
2024-03-27T00:00:00,,
2024-03-28T00:00:00,,
2024-03-29T00:00:00,,
2024-03-30T00:00:00,,
2024-03-31T00:00:00,,
2024-04-01T00:00:00,,
2024-04-02T00:00:00,,
2024-04-03T00:00:00,,
2024-04-04T00:00:00,,
2024-04-05T00:00:00,,
2024-04-06T00:00:00,,
2024-04-07T00:00:00,,
2024-04-08T00:00:00,,
2024-04-09T00:00:00,,
2024-04-10T00:00:00,,
2024-04-11T00:00:00,,
2024-04-12T00:00:00,,
2024-04-13T00:00:00,,
2024-04-14T00:00:00,,
2024-04-15T00:00:00,,
2024-04-16T00:00:00,,
2024-04-17T00:00:00,,
2024-04-18T00:00:00,,
2024-04-19T00:00:00,,
2024-04-20T00:00:00,,
2024-04-21T00:00:00,,
2024-04-22T00:00:00,,
2024-04-23T00:00:00,,
2024-04-24T00:00:00,,
2024-04-25T00:00:00,,
2024-04-26T00:00:00,,
2024-04-27T00:00:00,,
2024-04-28T00:00:00,,
2024-04-29T00:00:00,,
2024-04-30T00:00:00,,
2024-05-01T00:00:00,,
2024-05-02T00:00:00,,
2024-05-03T00:00:00,,
2024-05-04T00:00:00,,
2024-05-05T00:00:00,,
2024-05-06T00:00:00,,
2024-05-07T00:00:00,,
2024-05-08T00:00:00,,
2024-05-09T00:00:00,,
2024-05-10T00:00:00,,
2024-05-11T00:00:00,,
2024-05-12T00:00:00,,
2024-05-13T00:00:00,,
2024-05-14T00:00:00,,
2024-05-15T00:00:00,,
2024-05-16T00:00:00,,
2024-05-17T00:00:00,,
2024-05-18T00:00:00,,
2024-05-19T00:00:00,,
2024-05-20T00:00:00,,
2024-05-21T00:00:00,,
2024-05-22T00:00:00,,
2024-05-23T00:00:00,,
2024-05-24T00:00:00,,
2024-05-25T00:00:00,,
2024-05-26T00:00:00,,
2024-05-27T00:00:00,,
2024-05-28T00:00:00,,
2024-05-29T00:00:00,,
2024-05-30T00:00:00,,
2024-05-31T00:00:00,,
2024-06-01T00:00:00,,
2024-06-02T00:00:00,,
2024-06-03T00:00:00,,
2024-06-04T00:00:00,,
2024-06-05T00:00:00,,
2024-06-06T00:00:00,,
2024-06-07T00:00:00,,
2024-06-08T00:00:00,,
2024-06-09T00:00:00,,
2024-06-10T00:00:00,,
2024-06-11T00:00:00,,
2024-06-12T00:00:00,,
2024-06-13T00:00:00,,
2024-06-14T00:00:00,,
2024-06-15T00:00:00,,
2024-06-16T00:00:00,,
2024-06-17T00:00:00,,
2024-06-18T00:00:00,,
2024-06-19T00:00:00,,
2024-06-20T00:00:00,,
2024-06-21T00:00:00,,
2024-06-22T00:00:00,,
2024-06-23T00:00:00,,
2024-06-24T00:00:00,,
2024-06-25T00:00:00,,
2024-06-26T00:00:00,,
2024-06-27T00:00:00,,
2024-06-28T00:00:00,,
2024-06-29T00:00:00,,
2024-06-30T00:00:00,,
2024-07-01T00:00:00,,
2024-07-02T00:00:00,,
2024-07-03T00:00:00,,
2024-07-04T00:00:00,,
2024-07-05T00:00:00,,
2024-07-06T00:00:00,,
2024-07-07T00:00:00,,
2024-07-08T00:00:00,,
2024-07-09T00:00:00,,
2024-07-10T00:00:00,,
2024-07-11T00:00:00,,
2024-07-12T00:00:00,,
2024-07-13T00:00:00,,
2024-07-14T00:00:00,,
2024-07-15T00:00:00,,
2024-07-16T00:00:00,,
2024-07-17T00:00:00,,
2024-07-18T00:00:00,,
2024-07-19T00:00:00,,
2024-07-20T00:00:00,,
2024-07-21T00:00:00,,
2024-07-22T00:00:00,,
2024-07-23T00:00:00,,
2024-07-24T00:00:00,,
2024-07-25T00:00:00,,
2024-07-26T00:00:00,,
2024-07-27T00:00:00,,
2024-07-28T00:00:00,,
2024-07-29T00:00:00,,
2024-07-30T00:00:00,,
2024-07-31T00:00:00,,
2024-08-01T00:00:00,,
2024-08-02T00:00:00,,
2024-08-03T00:00:00,,
2024-08-04T00:00:00,,
2024-08-05T00:00:00,,
2024-08-06T00:00:00,,
2024-08-07T00:00:00,,
2024-08-08T00:00:00,,
2024-08-09T00:00:00,,
2024-08-10T00:00:00,,
2024-08-11T00:00:00,,
2024-08-12T00:00:00,,
2024-08-13T00:00:00,,
2024-08-14T00:00:00,,
2024-08-15T00:00:00,,
2024-08-16T00:00:00,,
2024-08-17T00:00:00,,
2024-08-18T00:00:00,,
2024-08-19T00:00:00,,
2024-08-20T00:00:00,,
2024-08-21T00:00:00,,
2024-08-22T00:00:00,,
2024-08-23T00:00:00,,
2024-08-24T00:00:00,,
2024-08-25T00:00:00,,
2024-08-26T00:00:00,,
2024-08-27T00:00:00,,
2024-08-28T00:00:00,,
2024-08-29T00:00:00,,
2024-08-30T00:00:00,,
2024-08-31T00:00:00,,
2024-09-01T00:00:00,,
2024-09-02T00:00:00,,
2024-09-03T00:00:00,,
2024-09-04T00:00:00,,
2024-09-05T00:00:00,,
2024-09-06T00:00:00,,
2024-09-07T00:00:00,,
2024-09-08T00:00:00,,
2024-09-09T00:00:00,,
2024-09-10T00:00:00,,
2024-09-11T00:00:00,,
2024-09-12T00:00:00,,
2024-09-13T00:00:00,,
2024-09-14T00:00:00,,
2024-09-15T00:00:00,,
2024-09-16T00:00:00,,
2024-09-17T00:00:00,,
2024-09-18T00:00:00,,
2024-09-19T00:00:00,,
2024-09-20T00:00:00,,
2024-09-21T00:00:00,,
2024-09-22T00:00:00,,
2024-09-23T00:00:00,,
2024-09-24T00:00:00,,
2024-09-25T00:00:00,,
2024-09-26T00:00:00,,
2024-09-27T00:00:00,,
2024-09-28T00:00:00,,
2024-09-29T00:00:00,,
2024-09-30T00:00:00,,
2024-10-01T00:00:00,,
2024-10-02T00:00:00,,
2024-10-03T00:00:00,,
2024-10-04T00:00:00,,
2024-10-05T00:00:00,,
2024-10-06T00:00:00,,
2024-10-07T00:00:00,,
2024-10-08T00:00:00,,
2024-10-09T00:00:00,,
2024-10-10T00:00:00,,
2024-10-11T00:00:00,,
2024-10-12T00:00:00,,
2024-10-13T00:00:00,,
2024-10-14T00:00:00,,
2024-10-15T00:00:00,,
2024-10-16T00:00:00,,
2024-10-17T00:00:00,,
2024-10-18T00:00:00,,
2024-10-19T00:00:00,,
2024-10-20T00:00:00,,
2024-10-21T00:00:00,,
2024-10-22T00:00:00,,
2024-10-23T00:00:00,,
2024-10-24T00:00:00,,
2024-10-25T00:00:00,,
2024-10-26T00:00:00,,
2024-10-27T00:00:00,,
2024-10-28T00:00:00,,
2024-10-29T00:00:00,,
2024-10-30T00:00:00,,
2024-10-31T00:00:00,,
2024-11-01T00:00:00,,
2024-11-02T00:00:00,,
2024-11-03T00:00:00,,
2024-11-04T00:00:00,,
2024-11-05T00:00:00,,
2024-11-06T00:00:00,,
2024-11-07T00:00:00,,
2024-11-08T00:00:00,,
2024-11-09T00:00:00,,
2024-11-10T00:00:00,,
2024-11-11T00:00:00,,
2024-11-12T00:00:00,,
2024-11-13T00:00:00,,
2024-11-14T00:00:00,,
2024-11-15T00:00:00,,
2024-11-16T00:00:00,,
2024-11-17T00:00:00,,
2024-11-18T00:00:00,,
2024-11-19T00:00:00,,
2024-11-20T00:00:00,,
2024-11-21T00:00:00,,
2024-11-22T00:00:00,,
2024-11-23T00:00:00,,
2024-11-24T00:00:00,,
2024-11-25T00:00:00,,
2024-11-26T00:00:00,,
2024-11-27T00:00:00,,
2024-11-28T00:00:00,,
2024-11-29T00:00:00,,
2024-11-30T00:00:00,,
2024-12-01T00:00:00,,
2024-12-02T00:00:00,,
2024-12-03T00:00:00,,
2024-12-04T00:00:00,,
2024-12-05T00:00:00,,
2024-12-06T00:00:00,,
2024-12-07T00:00:00,,
2024-12-08T00:00:00,,
2024-12-09T00:00:00,,
2024-12-10T00:00:00,,
2024-12-11T00:00:00,,
2024-12-12T00:00:00,,
2024-12-13T00:00:00,,
2024-12-14T00:00:00,,
2024-12-15T00:00:00,,
2024-12-16T00:00:00,,
2024-12-17T00:00:00,,
2024-12-18T00:00:00,,
2024-12-19T00:00:00,,
2024-12-20T00:00:00,,
2024-12-21T00:00:00,,
2024-12-22T00:00:00,,
2024-12-23T00:00:00,,
2024-12-24T00:00:00,,
2024-12-25T00:00:00,,
2024-12-26T00:00:00,,
2024-12-27T00:00:00,,
2024-12-28T00:00:00,,
2024-12-29T00:00:00,,
2024-12-30T00:00:00,,
2024-12-31T00:00:00,,
2025-01-01T00:00:00,,
2025-01-02T00:00:00,,
2025-01-03T00:00:00,,
2025-01-04T00:00:00,,
2025-01-05T00:00:00,,
2025-01-06T00:00:00,,
2025-01-07T00:00:00,,
2025-01-08T00:00:00,,
2025-01-09T00:00:00,,
2025-01-10T00:00:00,,
2025-01-11T00:00:00,,
2025-01-12T00:00:00,,
2025-01-13T00:00:00,,
2025-01-14T00:00:00,,
2025-01-15T00:00:00,,
2025-01-16T00:00:00,,
2025-01-17T00:00:00,,
2025-01-18T00:00:00,,
2025-01-19T00:00:00,,
2025-01-20T00:00:00,,
2025-01-21T00:00:00,,
2025-01-22T00:00:00,,
2025-01-23T00:00:00,,
2025-01-24T00:00:00,,
2025-01-25T00:00:00,,
2025-01-26T00:00:00,,
2025-01-27T00:00:00,,
2025-01-28T00:00:00,,
2025-01-29T00:00:00,,
2025-01-30T00:00:00,,
2025-01-31T00:00:00,,
2025-02-01T00:00:00,,
2025-02-02T00:00:00,,
2025-02-03T00:00:00,,
2025-02-04T00:00:00,,
2025-02-05T00:00:00,,
2025-02-06T00:00:00,,
2025-02-07T00:00:00,,
2025-02-08T00:00:00,,
2025-02-09T00:00:00,,
2025-02-10T00:00:00,,
2025-02-11T00:00:00,,
2025-02-12T00:00:00,,
2025-02-13T00:00:00,,
2025-02-14T00:00:00,,
2025-02-15T00:00:00,,
2025-02-16T00:00:00,,
2025-02-17T00:00:00,,
2025-02-18T00:00:00,,
2025-02-19T00:00:00,,
2025-02-20T00:00:00,,
2025-02-21T00:00:00,,
2025-02-22T00:00:00,,
2025-02-23T00:00:00,,
2025-02-24T00:00:00,,
2025-02-25T00:00:00,,
2025-02-26T00:00:00,,
2025-02-27T00:00:00,,
2025-02-28T00:00:00,,
2025-03-01T00:00:00,,
2025-03-02T00:00:00,,
2025-03-03T00:00:00,,
2025-03-04T00:00:00,,
2025-03-05T00:00:00,,
2025-03-06T00:00:00,,
2025-03-07T00:00:00,,
2025-03-08T00:00:00,,
2025-03-09T00:00:00,,
2025-03-10T00:00:00,,
2025-03-11T00:00:00,,
2025-03-12T00:00:00,,
2025-03-13T00:00:00,,
2025-03-14T00:00:00,,
2025-03-15T00:00:00,,
2025-03-16T00:00:00,,
2025-03-17T00:00:00,,
2025-03-18T00:00:00,,
2025-03-19T00:00:00,,
2025-03-20T00:00:00,,
2025-03-21T00:00:00,,
2025-03-22T00:00:00,,
2025-03-23T00:00:00,,
2025-03-24T00:00:00,,
2025-03-25T00:00:00,,
2025-03-26T00:00:00,,
2025-03-27T00:00:00,,
2025-03-28T00:00:00,,
2025-03-29T00:00:00,,
2025-03-30T00:00:00,,
2025-03-31T00:00:00,,
2025-04-01T00:00:00,,
2025-04-02T00:00:00,,
2025-04-03T00:00:00,,
2025-04-04T00:00:00,,
2025-04-05T00:00:00,,
2025-04-06T00:00:00,,
2025-04-07T00:00:00,,
2025-04-08T00:00:00,,
2025-04-09T00:00:00,,
2025-04-10T00:00:00,,
2025-04-11T00:00:00,,
2025-04-12T00:00:00,,
2025-04-13T00:00:00,,
2025-04-14T00:00:00,,
2025-04-15T00:00:00,,
2025-04-16T00:00:00,,
2025-04-17T00:00:00,,
2025-04-18T00:00:00,,
2025-04-19T00:00:00,,
2025-04-20T00:00:00,,
2025-04-21T00:00:00,,
2025-04-22T00:00:00,,
2025-04-23T00:00:00,,
2025-04-24T00:00:00,,
2025-04-25T00:00:00,,
2025-04-26T00:00:00,,
2025-04-27T00:00:00,,
2025-04-28T00:00:00,,
2025-04-29T00:00:00,,
2025-04-30T00:00:00,,
2025-05-01T00:00:00,,
2025-05-02T00:00:00,,
2025-05-03T00:00:00,,
2025-05-04T00:00:00,,
2025-05-05T00:00:00,,
2025-05-06T00:00:00,,
2025-05-07T00:00:00,,
2025-05-08T00:00:00,,
2025-05-09T00:00:00,,
2025-05-10T00:00:00,,
2025-05-11T00:00:00,,
2025-05-12T00:00:00,,
2025-05-13T00:00:00,,
2025-05-14T00:00:00,,
2025-05-15T00:00:00,,
2025-05-16T00:00:00,,
2025-05-17T00:00:00,,
2025-05-18T00:00:00,,
2025-05-19T00:00:00,,
2025-05-20T00:00:00,,
2025-05-21T00:00:00,,
2025-05-22T00:00:00,,
2025-05-23T00:00:00,,
2025-05-24T00:00:00,,
2025-05-25T00:00:00,,
2025-05-26T00:00:00,,
2025-05-27T00:00:00,,
2025-05-28T00:00:00,,
2025-05-29T00:00:00,,
2025-05-30T00:00:00,,
2025-05-31T00:00:00,,
2025-06-01T00:00:00,,
2025-06-02T00:00:00,,
2025-06-03T00:00:00,,
2025-06-04T00:00:00,,
2025-06-05T00:00:00,,
2025-06-06T00:00:00,,
2025-06-07T00:00:00,,
2025-06-08T00:00:00,,
2025-06-09T00:00:00,,
2025-06-10T00:00:00,,
2025-06-11T00:00:00,,
2025-06-12T00:00:00,,
2025-06-13T00:00:00,,
2025-06-14T00:00:00,,
2025-06-15T00:00:00,,
2025-06-16T00:00:00,,
2025-06-17T00:00:00,,
2025-06-18T00:00:00,,
2025-06-19T00:00:00,,
2025-06-20T00:00:00,,
2025-06-21T00:00:00,,
2025-06-22T00:00:00,,
2025-06-23T00:00:00,,
2025-06-24T00:00:00,,
2025-06-25T00:00:00,,
2025-06-26T00:00:00,,
2025-06-27T00:00:00,,
2025-06-28T00:00:00,,
2025-06-29T00:00:00,,
2025-06-30T00:00:00,,
2025-07-01T00:00:00,,
2025-07-02T00:00:00,,
2025-07-03T00:00:00,,
2025-07-04T00:00:00,,
2025-07-05T00:00:00,,
2025-07-06T00:00:00,,
2025-07-07T00:00:00,,
2025-07-08T00:00:00,,
2025-07-09T00:00:00,,
2025-07-10T00:00:00,,
2025-07-11T00:00:00,,
2025-07-12T00:00:00,,
2025-07-13T00:00:00,,
2025-07-14T00:00:00,,
2025-07-15T00:00:00,,
2025-07-16T00:00:00,,
2025-07-17T00:00:00,,
2025-07-18T00:00:00,,
2025-07-19T00:00:00,,
2025-07-20T00:00:00,,
2025-07-21T00:00:00,,
2025-07-22T00:00:00,,
2025-07-23T00:00:00,,
2025-07-24T00:00:00,,
2025-07-25T00:00:00,,
2025-07-26T00:00:00,,
2025-07-27T00:00:00,,
2025-07-28T00:00:00,,
2025-07-29T00:00:00,,
2025-07-30T00:00:00,,
2025-07-31T00:00:00,,
2025-08-01T00:00:00,,
2025-08-02T00:00:00,,
2025-08-03T00:00:00,,
2025-08-04T00:00:00,,
2025-08-05T00:00:00,,
2025-08-06T00:00:00,,
2025-08-07T00:00:00,,
2025-08-08T00:00:00,,
2025-08-09T00:00:00,,
2025-08-10T00:00:00,,
2025-08-11T00:00:00,,
2025-08-12T00:00:00,,
2025-08-13T00:00:00,,
2025-08-14T00:00:00,,
2025-08-15T00:00:00,,
2025-08-16T00:00:00,,
2025-08-17T00:00:00,,
2025-08-18T00:00:00,,
2025-08-19T00:00:00,,
2025-08-20T00:00:00,,
2025-08-21T00:00:00,,
2025-08-22T00:00:00,,
2025-08-23T00:00:00,,
2025-08-24T00:00:00,,
2025-08-25T00:00:00,,
2025-08-26T00:00:00,,
2025-08-27T00:00:00,,
2025-08-28T00:00:00,,
2025-08-29T00:00:00,,
2025-08-30T00:00:00,,
2025-08-31T00:00:00,,
2025-09-01T00:00:00,,
2025-09-02T00:00:00,,
2025-09-03T00:00:00,,
2025-09-04T00:00:00,,
2025-09-05T00:00:00,,
2025-09-06T00:00:00,,
2025-09-07T00:00:00,,
2025-09-08T00:00:00,,
2025-09-09T00:00:00,,
2025-09-10T00:00:00,,
2025-09-11T00:00:00,,
2025-09-12T00:00:00,,
2025-09-13T00:00:00,,
2025-09-14T00:00:00,,
2025-09-15T00:00:00,,
2025-09-16T00:00:00,,
2025-09-17T00:00:00,,
2025-09-18T00:00:00,,
2025-09-19T00:00:00,,
2025-09-20T00:00:00,,
2025-09-21T00:00:00,,
2025-09-22T00:00:00,,
2025-09-23T00:00:00,,
2025-09-24T00:00:00,,
2025-09-25T00:00:00,,
2025-09-26T00:00:00,,
2025-09-27T00:00:00,,
2025-09-28T00:00:00,,
2025-09-29T00:00:00,,
2025-09-30T00:00:00,,
2025-10-01T00:00:00,,
2025-10-02T00:00:00,,
2025-10-03T00:00:00,,
2025-10-04T00:00:00,,
2025-10-05T00:00:00,,
2025-10-06T00:00:00,,
2025-10-07T00:00:00,,
2025-10-08T00:00:00,,
2025-10-09T00:00:00,,
2025-10-10T00:00:00,,
2025-10-11T00:00:00,,
2025-10-12T00:00:00,,
2025-10-13T00:00:00,,
2025-10-14T00:00:00,,
2025-10-15T00:00:00,,
2025-10-16T00:00:00,,
2025-10-17T00:00:00,,
2025-10-18T00:00:00,,
2025-10-19T00:00:00,,
2025-10-20T00:00:00,,
2025-10-21T00:00:00,,
2025-10-22T00:00:00,,
2025-10-23T00:00:00,,
2025-10-24T00:00:00,,
2025-10-25T00:00:00,,
2025-10-26T00:00:00,,
2025-10-27T00:00:00,,
2025-10-28T00:00:00,,
2025-10-29T00:00:00,,
2025-10-30T00:00:00,,
2025-10-31T00:00:00,,
2025-11-01T00:00:00,,
2025-11-02T00:00:00,,
2025-11-03T00:00:00,,
2025-11-04T00:00:00,,
2025-11-05T00:00:00,,
2025-11-06T00:00:00,,
2025-11-07T00:00:00,,
2025-11-08T00:00:00,,
2025-11-09T00:00:00,,
2025-11-10T00:00:00,,
2025-11-11T00:00:00,,
2025-11-12T00:00:00,,
2025-11-13T00:00:00,,
2025-11-14T00:00:00,,
2025-11-15T00:00:00,,
2025-11-16T00:00:00,,
2025-11-17T00:00:00,,
2025-11-18T00:00:00,,
2025-11-19T00:00:00,,
2025-11-20T00:00:00,,
2025-11-21T00:00:00,,
2025-11-22T00:00:00,,
2025-11-23T00:00:00,,
2025-11-24T00:00:00,,
2025-11-25T00:00:00,,
2025-11-26T00:00:00,,
2025-11-27T00:00:00,,
2025-11-28T00:00:00,,
2025-11-29T00:00:00,,
2025-11-30T00:00:00,,
2025-12-01T00:00:00,,
2025-12-02T00:00:00,,
2025-12-03T00:00:00,,
2025-12-04T00:00:00,,
2025-12-05T00:00:00,,
2025-12-06T00:00:00,,
2025-12-07T00:00:00,,
2025-12-08T00:00:00,,
2025-12-09T00:00:00,,
2025-12-10T00:00:00,,
2025-12-11T00:00:00,,
2025-12-12T00:00:00,,
2025-12-13T00:00:00,,
2025-12-14T00:00:00,,
2025-12-15T00:00:00,,
2025-12-16T00:00:00,,
2025-12-17T00:00:00,,
2025-12-18T00:00:00,,
2025-12-19T00:00:00,,
2025-12-20T00:00:00,,
2025-12-21T00:00:00,,
2025-12-22T00:00:00,,
2025-12-23T00:00:00,,
2025-12-24T00:00:00,,
2025-12-25T00:00:00,,
2025-12-26T00:00:00,,
2025-12-27T00:00:00,,
2025-12-28T00:00:00,,
2025-12-29T00:00:00,,
2025-12-30T00:00:00,,
2025-12-31T00:00:00,,
